timestamp,right_raw_matrix_00,right_raw_matrix_01,right_raw_matrix_02,right_raw_matrix_03,right_raw_matrix_10,right_raw_matrix_11,right_raw_matrix_12,right_raw_matrix_13,right_raw_matrix_20,right_raw_matrix_21,right_raw_matrix_22,right_raw_matrix_23,right_raw_matrix_30,right_raw_matrix_31,right_raw_matrix_32,right_raw_matrix_33,left_raw_matrix_00,left_raw_matrix_01,left_raw_matrix_02,left_raw_matrix_03,left_raw_matrix_10,left_raw_matrix_11,left_raw_matrix_12,left_raw_matrix_13,left_raw_matrix_20,left_raw_matrix_21,left_raw_matrix_22,left_raw_matrix_23,left_raw_matrix_30,left_raw_matrix_31,left_raw_matrix_32,left_raw_matrix_33
0.0,0.8712410722429512,0.4906524206074935,0.014113687999931773,0.20179371535778046,-0.48182423760805376,0.8493675014921098,0.21545359468448858,0.13955211639404297,0.09372511984718897,-0.19451233781191715,0.9764120812180542,0.8338801860809326,0.0,0.0,0.0,1.0,0.1428568959236145,0.95332115888595581,0.26602789759635925,-0.16510511934757233,0.97102946043014526,-0.18701913952827454,0.1487477570772171,0.2037380039691925,0.19155667722225189,0.23707127571105957,-0.95241981744766235,0.8283536434173584,0,0,0,1
0.03333333333333333,0.8712410722429512,0.4906524206074935,0.014113687999931773,0.20179371535778046,-0.48182423760805376,0.8493675014921098,0.21545359468448858,0.13955211639404297,0.09372511984718897,-0.19451233781191715,0.9764120812180542,0.8338801860809326,0.0,0.0,0.0,1.0,0.1428568959236145,0.95332115888595581,0.26602789759635925,-0.16510511934757233,0.97102946043014526,-0.18701913952827454,0.1487477570772171,0.2037380039691925,0.19155667722225189,0.23707127571105957,-0.95241981744766235,0.8283536434173584,0,0,0,1
0.06666666666666667,0.8712410722429512,0.4906524206074935,0.014113687999931773,0.20179371535778046,-0.48182423760805376,0.8493675014921098,0.21545359468448858,0.13955211639404297,0.09372511984718897,-0.19451233781191715,0.9764120812180542,0.8338801860809326,0.0,0.0,0.0,1.0,0.1428568959236145,0.95332115888595581,0.26602789759635925,-0.16510511934757233,0.97102946043014526,-0.18701913952827454,0.1487477570772171,0.2037380039691925,0.19155667722225189,0.23707127571105957,-0.95241981744766235,0.8283536434173584,0,0,0,1
0.1,0.8712410722429512,0.4906524206074935,0.014113687999931773,0.20179371535778046,-0.48182423760805376,0.8493675014921098,0.21545359468448858,0.13955211639404297,0.09372511984718897,-0.19451233781191715,0.9764120812180542,0.8338801860809326,0.0,0.0,0.0,1.0,0.1428568959236145,0.95332115888595581,0.26602789759635925,-0.16510511934757233,0.97102946043014526,-0.18701913952827454,0.1487477570772171,0.2037380039691925,0.19155667722225189,0.23707127571105957,-0.95241981744766235,0.8283536434173584,0,0,0,1
0.13333333333333333,0.8712410722429512,0.4906524206074935,0.014113687999931773,0.20179371535778046,-0.48182423760805376,0.8493675014921098,0.21545359468448858,0.13955211639404297,0.09372511984718897,-0.19451233781191715,0.9764120812180542,0.8338801860809326,0.0,0.0,0.0,1.0,0.1428568959236145,0.95332115888595581,0.26602789759635925,-0.16510511934757233,0.97102946043014526,-0.18701913952827454,0.1487477570772171,0.2037380039691925,0.19155667722225189,0.23707127571105957,-0.95241981744766235,0.8283536434173584,0,0,0,1
0.16666666666666666,0.8712410722429512,0.4906524206074935,0.014113687999931773,0.20179371535778046,-0.48182423760805376,0.8493675014921098,0.21545359468448858,0.13955211639404297,0.09372511984718897,-0.19451233781191715,0.9764120812180542,0.8338801860809326,0.0,0.0,0.0,1.0,0.1428568959236145,0.95332115888595581,0.26602789759635925,-0.16510511934757233,0.97102946043014526,-0.18701913952827454,0.1487477570772171,0.2037380039691925,0.19155667722225189,0.23707127571105957,-0.95241981744766235,0.8283536434173584,0,0,0,1
0.2,0.8712410722429512,0.4906524206074935,0.014113687999931773,0.20179371535778046,-0.48182423760805376,0.8493675014921098,0.21545359468448858,0.13955211639404297,0.09372511984718897,-0.19451233781191715,0.9764120812180542,0.8338801860809326,0.0,0.0,0.0,1.0,0.1428568959236145,0.95332115888595581,0.26602789759635925,-0.16510511934757233,0.97102946043014526,-0.18701913952827454,0.1487477570772171,0.2037380039691925,0.19155667722225189,0.23707127571105957,-0.95241981744766235,0.8283536434173584,0,0,0,1
0.23333333333333334,0.8712410722429512,0.4906524206074935,0.014113687999931773,0.20179371535778046,-0.48182423760805376,0.8493675014921098,0.21545359468448858,0.13955211639404297,0.09372511984718897,-0.19451233781191715,0.9764120812180542,0.8338801860809326,0.0,0.0,0.0,1.0,0.1428568959236145,0.95332115888595581,0.26602789759635925,-0.16510511934757233,0.97102946043014526,-0.18701913952827454,0.1487477570772171,0.2037380039691925,0.19155667722225189,0.23707127571105957,-0.95241981744766235,0.8283536434173584,0,0,0,1
0.26666666666666666,0.8712410722429512,0.4906524206074935,0.014113687999931773,0.20179371535778046,-0.48182423760805376,0.8493675014921098,0.21545359468448858,0.13955211639404297,0.09372511984718897,-0.19451233781191715,0.9764120812180542,0.8338801860809326,0.0,0.0,0.0,1.0,0.1428568959236145,0.95332115888595581,0.26602789759635925,-0.16510511934757233,0.97102946043014526,-0.18701913952827454,0.1487477570772171,0.2037380039691925,0.19155667722225189,0.23707127571105957,-0.95241981744766235,0.8283536434173584,0,0,0,1
0.3,0.8712410722429512,0.4906524206074935,0.014113687999931773,0.20179371535778046,-0.48182423760805376,0.8493675014921098,0.21545359468448858,0.13955211639404297,0.09372511984718897,-0.19451233781191715,0.9764120812180542,0.8338801860809326,0.0,0.0,0.0,1.0,0.1428568959236145,0.95332115888595581,0.26602789759635925,-0.16510511934757233,0.97102946043014526,-0.18701913952827454,0.1487477570772171,0.2037380039691925,0.19155667722225189,0.23707127571105957,-0.95241981744766235,0.8283536434173584,0,0,0,1
0.3333333333333333,0.8712410722429512,0.4906524206074935,0.014113687999931773,0.20179371535778046,-0.48182423760805376,0.8493675014921098,0.21545359468448858,0.13955211639404297,0.09372511984718897,-0.19451233781191715,0.9764120812180542,0.8338801860809326,0.0,0.0,0.0,1.0,0.1428568959236145,0.95332115888595581,0.26602789759635925,-0.16510511934757233,0.97102946043014526,-0.18701913952827454,0.1487477570772171,0.2037380039691925,0.19155667722225189,0.23707127571105957,-0.95241981744766235,0.8283536434173584,0,0,0,1
0.36666666666666664,0.8712410722429512,0.4906524206074935,0.014113687999931773,0.20179371535778046,-0.48182423760805376,0.8493675014921098,0.21545359468448858,0.13955211639404297,0.09372511984718897,-0.19451233781191715,0.9764120812180542,0.8338801860809326,0.0,0.0,0.0,1.0,0.1428568959236145,0.95332115888595581,0.26602789759635925,-0.16510511934757233,0.97102946043014526,-0.18701913952827454,0.1487477570772171,0.2037380039691925,0.19155667722225189,0.23707127571105957,-0.95241981744766235,0.8283536434173584,0,0,0,1
0.4,0.8712410722429512,0.4906524206074935,0.014113687999931773,0.20179371535778046,-0.48182423760805376,0.8493675014921098,0.21545359468448858,0.13955211639404297,0.09372511984718897,-0.19451233781191715,0.9764120812180542,0.8338801860809326,0.0,0.0,0.0,1.0,0.1428568959236145,0.95332115888595581,0.26602789759635925,-0.16510511934757233,0.97102946043014526,-0.18701913952827454,0.1487477570772171,0.2037380039691925,0.19155667722225189,0.23707127571105957,-0.95241981744766235,0.8283536434173584,0,0,0,1
0.43333333333333335,0.8712410722429512,0.4906524206074935,0.014113687999931773,0.20179371535778046,-0.48182423760805376,0.8493675014921098,0.21545359468448858,0.13955211639404297,0.09372511984718897,-0.19451233781191715,0.9764120812180542,0.8338801860809326,0.0,0.0,0.0,1.0,0.1428568959236145,0.95332115888595581,0.26602789759635925,-0.16510511934757233,0.97102946043014526,-0.18701913952827454,0.1487477570772171,0.2037380039691925,0.19155667722225189,0.23707127571105957,-0.95241981744766235,0.8283536434173584,0,0,0,1
0.4666666666666667,0.8712410722429512,0.4906524206074935,0.014113687999931773,0.20179371535778046,-0.48182423760805376,0.8493675014921098,0.21545359468448858,0.13955211639404297,0.09372511984718897,-0.19451233781191715,0.9764120812180542,0.8338801860809326,0.0,0.0,0.0,1.0,0.1428568959236145,0.95332115888595581,0.26602789759635925,-0.16510511934757233,0.97102946043014526,-0.18701913952827454,0.1487477570772171,0.2037380039691925,0.19155667722225189,0.23707127571105957,-0.95241981744766235,0.8283536434173584,0,0,0,1
0.5,0.8712410722429512,0.4906524206074935,0.014113687999931773,0.20179371535778046,-0.48182423760805376,0.8493675014921098,0.21545359468448858,0.13955211639404297,0.09372511984718897,-0.19451233781191715,0.9764120812180542,0.8338801860809326,0.0,0.0,0.0,1.0,0.1428568959236145,0.95332115888595581,0.26602789759635925,-0.16510511934757233,0.97102946043014526,-0.18701913952827454,0.1487477570772171,0.2037380039691925,0.19155667722225189,0.23707127571105957,-0.95241981744766235,0.8283536434173584,0,0,0,1
0.5333333333333333,0.8712410722429512,0.4906524206074935,0.014113687999931773,0.20179371535778046,-0.48182423760805376,0.8493675014921098,0.21545359468448858,0.13955211639404297,0.09372511984718897,-0.19451233781191715,0.9764120812180542,0.8338801860809326,0.0,0.0,0.0,1.0,0.1428568959236145,0.95332115888595581,0.26602789759635925,-0.16510511934757233,0.97102946043014526,-0.18701913952827454,0.1487477570772171,0.2037380039691925,0.19155667722225189,0.23707127571105957,-0.95241981744766235,0.8283536434173584,0,0,0,1
0.5666666666666667,0.8712410722429512,0.4906524206074935,0.014113687999931773,0.20179371535778046,-0.48182423760805376,0.8493675014921098,0.21545359468448858,0.13955211639404297,0.09372511984718897,-0.19451233781191715,0.9764120812180542,0.8338801860809326,0.0,0.0,0.0,1.0,0.1428568959236145,0.95332115888595581,0.26602789759635925,-0.16510511934757233,0.97102946043014526,-0.18701913952827454,0.1487477570772171,0.2037380039691925,0.19155667722225189,0.23707127571105957,-0.95241981744766235,0.8283536434173584,0,0,0,1
0.6,0.8712410722429512,0.4906524206074935,0.014113687999931773,0.20179371535778046,-0.48182423760805376,0.8493675014921098,0.21545359468448858,0.13955211639404297,0.09372511984718897,-0.19451233781191715,0.9764120812180542,0.8338801860809326,0.0,0.0,0.0,1.0,0.1428568959236145,0.95332115888595581,0.26602789759635925,-0.16510511934757233,0.97102946043014526,-0.18701913952827454,0.1487477570772171,0.2037380039691925,0.19155667722225189,0.23707127571105957,-0.95241981744766235,0.8283536434173584,0,0,0,1
0.6333333333333333,0.8712410722429512,0.4906524206074935,0.014113687999931773,0.20179371535778046,-0.48182423760805376,0.8493675014921098,0.21545359468448858,0.13955211639404297,0.09372511984718897,-0.19451233781191715,0.9764120812180542,0.8338801860809326,0.0,0.0,0.0,1.0,0.1428568959236145,0.95332115888595581,0.26602789759635925,-0.16510511934757233,0.97102946043014526,-0.18701913952827454,0.1487477570772171,0.2037380039691925,0.19155667722225189,0.23707127571105957,-0.95241981744766235,0.8283536434173584,0,0,0,1
0.6666666666666666,0.8712410722429512,0.4906524206074935,0.014113687999931773,0.20179371535778046,-0.48182423760805376,0.8493675014921098,0.21545359468448858,0.13955211639404297,0.09372511984718897,-0.19451233781191715,0.9764120812180542,0.8338801860809326,0.0,0.0,0.0,1.0,0.1428568959236145,0.95332115888595581,0.26602789759635925,-0.16510511934757233,0.97102946043014526,-0.18701913952827454,0.1487477570772171,0.2037380039691925,0.19155667722225189,0.23707127571105957,-0.95241981744766235,0.8283536434173584,0,0,0,1
0.7,0.8712410722429512,0.4906524206074935,0.014113687999931773,0.20179371535778046,-0.48182423760805376,0.8493675014921098,0.21545359468448858,0.13955211639404297,0.09372511984718897,-0.19451233781191715,0.9764120812180542,0.8338801860809326,0.0,0.0,0.0,1.0,0.1428568959236145,0.95332115888595581,0.26602789759635925,-0.16510511934757233,0.97102946043014526,-0.18701913952827454,0.1487477570772171,0.2037380039691925,0.19155667722225189,0.23707127571105957,-0.95241981744766235,0.8283536434173584,0,0,0,1
0.7333333333333333,0.8712410722429512,0.4906524206074935,0.014113687999931773,0.20179371535778046,-0.48182423760805376,0.8493675014921098,0.21545359468448858,0.13955211639404297,0.09372511984718897,-0.19451233781191715,0.9764120812180542,0.8338801860809326,0.0,0.0,0.0,1.0,0.1428568959236145,0.95332115888595581,0.26602789759635925,-0.16510511934757233,0.97102946043014526,-0.18701913952827454,0.1487477570772171,0.2037380039691925,0.19155667722225189,0.23707127571105957,-0.95241981744766235,0.8283536434173584,0,0,0,1
0.7666666666666667,0.8712410722429512,0.4906524206074935,0.014113687999931773,0.20179371535778046,-0.48182423760805376,0.8493675014921098,0.21545359468448858,0.13955211639404297,0.09372511984718897,-0.19451233781191715,0.9764120812180542,0.8338801860809326,0.0,0.0,0.0,1.0,0.1428568959236145,0.95332115888595581,0.26602789759635925,-0.16510511934757233,0.97102946043014526,-0.18701913952827454,0.1487477570772171,0.2037380039691925,0.19155667722225189,0.23707127571105957,-0.95241981744766235,0.8283536434173584,0,0,0,1
0.8,0.8712410722429512,0.4906524206074935,0.014113687999931773,0.20179371535778046,-0.48182423760805376,0.8493675014921098,0.21545359468448858,0.13955211639404297,0.09372511984718897,-0.19451233781191715,0.9764120812180542,0.8338801860809326,0.0,0.0,0.0,1.0,0.1428568959236145,0.95332115888595581,0.26602789759635925,-0.16510511934757233,0.97102946043014526,-0.18701913952827454,0.1487477570772171,0.2037380039691925,0.19155667722225189,0.23707127571105957,-0.95241981744766235,0.8283536434173584,0,0,0,1
0.8333333333333334,0.8712410722429512,0.4906524206074935,0.014113687999931773,0.20179371535778046,-0.48182423760805376,0.8493675014921098,0.21545359468448858,0.13955211639404297,0.09372511984718897,-0.19451233781191715,0.9764120812180542,0.8338801860809326,0.0,0.0,0.0,1.0,0.1428568959236145,0.95332115888595581,0.26602789759635925,-0.16510511934757233,0.97102946043014526,-0.18701913952827454,0.1487477570772171,0.2037380039691925,0.19155667722225189,0.23707127571105957,-0.95241981744766235,0.8283536434173584,0,0,0,1
0.8666666666666667,0.8712410722429512,0.4906524206074935,0.014113687999931773,0.20179371535778046,-0.48182423760805376,0.8493675014921098,0.21545359468448858,0.13955211639404297,0.09372511984718897,-0.19451233781191715,0.9764120812180542,0.8338801860809326,0.0,0.0,0.0,1.0,0.1428568959236145,0.95332115888595581,0.26602789759635925,-0.16510511934757233,0.97102946043014526,-0.18701913952827454,0.1487477570772171,0.2037380039691925,0.19155667722225189,0.23707127571105957,-0.95241981744766235,0.8283536434173584,0,0,0,1
0.9,0.8712410722429512,0.4906524206074935,0.014113687999931773,0.20179371535778046,-0.48182423760805376,0.8493675014921098,0.21545359468448858,0.13955211639404297,0.09372511984718897,-0.19451233781191715,0.9764120812180542,0.8338801860809326,0.0,0.0,0.0,1.0,0.1428568959236145,0.95332115888595581,0.26602789759635925,-0.16510511934757233,0.97102946043014526,-0.18701913952827454,0.1487477570772171,0.2037380039691925,0.19155667722225189,0.23707127571105957,-0.95241981744766235,0.8283536434173584,0,0,0,1
0.9333333333333333,0.8712410722429512,0.4906524206074935,0.014113687999931773,0.20179371535778046,-0.48182423760805376,0.8493675014921098,0.21545359468448858,0.13955211639404297,0.09372511984718897,-0.19451233781191715,0.9764120812180542,0.8338801860809326,0.0,0.0,0.0,1.0,0.1428568959236145,0.95332115888595581,0.26602789759635925,-0.16510511934757233,0.97102946043014526,-0.18701913952827454,0.1487477570772171,0.2037380039691925,0.19155667722225189,0.23707127571105957,-0.95241981744766235,0.8283536434173584,0,0,0,1
0.9666666666666667,0.8712410722429512,0.4906524206074935,0.014113687999931773,0.20179371535778046,-0.48182423760805376,0.8493675014921098,0.21545359468448858,0.13955211639404297,0.09372511984718897,-0.19451233781191715,0.9764120812180542,0.8338801860809326,0.0,0.0,0.0,1.0,0.1428568959236145,0.95332115888595581,0.26602789759635925,-0.16510511934757233,0.97102946043014526,-0.18701913952827454,0.1487477570772171,0.2037380039691925,0.19155667722225189,0.23707127571105957,-0.95241981744766235,0.8283536434173584,0,0,0,1
1.0,0.8712410722429512,0.4906524206074935,0.014113687999931773,0.20179371535778046,-0.48182423760805376,0.8493675014921098,0.21545359468448858,0.13955211639404297,0.09372511984718897,-0.19451233781191715,0.9764120812180542,0.8338801860809326,0.0,0.0,0.0,1.0,0.1428568959236145,0.95332115888595581,0.26602789759635925,-0.16510511934757233,0.97102946043014526,-0.18701913952827454,0.1487477570772171,0.2037380039691925,0.19155667722225189,0.23707127571105957,-0.95241981744766235,0.8283536434173584,0,0,0,1
1.0333333333333334,0.8712410722429512,0.4906524206074935,0.014113687999931773,0.20179371535778046,-0.48182423760805376,0.8493675014921098,0.21545359468448858,0.13955211639404297,0.09372511984718897,-0.19451233781191715,0.9764120812180542,0.8338801860809326,0.0,0.0,0.0,1.0,0.1428568959236145,0.95332115888595581,0.26602789759635925,-0.16510511934757233,0.97102946043014526,-0.18701913952827454,0.1487477570772171,0.2037380039691925,0.19155667722225189,0.23707127571105957,-0.95241981744766235,0.8283536434173584,0,0,0,1
1.0666666666666667,0.8712410722429512,0.4906524206074935,0.014113687999931773,0.20179371535778046,-0.48182423760805376,0.8493675014921098,0.21545359468448858,0.13955211639404297,0.09372511984718897,-0.19451233781191715,0.9764120812180542,0.8338801860809326,0.0,0.0,0.0,1.0,0.1428568959236145,0.95332115888595581,0.26602789759635925,-0.16510511934757233,0.97102946043014526,-0.18701913952827454,0.1487477570772171,0.2037380039691925,0.19155667722225189,0.23707127571105957,-0.95241981744766235,0.8283536434173584,0,0,0,1
1.1,0.8712410722429512,0.4906524206074935,0.014113687999931773,0.20179371535778046,-0.48182423760805376,0.8493675014921098,0.21545359468448858,0.13955211639404297,0.09372511984718897,-0.19451233781191715,0.9764120812180542,0.8338801860809326,0.0,0.0,0.0,1.0,0.1428568959236145,0.95332115888595581,0.26602789759635925,-0.16510511934757233,0.97102946043014526,-0.18701913952827454,0.1487477570772171,0.2037380039691925,0.19155667722225189,0.23707127571105957,-0.95241981744766235,0.8283536434173584,0,0,0,1
1.1333333333333333,0.8712410722429512,0.4906524206074935,0.014113687999931773,0.20179371535778046,-0.48182423760805376,0.8493675014921098,0.21545359468448858,0.13955211639404297,0.09372511984718897,-0.19451233781191715,0.9764120812180542,0.8338801860809326,0.0,0.0,0.0,1.0,0.1428568959236145,0.95332115888595581,0.26602789759635925,-0.16510511934757233,0.97102946043014526,-0.18701913952827454,0.1487477570772171,0.2037380039691925,0.19155667722225189,0.23707127571105957,-0.95241981744766235,0.8283536434173584,0,0,0,1
1.1666666666666667,0.8712410722429512,0.4906524206074935,0.014113687999931773,0.20179371535778046,-0.48182423760805376,0.8493675014921098,0.21545359468448858,0.13955211639404297,0.09372511984718897,-0.19451233781191715,0.9764120812180542,0.8338801860809326,0.0,0.0,0.0,1.0,0.1428568959236145,0.95332115888595581,0.26602789759635925,-0.16510511934757233,0.97102946043014526,-0.18701913952827454,0.1487477570772171,0.2037380039691925,0.19155667722225189,0.23707127571105957,-0.95241981744766235,0.8283536434173584,0,0,0,1
1.2,0.8712410722429512,0.4906524206074935,0.014113687999931773,0.20179371535778046,-0.48182423760805376,0.8493675014921098,0.21545359468448858,0.13955211639404297,0.09372511984718897,-0.19451233781191715,0.9764120812180542,0.8338801860809326,0.0,0.0,0.0,1.0,0.1428568959236145,0.95332115888595581,0.26602789759635925,-0.16510511934757233,0.97102946043014526,-0.18701913952827454,0.1487477570772171,0.2037380039691925,0.19155667722225189,0.23707127571105957,-0.95241981744766235,0.8283536434173584,0,0,0,1
1.2333333333333334,0.8712410722429512,0.4906524206074935,0.014113687999931773,0.20179371535778046,-0.48182423760805376,0.8493675014921098,0.21545359468448858,0.13955211639404297,0.09372511984718897,-0.19451233781191715,0.9764120812180542,0.8338801860809326,0.0,0.0,0.0,1.0,0.1428568959236145,0.95332115888595581,0.26602789759635925,-0.16510511934757233,0.97102946043014526,-0.18701913952827454,0.1487477570772171,0.2037380039691925,0.19155667722225189,0.23707127571105957,-0.95241981744766235,0.8283536434173584,0,0,0,1
1.2666666666666666,0.8712410722429512,0.4906524206074935,0.014113687999931773,0.20179371535778046,-0.48182423760805376,0.8493675014921098,0.21545359468448858,0.13955211639404297,0.09372511984718897,-0.19451233781191715,0.9764120812180542,0.8338801860809326,0.0,0.0,0.0,1.0,0.1428568959236145,0.95332115888595581,0.26602789759635925,-0.16510511934757233,0.97102946043014526,-0.18701913952827454,0.1487477570772171,0.2037380039691925,0.19155667722225189,0.23707127571105957,-0.95241981744766235,0.8283536434173584,0,0,0,1
1.3,0.8712410722429512,0.4906524206074935,0.014113687999931773,0.20179371535778046,-0.48182423760805376,0.8493675014921098,0.21545359468448858,0.13955211639404297,0.09372511984718897,-0.19451233781191715,0.9764120812180542,0.8338801860809326,0.0,0.0,0.0,1.0,0.1428568959236145,0.95332115888595581,0.26602789759635925,-0.16510511934757233,0.97102946043014526,-0.18701913952827454,0.1487477570772171,0.2037380039691925,0.19155667722225189,0.23707127571105957,-0.95241981744766235,0.8283536434173584,0,0,0,1
1.3333333333333333,0.8712410722429512,0.4906524206074935,0.014113687999931773,0.20179371535778046,-0.48182423760805376,0.8493675014921098,0.21545359468448858,0.13955211639404297,0.09372511984718897,-0.19451233781191715,0.9764120812180542,0.8338801860809326,0.0,0.0,0.0,1.0,0.1428568959236145,0.95332115888595581,0.26602789759635925,-0.16510511934757233,0.97102946043014526,-0.18701913952827454,0.1487477570772171,0.2037380039691925,0.19155667722225189,0.23707127571105957,-0.95241981744766235,0.8283536434173584,0,0,0,1
1.3666666666666667,0.8712410722429512,0.4906524206074935,0.014113687999931773,0.20179371535778046,-0.48182423760805376,0.8493675014921098,0.21545359468448858,0.13955211639404297,0.09372511984718897,-0.19451233781191715,0.9764120812180542,0.8338801860809326,0.0,0.0,0.0,1.0,0.1428568959236145,0.95332115888595581,0.26602789759635925,-0.16510511934757233,0.97102946043014526,-0.18701913952827454,0.1487477570772171,0.2037380039691925,0.19155667722225189,0.23707127571105957,-0.95241981744766235,0.8283536434173584,0,0,0,1
1.4,0.8712410722429512,0.4906524206074935,0.014113687999931773,0.20179371535778046,-0.48182423760805376,0.8493675014921098,0.21545359468448858,0.13955211639404297,0.09372511984718897,-0.19451233781191715,0.9764120812180542,0.8338801860809326,0.0,0.0,0.0,1.0,0.1428568959236145,0.95332115888595581,0.26602789759635925,-0.16510511934757233,0.97102946043014526,-0.18701913952827454,0.1487477570772171,0.2037380039691925,0.19155667722225189,0.23707127571105957,-0.95241981744766235,0.8283536434173584,0,0,0,1
1.4333333333333333,0.8712410722429512,0.4906524206074935,0.014113687999931773,0.20179371535778046,-0.48182423760805376,0.8493675014921098,0.21545359468448858,0.13955211639404297,0.09372511984718897,-0.19451233781191715,0.9764120812180542,0.8338801860809326,0.0,0.0,0.0,1.0,0.1428568959236145,0.95332115888595581,0.26602789759635925,-0.16510511934757233,0.97102946043014526,-0.18701913952827454,0.1487477570772171,0.2037380039691925,0.19155667722225189,0.23707127571105957,-0.95241981744766235,0.8283536434173584,0,0,0,1
1.4666666666666666,0.8712410722429512,0.4906524206074935,0.014113687999931773,0.20179371535778046,-0.48182423760805376,0.8493675014921098,0.21545359468448858,0.13955211639404297,0.09372511984718897,-0.19451233781191715,0.9764120812180542,0.8338801860809326,0.0,0.0,0.0,1.0,0.1428568959236145,0.95332115888595581,0.26602789759635925,-0.16510511934757233,0.97102946043014526,-0.18701913952827454,0.1487477570772171,0.2037380039691925,0.19155667722225189,0.23707127571105957,-0.95241981744766235,0.8283536434173584,0,0,0,1
1.5,0.8712410722429512,0.4906524206074935,0.014113687999931773,0.20179371535778046,-0.48182423760805376,0.8493675014921098,0.21545359468448858,0.13955211639404297,0.09372511984718897,-0.19451233781191715,0.9764120812180542,0.8338801860809326,0.0,0.0,0.0,1.0,0.1428568959236145,0.95332115888595581,0.26602789759635925,-0.16510511934757233,0.97102946043014526,-0.18701913952827454,0.1487477570772171,0.2037380039691925,0.19155667722225189,0.23707127571105957,-0.95241981744766235,0.8283536434173584,0,0,0,1
1.5333333333333334,0.8712410722429512,0.4906524206074935,0.014113687999931773,0.20179371535778046,-0.48182423760805376,0.8493675014921098,0.21545359468448858,0.13955211639404297,0.09372511984718897,-0.19451233781191715,0.9764120812180542,0.8338801860809326,0.0,0.0,0.0,1.0,0.1428568959236145,0.95332115888595581,0.26602789759635925,-0.16510511934757233,0.97102946043014526,-0.18701913952827454,0.1487477570772171,0.2037380039691925,0.19155667722225189,0.23707127571105957,-0.95241981744766235,0.8283536434173584,0,0,0,1
1.5666666666666667,0.8712410722429512,0.4906524206074935,0.014113687999931773,0.20179371535778046,-0.48182423760805376,0.8493675014921098,0.21545359468448858,0.13955211639404297,0.09372511984718897,-0.19451233781191715,0.9764120812180542,0.8338801860809326,0.0,0.0,0.0,1.0,0.1428568959236145,0.95332115888595581,0.26602789759635925,-0.16510511934757233,0.97102946043014526,-0.18701913952827454,0.1487477570772171,0.2037380039691925,0.19155667722225189,0.23707127571105957,-0.95241981744766235,0.8283536434173584,0,0,0,1
1.6,0.8712410722429512,0.4906524206074935,0.014113687999931773,0.20179371535778046,-0.48182423760805376,0.8493675014921098,0.21545359468448858,0.13955211639404297,0.09372511984718897,-0.19451233781191715,0.9764120812180542,0.8338801860809326,0.0,0.0,0.0,1.0,0.1428568959236145,0.95332115888595581,0.26602789759635925,-0.16510511934757233,0.97102946043014526,-0.18701913952827454,0.1487477570772171,0.2037380039691925,0.19155667722225189,0.23707127571105957,-0.95241981744766235,0.8283536434173584,0,0,0,1
1.6333333333333333,0.8712410722429512,0.4906524206074935,0.014113687999931773,0.20179371535778046,-0.48182423760805376,0.8493675014921098,0.21545359468448858,0.13955211639404297,0.09372511984718897,-0.19451233781191715,0.9764120812180542,0.8338801860809326,0.0,0.0,0.0,1.0,0.1428568959236145,0.95332115888595581,0.26602789759635925,-0.16510511934757233,0.97102946043014526,-0.18701913952827454,0.1487477570772171,0.2037380039691925,0.19155667722225189,0.23707127571105957,-0.95241981744766235,0.8283536434173584,0,0,0,1
1.6666666666666667,0.8712410722429512,0.4906524206074935,0.014113687999931773,0.20179371535778046,-0.48182423760805376,0.8493675014921098,0.21545359468448858,0.13955211639404297,0.09372511984718897,-0.19451233781191715,0.9764120812180542,0.8338801860809326,0.0,0.0,0.0,1.0,0.1428568959236145,0.95332115888595581,0.26602789759635925,-0.16510511934757233,0.97102946043014526,-0.18701913952827454,0.1487477570772171,0.2037380039691925,0.19155667722225189,0.23707127571105957,-0.95241981744766235,0.8283536434173584,0,0,0,1
1.7,0.8712410722429512,0.4906524206074935,0.014113687999931773,0.20179371535778046,-0.48182423760805376,0.8493675014921098,0.21545359468448858,0.13955211639404297,0.09372511984718897,-0.19451233781191715,0.9764120812180542,0.8338801860809326,0.0,0.0,0.0,1.0,0.1428568959236145,0.95332115888595581,0.26602789759635925,-0.16510511934757233,0.97102946043014526,-0.18701913952827454,0.1487477570772171,0.2037380039691925,0.19155667722225189,0.23707127571105957,-0.95241981744766235,0.8283536434173584,0,0,0,1
1.7333333333333334,0.8712410722429512,0.4906524206074935,0.014113687999931773,0.20179371535778046,-0.48182423760805376,0.8493675014921098,0.21545359468448858,0.13955211639404297,0.09372511984718897,-0.19451233781191715,0.9764120812180542,0.8338801860809326,0.0,0.0,0.0,1.0,0.1428568959236145,0.95332115888595581,0.26602789759635925,-0.16510511934757233,0.97102946043014526,-0.18701913952827454,0.1487477570772171,0.2037380039691925,0.19155667722225189,0.23707127571105957,-0.95241981744766235,0.8283536434173584,0,0,0,1
1.7666666666666666,0.8712410722429512,0.4906524206074935,0.014113687999931773,0.20179371535778046,-0.48182423760805376,0.8493675014921098,0.21545359468448858,0.13955211639404297,0.09372511984718897,-0.19451233781191715,0.9764120812180542,0.8338801860809326,0.0,0.0,0.0,1.0,0.1428568959236145,0.95332115888595581,0.26602789759635925,-0.16510511934757233,0.97102946043014526,-0.18701913952827454,0.1487477570772171,0.2037380039691925,0.19155667722225189,0.23707127571105957,-0.95241981744766235,0.8283536434173584,0,0,0,1
1.8,0.8712410722429512,0.4906524206074935,0.014113687999931773,0.20179371535778046,-0.48182423760805376,0.8493675014921098,0.21545359468448858,0.13955211639404297,0.09372511984718897,-0.19451233781191715,0.9764120812180542,0.8338801860809326,0.0,0.0,0.0,1.0,0.1428568959236145,0.95332115888595581,0.26602789759635925,-0.16510511934757233,0.97102946043014526,-0.18701913952827454,0.1487477570772171,0.2037380039691925,0.19155667722225189,0.23707127571105957,-0.95241981744766235,0.8283536434173584,0,0,0,1
1.8333333333333333,0.8712410722429512,0.4906524206074935,0.014113687999931773,0.20179371535778046,-0.48182423760805376,0.8493675014921098,0.21545359468448858,0.13955211639404297,0.09372511984718897,-0.19451233781191715,0.9764120812180542,0.8338801860809326,0.0,0.0,0.0,1.0,0.1428568959236145,0.95332115888595581,0.26602789759635925,-0.16510511934757233,0.97102946043014526,-0.18701913952827454,0.1487477570772171,0.2037380039691925,0.19155667722225189,0.23707127571105957,-0.95241981744766235,0.8283536434173584,0,0,0,1
1.8666666666666667,0.8712410722429512,0.4906524206074935,0.014113687999931773,0.20179371535778046,-0.48182423760805376,0.8493675014921098,0.21545359468448858,0.13955211639404297,0.09372511984718897,-0.19451233781191715,0.9764120812180542,0.8338801860809326,0.0,0.0,0.0,1.0,0.1428568959236145,0.95332115888595581,0.26602789759635925,-0.16510511934757233,0.97102946043014526,-0.18701913952827454,0.1487477570772171,0.2037380039691925,0.19155667722225189,0.23707127571105957,-0.95241981744766235,0.8283536434173584,0,0,0,1
1.9,0.8712410722429512,0.4906524206074935,0.014113687999931773,0.20179371535778046,-0.48182423760805376,0.8493675014921098,0.21545359468448858,0.13955211639404297,0.09372511984718897,-0.19451233781191715,0.9764120812180542,0.8338801860809326,0.0,0.0,0.0,1.0,0.1428568959236145,0.95332115888595581,0.26602789759635925,-0.16510511934757233,0.97102946043014526,-0.18701913952827454,0.1487477570772171,0.2037380039691925,0.19155667722225189,0.23707127571105957,-0.95241981744766235,0.8283536434173584,0,0,0,1
1.9333333333333333,0.8712410722429512,0.4906524206074935,0.014113687999931773,0.20179371535778046,-0.48182423760805376,0.8493675014921098,0.21545359468448858,0.13955211639404297,0.09372511984718897,-0.19451233781191715,0.9764120812180542,0.8338801860809326,0.0,0.0,0.0,1.0,0.1428568959236145,0.95332115888595581,0.26602789759635925,-0.16510511934757233,0.97102946043014526,-0.18701913952827454,0.1487477570772171,0.2037380039691925,0.19155667722225189,0.23707127571105957,-0.95241981744766235,0.8283536434173584,0,0,0,1
1.9666666666666666,0.8712410722429512,0.4906524206074935,0.014113687999931773,0.20179371535778046,-0.48182423760805376,0.8493675014921098,0.21545359468448858,0.13955211639404297,0.09372511984718897,-0.19451233781191715,0.9764120812180542,0.8338801860809326,0.0,0.0,0.0,1.0,0.1428568959236145,0.95332115888595581,0.26602789759635925,-0.16510511934757233,0.97102946043014526,-0.18701913952827454,0.1487477570772171,0.2037380039691925,0.19155667722225189,0.23707127571105957,-0.95241981744766235,0.8283536434173584,0,0,0,1
2.0,0.8712410722429512,0.4906524206074935,0.014113687999931773,0.20179371535778046,-0.48182423760805376,0.8493675014921098,0.21545359468448858,0.13955211639404297,0.09372511984718897,-0.19451233781191715,0.9764120812180542,0.8338801860809326,0.0,0.0,0.0,1.0,0.1428568959236145,0.95332115888595581,0.26602789759635925,-0.16510511934757233,0.97102946043014526,-0.18701913952827454,0.1487477570772171,0.2037380039691925,0.19155667722225189,0.23707127571105957,-0.95241981744766235,0.8283536434173584,0,0,0,1
2.033333333333333,0.8712410722429512,0.4906524206074935,0.014113687999931773,0.20179371535778046,-0.48182423760805376,0.8493675014921098,0.21545359468448858,0.13955211639404297,0.09372511984718897,-0.19451233781191715,0.9764120812180542,0.8338801860809326,0.0,0.0,0.0,1.0,0.1428568959236145,0.95332115888595581,0.26602789759635925,-0.16510511934757233,0.97102946043014526,-0.18701913952827454,0.1487477570772171,0.2037380039691925,0.19155667722225189,0.23707127571105957,-0.95241981744766235,0.8283536434173584,0,0,0,1
2.066666666666667,0.8712410722429512,0.4906524206074935,0.014113687999931773,0.20179371535778046,-0.48182423760805376,0.8493675014921098,0.21545359468448858,0.13955211639404297,0.09372511984718897,-0.19451233781191715,0.9764120812180542,0.8338801860809326,0.0,0.0,0.0,1.0,0.1428568959236145,0.95332115888595581,0.26602789759635925,-0.16510511934757233,0.97102946043014526,-0.18701913952827454,0.1487477570772171,0.2037380039691925,0.19155667722225189,0.23707127571105957,-0.95241981744766235,0.8283536434173584,0,0,0,1
2.1,0.8712410722429512,0.4906524206074935,0.014113687999931773,0.20179371535778046,-0.48182423760805376,0.8493675014921098,0.21545359468448858,0.13955211639404297,0.09372511984718897,-0.19451233781191715,0.9764120812180542,0.8338801860809326,0.0,0.0,0.0,1.0,0.1428568959236145,0.95332115888595581,0.26602789759635925,-0.16510511934757233,0.97102946043014526,-0.18701913952827454,0.1487477570772171,0.2037380039691925,0.19155667722225189,0.23707127571105957,-0.95241981744766235,0.8283536434173584,0,0,0,1
2.1333333333333333,0.8712410722429512,0.4906524206074935,0.014113687999931773,0.20179371535778046,-0.48182423760805376,0.8493675014921098,0.21545359468448858,0.13955211639404297,0.09372511984718897,-0.19451233781191715,0.9764120812180542,0.8338801860809326,0.0,0.0,0.0,1.0,0.1428568959236145,0.95332115888595581,0.26602789759635925,-0.16510511934757233,0.97102946043014526,-0.18701913952827454,0.1487477570772171,0.2037380039691925,0.19155667722225189,0.23707127571105957,-0.95241981744766235,0.8283536434173584,0,0,0,1
2.1666666666666665,0.8712410722429512,0.4906524206074935,0.014113687999931773,0.20179371535778046,-0.48182423760805376,0.8493675014921098,0.21545359468448858,0.13955211639404297,0.09372511984718897,-0.19451233781191715,0.9764120812180542,0.8338801860809326,0.0,0.0,0.0,1.0,0.1428568959236145,0.95332115888595581,0.26602789759635925,-0.16510511934757233,0.97102946043014526,-0.18701913952827454,0.1487477570772171,0.2037380039691925,0.19155667722225189,0.23707127571105957,-0.95241981744766235,0.8283536434173584,0,0,0,1
2.2,0.8712410722429512,0.4906524206074935,0.014113687999931773,0.20179371535778046,-0.48182423760805376,0.8493675014921098,0.21545359468448858,0.13955211639404297,0.09372511984718897,-0.19451233781191715,0.9764120812180542,0.8338801860809326,0.0,0.0,0.0,1.0,0.1428568959236145,0.95332115888595581,0.26602789759635925,-0.16510511934757233,0.97102946043014526,-0.18701913952827454,0.1487477570772171,0.2037380039691925,0.19155667722225189,0.23707127571105957,-0.95241981744766235,0.8283536434173584,0,0,0,1
2.2333333333333334,0.8712410722429512,0.4906524206074935,0.014113687999931773,0.20179371535778046,-0.48182423760805376,0.8493675014921098,0.21545359468448858,0.13955211639404297,0.09372511984718897,-0.19451233781191715,0.9764120812180542,0.8338801860809326,0.0,0.0,0.0,1.0,0.1428568959236145,0.95332115888595581,0.26602789759635925,-0.16510511934757233,0.97102946043014526,-0.18701913952827454,0.1487477570772171,0.2037380039691925,0.19155667722225189,0.23707127571105957,-0.95241981744766235,0.8283536434173584,0,0,0,1
2.2666666666666666,0.8712410722429512,0.4906524206074935,0.014113687999931773,0.20179371535778046,-0.48182423760805376,0.8493675014921098,0.21545359468448858,0.13955211639404297,0.09372511984718897,-0.19451233781191715,0.9764120812180542,0.8338801860809326,0.0,0.0,0.0,1.0,0.1428568959236145,0.95332115888595581,0.26602789759635925,-0.16510511934757233,0.97102946043014526,-0.18701913952827454,0.1487477570772171,0.2037380039691925,0.19155667722225189,0.23707127571105957,-0.95241981744766235,0.8283536434173584,0,0,0,1
2.3,0.8712410722429512,0.4906524206074935,0.014113687999931773,0.20179371535778046,-0.48182423760805376,0.8493675014921098,0.21545359468448858,0.13955211639404297,0.09372511984718897,-0.19451233781191715,0.9764120812180542,0.8338801860809326,0.0,0.0,0.0,1.0,0.1428568959236145,0.95332115888595581,0.26602789759635925,-0.16510511934757233,0.97102946043014526,-0.18701913952827454,0.1487477570772171,0.2037380039691925,0.19155667722225189,0.23707127571105957,-0.95241981744766235,0.8283536434173584,0,0,0,1
2.3333333333333335,0.8712410722429512,0.4906524206074935,0.014113687999931773,0.20179371535778046,-0.48182423760805376,0.8493675014921098,0.21545359468448858,0.13955211639404297,0.09372511984718897,-0.19451233781191715,0.9764120812180542,0.8338801860809326,0.0,0.0,0.0,1.0,0.1428568959236145,0.95332115888595581,0.26602789759635925,-0.16510511934757233,0.97102946043014526,-0.18701913952827454,0.1487477570772171,0.2037380039691925,0.19155667722225189,0.23707127571105957,-0.95241981744766235,0.8283536434173584,0,0,0,1
2.3666666666666667,0.8712410722429512,0.4906524206074935,0.014113687999931773,0.20179371535778046,-0.48182423760805376,0.8493675014921098,0.21545359468448858,0.13955211639404297,0.09372511984718897,-0.19451233781191715,0.9764120812180542,0.8338801860809326,0.0,0.0,0.0,1.0,0.1428568959236145,0.95332115888595581,0.26602789759635925,-0.16510511934757233,0.97102946043014526,-0.18701913952827454,0.1487477570772171,0.2037380039691925,0.19155667722225189,0.23707127571105957,-0.95241981744766235,0.8283536434173584,0,0,0,1
2.4,0.8712410722429512,0.4906524206074935,0.014113687999931773,0.20179371535778046,-0.48182423760805376,0.8493675014921098,0.21545359468448858,0.13955211639404297,0.09372511984718897,-0.19451233781191715,0.9764120812180542,0.8338801860809326,0.0,0.0,0.0,1.0,0.1428568959236145,0.95332115888595581,0.26602789759635925,-0.16510511934757233,0.97102946043014526,-0.18701913952827454,0.1487477570772171,0.2037380039691925,0.19155667722225189,0.23707127571105957,-0.95241981744766235,0.8283536434173584,0,0,0,1
2.433333333333333,0.8712410722429512,0.4906524206074935,0.014113687999931773,0.20179371535778046,-0.48182423760805376,0.8493675014921098,0.21545359468448858,0.13955211639404297,0.09372511984718897,-0.19451233781191715,0.9764120812180542,0.8338801860809326,0.0,0.0,0.0,1.0,0.1428568959236145,0.95332115888595581,0.26602789759635925,-0.16510511934757233,0.97102946043014526,-0.18701913952827454,0.1487477570772171,0.2037380039691925,0.19155667722225189,0.23707127571105957,-0.95241981744766235,0.8283536434173584,0,0,0,1
2.466666666666667,0.8712410722429512,0.4906524206074935,0.014113687999931773,0.20179371535778046,-0.48182423760805376,0.8493675014921098,0.21545359468448858,0.13955211639404297,0.09372511984718897,-0.19451233781191715,0.9764120812180542,0.8338801860809326,0.0,0.0,0.0,1.0,0.1428568959236145,0.95332115888595581,0.26602789759635925,-0.16510511934757233,0.97102946043014526,-0.18701913952827454,0.1487477570772171,0.2037380039691925,0.19155667722225189,0.23707127571105957,-0.95241981744766235,0.8283536434173584,0,0,0,1
2.5,0.8712410722429512,0.4906524206074935,0.014113687999931773,0.20179371535778046,-0.48182423760805376,0.8493675014921098,0.21545359468448858,0.13955211639404297,0.09372511984718897,-0.19451233781191715,0.9764120812180542,0.8338801860809326,0.0,0.0,0.0,1.0,0.1428568959236145,0.95332115888595581,0.26602789759635925,-0.16510511934757233,0.97102946043014526,-0.18701913952827454,0.1487477570772171,0.2037380039691925,0.19155667722225189,0.23707127571105957,-0.95241981744766235,0.8283536434173584,0,0,0,1
2.533333333333333,0.8712410722429512,0.4906524206074935,0.014113687999931773,0.20179371535778046,-0.48182423760805376,0.8493675014921098,0.21545359468448858,0.13955211639404297,0.09372511984718897,-0.19451233781191715,0.9764120812180542,0.8338801860809326,0.0,0.0,0.0,1.0,0.1428568959236145,0.95332115888595581,0.26602789759635925,-0.16510511934757233,0.97102946043014526,-0.18701913952827454,0.1487477570772171,0.2037380039691925,0.19155667722225189,0.23707127571105957,-0.95241981744766235,0.8283536434173584,0,0,0,1
2.566666666666667,0.8712410722429512,0.4906524206074935,0.014113687999931773,0.20179371535778046,-0.48182423760805376,0.8493675014921098,0.21545359468448858,0.13955211639404297,0.09372511984718897,-0.19451233781191715,0.9764120812180542,0.8338801860809326,0.0,0.0,0.0,1.0,0.1428568959236145,0.95332115888595581,0.26602789759635925,-0.16510511934757233,0.97102946043014526,-0.18701913952827454,0.1487477570772171,0.2037380039691925,0.19155667722225189,0.23707127571105957,-0.95241981744766235,0.8283536434173584,0,0,0,1
2.6,0.8712410722429512,0.4906524206074935,0.014113687999931773,0.20179371535778046,-0.48182423760805376,0.8493675014921098,0.21545359468448858,0.13955211639404297,0.09372511984718897,-0.19451233781191715,0.9764120812180542,0.8338801860809326,0.0,0.0,0.0,1.0,0.1428568959236145,0.95332115888595581,0.26602789759635925,-0.16510511934757233,0.97102946043014526,-0.18701913952827454,0.1487477570772171,0.2037380039691925,0.19155667722225189,0.23707127571105957,-0.95241981744766235,0.8283536434173584,0,0,0,1
2.6333333333333333,0.8712410722429512,0.4906524206074935,0.014113687999931773,0.20179371535778046,-0.48182423760805376,0.8493675014921098,0.21545359468448858,0.13955211639404297,0.09372511984718897,-0.19451233781191715,0.9764120812180542,0.8338801860809326,0.0,0.0,0.0,1.0,0.1428568959236145,0.95332115888595581,0.26602789759635925,-0.16510511934757233,0.97102946043014526,-0.18701913952827454,0.1487477570772171,0.2037380039691925,0.19155667722225189,0.23707127571105957,-0.95241981744766235,0.8283536434173584,0,0,0,1
2.6666666666666665,0.8712410722429512,0.4906524206074935,0.014113687999931773,0.20179371535778046,-0.48182423760805376,0.8493675014921098,0.21545359468448858,0.13955211639404297,0.09372511984718897,-0.19451233781191715,0.9764120812180542,0.8338801860809326,0.0,0.0,0.0,1.0,0.1428568959236145,0.95332115888595581,0.26602789759635925,-0.16510511934757233,0.97102946043014526,-0.18701913952827454,0.1487477570772171,0.2037380039691925,0.19155667722225189,0.23707127571105957,-0.95241981744766235,0.8283536434173584,0,0,0,1
2.7,0.8712410722429512,0.4906524206074935,0.014113687999931773,0.20179371535778046,-0.48182423760805376,0.8493675014921098,0.21545359468448858,0.13955211639404297,0.09372511984718897,-0.19451233781191715,0.9764120812180542,0.8338801860809326,0.0,0.0,0.0,1.0,0.1428568959236145,0.95332115888595581,0.26602789759635925,-0.16510511934757233,0.97102946043014526,-0.18701913952827454,0.1487477570772171,0.2037380039691925,0.19155667722225189,0.23707127571105957,-0.95241981744766235,0.8283536434173584,0,0,0,1
2.7333333333333334,0.8712410722429512,0.4906524206074935,0.014113687999931773,0.20179371535778046,-0.48182423760805376,0.8493675014921098,0.21545359468448858,0.13955211639404297,0.09372511984718897,-0.19451233781191715,0.9764120812180542,0.8338801860809326,0.0,0.0,0.0,1.0,0.1428568959236145,0.95332115888595581,0.26602789759635925,-0.16510511934757233,0.97102946043014526,-0.18701913952827454,0.1487477570772171,0.2037380039691925,0.19155667722225189,0.23707127571105957,-0.95241981744766235,0.8283536434173584,0,0,0,1
2.7666666666666666,0.8712410722429512,0.4906524206074935,0.014113687999931773,0.20179371535778046,-0.48182423760805376,0.8493675014921098,0.21545359468448858,0.13955211639404297,0.09372511984718897,-0.19451233781191715,0.9764120812180542,0.8338801860809326,0.0,0.0,0.0,1.0,0.1428568959236145,0.95332115888595581,0.26602789759635925,-0.16510511934757233,0.97102946043014526,-0.18701913952827454,0.1487477570772171,0.2037380039691925,0.19155667722225189,0.23707127571105957,-0.95241981744766235,0.8283536434173584,0,0,0,1
2.8,0.8712410722429512,0.4906524206074935,0.014113687999931773,0.20179371535778046,-0.48182423760805376,0.8493675014921098,0.21545359468448858,0.13955211639404297,0.09372511984718897,-0.19451233781191715,0.9764120812180542,0.8338801860809326,0.0,0.0,0.0,1.0,0.1428568959236145,0.95332115888595581,0.26602789759635925,-0.16510511934757233,0.97102946043014526,-0.18701913952827454,0.1487477570772171,0.2037380039691925,0.19155667722225189,0.23707127571105957,-0.95241981744766235,0.8283536434173584,0,0,0,1
2.8333333333333335,0.8712410722429512,0.4906524206074935,0.014113687999931773,0.20179371535778046,-0.48182423760805376,0.8493675014921098,0.21545359468448858,0.13955211639404297,0.09372511984718897,-0.19451233781191715,0.9764120812180542,0.8338801860809326,0.0,0.0,0.0,1.0,0.1428568959236145,0.95332115888595581,0.26602789759635925,-0.16510511934757233,0.97102946043014526,-0.18701913952827454,0.1487477570772171,0.2037380039691925,0.19155667722225189,0.23707127571105957,-0.95241981744766235,0.8283536434173584,0,0,0,1
2.8666666666666667,0.8712410722429512,0.4906524206074935,0.014113687999931773,0.20179371535778046,-0.48182423760805376,0.8493675014921098,0.21545359468448858,0.13955211639404297,0.09372511984718897,-0.19451233781191715,0.9764120812180542,0.8338801860809326,0.0,0.0,0.0,1.0,0.1428568959236145,0.95332115888595581,0.26602789759635925,-0.16510511934757233,0.97102946043014526,-0.18701913952827454,0.1487477570772171,0.2037380039691925,0.19155667722225189,0.23707127571105957,-0.95241981744766235,0.8283536434173584,0,0,0,1
2.9,0.8712410722429512,0.4906524206074935,0.014113687999931773,0.20179371535778046,-0.48182423760805376,0.8493675014921098,0.21545359468448858,0.13955211639404297,0.09372511984718897,-0.19451233781191715,0.9764120812180542,0.8338801860809326,0.0,0.0,0.0,1.0,0.1428568959236145,0.95332115888595581,0.26602789759635925,-0.16510511934757233,0.97102946043014526,-0.18701913952827454,0.1487477570772171,0.2037380039691925,0.19155667722225189,0.23707127571105957,-0.95241981744766235,0.8283536434173584,0,0,0,1
2.933333333333333,0.8712410722429512,0.4906524206074935,0.014113687999931773,0.20179371535778046,-0.48182423760805376,0.8493675014921098,0.21545359468448858,0.13955211639404297,0.09372511984718897,-0.19451233781191715,0.9764120812180542,0.8338801860809326,0.0,0.0,0.0,1.0,0.1428568959236145,0.95332115888595581,0.26602789759635925,-0.16510511934757233,0.97102946043014526,-0.18701913952827454,0.1487477570772171,0.2037380039691925,0.19155667722225189,0.23707127571105957,-0.95241981744766235,0.8283536434173584,0,0,0,1
2.966666666666667,0.8712410722429512,0.4906524206074935,0.014113687999931773,0.20179371535778046,-0.48182423760805376,0.8493675014921098,0.21545359468448858,0.13955211639404297,0.09372511984718897,-0.19451233781191715,0.9764120812180542,0.8338801860809326,0.0,0.0,0.0,1.0,0.1428568959236145,0.95332115888595581,0.26602789759635925,-0.16510511934757233,0.97102946043014526,-0.18701913952827454,0.1487477570772171,0.2037380039691925,0.19155667722225189,0.23707127571105957,-0.95241981744766235,0.8283536434173584,0,0,0,1
3.0,0.8712410722429512,0.4906524206074935,0.014113687999931773,0.20179371535778046,-0.48182423760805376,0.8493675014921098,0.21545359468448858,0.13955211639404297,0.09372511984718897,-0.19451233781191715,0.9764120812180542,0.8338801860809326,0.0,0.0,0.0,1.0,0.1428568959236145,0.95332115888595581,0.26602789759635925,-0.16510511934757233,0.97102946043014526,-0.18701913952827454,0.1487477570772171,0.2037380039691925,0.19155667722225189,0.23707127571105957,-0.95241981744766235,0.8283536434173584,0,0,0,1
3.033333333333333,0.8712410722429512,0.4906524206074935,0.014113687999931773,0.20179371535778046,-0.48182423760805376,0.8493675014921098,0.21545359468448858,0.13955211639404297,0.09372511984718897,-0.19451233781191715,0.9764120812180542,0.8338801860809326,0.0,0.0,0.0,1.0,0.1428568959236145,0.95332115888595581,0.26602789759635925,-0.16510511934757233,0.97102946043014526,-0.18701913952827454,0.1487477570772171,0.2037380039691925,0.19155667722225189,0.23707127571105957,-0.95241981744766235,0.8283536434173584,0,0,0,1
3.066666666666667,0.8712410722429512,0.4906524206074935,0.014113687999931773,0.20179371535778046,-0.48182423760805376,0.8493675014921098,0.21545359468448858,0.13955211639404297,0.09372511984718897,-0.19451233781191715,0.9764120812180542,0.8338801860809326,0.0,0.0,0.0,1.0,0.1428568959236145,0.95332115888595581,0.26602789759635925,-0.16510511934757233,0.97102946043014526,-0.18701913952827454,0.1487477570772171,0.2037380039691925,0.19155667722225189,0.23707127571105957,-0.95241981744766235,0.8283536434173584,0,0,0,1
3.1,0.8712410722429512,0.4906524206074935,0.014113687999931773,0.20179371535778046,-0.48182423760805376,0.8493675014921098,0.21545359468448858,0.13955211639404297,0.09372511984718897,-0.19451233781191715,0.9764120812180542,0.8338801860809326,0.0,0.0,0.0,1.0,0.1428568959236145,0.95332115888595581,0.26602789759635925,-0.16510511934757233,0.97102946043014526,-0.18701913952827454,0.1487477570772171,0.2037380039691925,0.19155667722225189,0.23707127571105957,-0.95241981744766235,0.8283536434173584,0,0,0,1
3.1333333333333333,0.8712410722429512,0.4906524206074935,0.014113687999931773,0.20179371535778046,-0.48182423760805376,0.8493675014921098,0.21545359468448858,0.13955211639404297,0.09372511984718897,-0.19451233781191715,0.9764120812180542,0.8338801860809326,0.0,0.0,0.0,1.0,0.1428568959236145,0.95332115888595581,0.26602789759635925,-0.16510511934757233,0.97102946043014526,-0.18701913952827454,0.1487477570772171,0.2037380039691925,0.19155667722225189,0.23707127571105957,-0.95241981744766235,0.8283536434173584,0,0,0,1
3.1666666666666665,0.8712410722429512,0.4906524206074935,0.014113687999931773,0.20179371535778046,-0.48182423760805376,0.8493675014921098,0.21545359468448858,0.13955211639404297,0.09372511984718897,-0.19451233781191715,0.9764120812180542,0.8338801860809326,0.0,0.0,0.0,1.0,0.1428568959236145,0.95332115888595581,0.26602789759635925,-0.16510511934757233,0.97102946043014526,-0.18701913952827454,0.1487477570772171,0.2037380039691925,0.19155667722225189,0.23707127571105957,-0.95241981744766235,0.8283536434173584,0,0,0,1
3.2,0.8712410722429512,0.4906524206074935,0.014113687999931773,0.20179371535778046,-0.48182423760805376,0.8493675014921098,0.21545359468448858,0.13955211639404297,0.09372511984718897,-0.19451233781191715,0.9764120812180542,0.8338801860809326,0.0,0.0,0.0,1.0,0.1428568959236145,0.95332115888595581,0.26602789759635925,-0.16510511934757233,0.97102946043014526,-0.18701913952827454,0.1487477570772171,0.2037380039691925,0.19155667722225189,0.23707127571105957,-0.95241981744766235,0.8283536434173584,0,0,0,1
3.2333333333333334,0.8712410722429512,0.4906524206074935,0.014113687999931773,0.20179371535778046,-0.48182423760805376,0.8493675014921098,0.21545359468448858,0.13955211639404297,0.09372511984718897,-0.19451233781191715,0.9764120812180542,0.8338801860809326,0.0,0.0,0.0,1.0,0.1428568959236145,0.95332115888595581,0.26602789759635925,-0.16510511934757233,0.97102946043014526,-0.18701913952827454,0.1487477570772171,0.2037380039691925,0.19155667722225189,0.23707127571105957,-0.95241981744766235,0.8283536434173584,0,0,0,1
3.2666666666666666,0.8712410722429512,0.4906524206074935,0.014113687999931773,0.20179371535778046,-0.48182423760805376,0.8493675014921098,0.21545359468448858,0.13955211639404297,0.09372511984718897,-0.19451233781191715,0.9764120812180542,0.8338801860809326,0.0,0.0,0.0,1.0,0.1428568959236145,0.95332115888595581,0.26602789759635925,-0.16510511934757233,0.97102946043014526,-0.18701913952827454,0.1487477570772171,0.2037380039691925,0.19155667722225189,0.23707127571105957,-0.95241981744766235,0.8283536434173584,0,0,0,1
3.3,0.8712410722429512,0.4906524206074935,0.014113687999931773,0.20179371535778046,-0.48182423760805376,0.8493675014921098,0.21545359468448858,0.13955211639404297,0.09372511984718897,-0.19451233781191715,0.9764120812180542,0.8338801860809326,0.0,0.0,0.0,1.0,0.1428568959236145,0.95332115888595581,0.26602789759635925,-0.16510511934757233,0.97102946043014526,-0.18701913952827454,0.1487477570772171,0.2037380039691925,0.19155667722225189,0.23707127571105957,-0.95241981744766235,0.8283536434173584,0,0,0,1
3.3333333333333335,0.8712410722429512,0.4906524206074935,0.014113687999931773,0.20179371535778046,-0.48182423760805376,0.8493675014921098,0.21545359468448858,0.13955211639404297,0.09372511984718897,-0.19451233781191715,0.9764120812180542,0.8338801860809326,0.0,0.0,0.0,1.0,0.1428568959236145,0.95332115888595581,0.26602789759635925,-0.16510511934757233,0.97102946043014526,-0.18701913952827454,0.1487477570772171,0.2037380039691925,0.19155667722225189,0.23707127571105957,-0.95241981744766235,0.8283536434173584,0,0,0,1
3.3666666666666667,0.8712410722429512,0.4906524206074935,0.014113687999931773,0.20179371535778046,-0.48182423760805376,0.8493675014921098,0.21545359468448858,0.13955211639404297,0.09372511984718897,-0.19451233781191715,0.9764120812180542,0.8338801860809326,0.0,0.0,0.0,1.0,0.1428568959236145,0.95332115888595581,0.26602789759635925,-0.16510511934757233,0.97102946043014526,-0.18701913952827454,0.1487477570772171,0.2037380039691925,0.19155667722225189,0.23707127571105957,-0.95241981744766235,0.8283536434173584,0,0,0,1
3.4,0.8712410722429512,0.4906524206074935,0.014113687999931773,0.20179371535778046,-0.48182423760805376,0.8493675014921098,0.21545359468448858,0.13955211639404297,0.09372511984718897,-0.19451233781191715,0.9764120812180542,0.8338801860809326,0.0,0.0,0.0,1.0,0.1428568959236145,0.95332115888595581,0.26602789759635925,-0.16510511934757233,0.97102946043014526,-0.18701913952827454,0.1487477570772171,0.2037380039691925,0.19155667722225189,0.23707127571105957,-0.95241981744766235,0.8283536434173584,0,0,0,1
3.433333333333333,0.8712410722429512,0.4906524206074935,0.014113687999931773,0.20179371535778046,-0.48182423760805376,0.8493675014921098,0.21545359468448858,0.13955211639404297,0.09372511984718897,-0.19451233781191715,0.9764120812180542,0.8338801860809326,0.0,0.0,0.0,1.0,0.1428568959236145,0.95332115888595581,0.26602789759635925,-0.16510511934757233,0.97102946043014526,-0.18701913952827454,0.1487477570772171,0.2037380039691925,0.19155667722225189,0.23707127571105957,-0.95241981744766235,0.8283536434173584,0,0,0,1
3.466666666666667,0.8712410722429512,0.4906524206074935,0.014113687999931773,0.20179371535778046,-0.48182423760805376,0.8493675014921098,0.21545359468448858,0.13955211639404297,0.09372511984718897,-0.19451233781191715,0.9764120812180542,0.8338801860809326,0.0,0.0,0.0,1.0,0.1428568959236145,0.95332115888595581,0.26602789759635925,-0.16510511934757233,0.97102946043014526,-0.18701913952827454,0.1487477570772171,0.2037380039691925,0.19155667722225189,0.23707127571105957,-0.95241981744766235,0.8283536434173584,0,0,0,1
3.5,0.8712410722429512,0.4906524206074935,0.014113687999931773,0.20179371535778046,-0.48182423760805376,0.8493675014921098,0.21545359468448858,0.13955211639404297,0.09372511984718897,-0.19451233781191715,0.9764120812180542,0.8338801860809326,0.0,0.0,0.0,1.0,0.1428568959236145,0.95332115888595581,0.26602789759635925,-0.16510511934757233,0.97102946043014526,-0.18701913952827454,0.1487477570772171,0.2037380039691925,0.19155667722225189,0.23707127571105957,-0.95241981744766235,0.8283536434173584,0,0,0,1
3.533333333333333,0.8712410722429512,0.4906524206074935,0.014113687999931773,0.20179371535778046,-0.48182423760805376,0.8493675014921098,0.21545359468448858,0.13955211639404297,0.09372511984718897,-0.19451233781191715,0.9764120812180542,0.8338801860809326,0.0,0.0,0.0,1.0,0.1428568959236145,0.95332115888595581,0.26602789759635925,-0.16510511934757233,0.97102946043014526,-0.18701913952827454,0.1487477570772171,0.2037380039691925,0.19155667722225189,0.23707127571105957,-0.95241981744766235,0.8283536434173584,0,0,0,1
3.566666666666667,0.8712410722429512,0.4906524206074935,0.014113687999931773,0.20179371535778046,-0.48182423760805376,0.8493675014921098,0.21545359468448858,0.13955211639404297,0.09372511984718897,-0.19451233781191715,0.9764120812180542,0.8338801860809326,0.0,0.0,0.0,1.0,0.1428568959236145,0.95332115888595581,0.26602789759635925,-0.16510511934757233,0.97102946043014526,-0.18701913952827454,0.1487477570772171,0.2037380039691925,0.19155667722225189,0.23707127571105957,-0.95241981744766235,0.8283536434173584,0,0,0,1
3.6,0.8712410722429512,0.4906524206074935,0.014113687999931773,0.20179371535778046,-0.48182423760805376,0.8493675014921098,0.21545359468448858,0.13955211639404297,0.09372511984718897,-0.19451233781191715,0.9764120812180542,0.8338801860809326,0.0,0.0,0.0,1.0,0.1428568959236145,0.95332115888595581,0.26602789759635925,-0.16510511934757233,0.97102946043014526,-0.18701913952827454,0.1487477570772171,0.2037380039691925,0.19155667722225189,0.23707127571105957,-0.95241981744766235,0.8283536434173584,0,0,0,1
3.6333333333333333,0.8712410722429512,0.4906524206074935,0.014113687999931773,0.20179371535778046,-0.48182423760805376,0.8493675014921098,0.21545359468448858,0.13955211639404297,0.09372511984718897,-0.19451233781191715,0.9764120812180542,0.8338801860809326,0.0,0.0,0.0,1.0,0.1428568959236145,0.95332115888595581,0.26602789759635925,-0.16510511934757233,0.97102946043014526,-0.18701913952827454,0.1487477570772171,0.2037380039691925,0.19155667722225189,0.23707127571105957,-0.95241981744766235,0.8283536434173584,0,0,0,1
3.6666666666666665,0.8712410722429512,0.4906524206074935,0.014113687999931773,0.20179371535778046,-0.48182423760805376,0.8493675014921098,0.21545359468448858,0.13955211639404297,0.09372511984718897,-0.19451233781191715,0.9764120812180542,0.8338801860809326,0.0,0.0,0.0,1.0,0.1428568959236145,0.95332115888595581,0.26602789759635925,-0.16510511934757233,0.97102946043014526,-0.18701913952827454,0.1487477570772171,0.2037380039691925,0.19155667722225189,0.23707127571105957,-0.95241981744766235,0.8283536434173584,0,0,0,1
3.7,0.8712410722429512,0.4906524206074935,0.014113687999931773,0.20179371535778046,-0.48182423760805376,0.8493675014921098,0.21545359468448858,0.13955211639404297,0.09372511984718897,-0.19451233781191715,0.9764120812180542,0.8338801860809326,0.0,0.0,0.0,1.0,0.1428568959236145,0.95332115888595581,0.26602789759635925,-0.16510511934757233,0.97102946043014526,-0.18701913952827454,0.1487477570772171,0.2037380039691925,0.19155667722225189,0.23707127571105957,-0.95241981744766235,0.8283536434173584,0,0,0,1
3.7333333333333334,0.8712410722429512,0.4906524206074935,0.014113687999931773,0.20179371535778046,-0.48182423760805376,0.8493675014921098,0.21545359468448858,0.13955211639404297,0.09372511984718897,-0.19451233781191715,0.9764120812180542,0.8338801860809326,0.0,0.0,0.0,1.0,0.1428568959236145,0.95332115888595581,0.26602789759635925,-0.16510511934757233,0.97102946043014526,-0.18701913952827454,0.1487477570772171,0.2037380039691925,0.19155667722225189,0.23707127571105957,-0.95241981744766235,0.8283536434173584,0,0,0,1
3.7666666666666666,0.8712410722429512,0.4906524206074935,0.014113687999931773,0.20179371535778046,-0.48182423760805376,0.8493675014921098,0.21545359468448858,0.13955211639404297,0.09372511984718897,-0.19451233781191715,0.9764120812180542,0.8338801860809326,0.0,0.0,0.0,1.0,0.1428568959236145,0.95332115888595581,0.26602789759635925,-0.16510511934757233,0.97102946043014526,-0.18701913952827454,0.1487477570772171,0.2037380039691925,0.19155667722225189,0.23707127571105957,-0.95241981744766235,0.8283536434173584,0,0,0,1
3.8,0.8712410722429512,0.4906524206074935,0.014113687999931773,0.20179371535778046,-0.48182423760805376,0.8493675014921098,0.21545359468448858,0.13955211639404297,0.09372511984718897,-0.19451233781191715,0.9764120812180542,0.8338801860809326,0.0,0.0,0.0,1.0,0.1428568959236145,0.95332115888595581,0.26602789759635925,-0.16510511934757233,0.97102946043014526,-0.18701913952827454,0.1487477570772171,0.2037380039691925,0.19155667722225189,0.23707127571105957,-0.95241981744766235,0.8283536434173584,0,0,0,1
3.8333333333333335,0.8712410722429512,0.4906524206074935,0.014113687999931773,0.20179371535778046,-0.48182423760805376,0.8493675014921098,0.21545359468448858,0.13955211639404297,0.09372511984718897,-0.19451233781191715,0.9764120812180542,0.8338801860809326,0.0,0.0,0.0,1.0,0.1428568959236145,0.95332115888595581,0.26602789759635925,-0.16510511934757233,0.97102946043014526,-0.18701913952827454,0.1487477570772171,0.2037380039691925,0.19155667722225189,0.23707127571105957,-0.95241981744766235,0.8283536434173584,0,0,0,1
3.8666666666666667,0.8712410722429512,0.4906524206074935,0.014113687999931773,0.20179371535778046,-0.48182423760805376,0.8493675014921098,0.21545359468448858,0.13955211639404297,0.09372511984718897,-0.19451233781191715,0.9764120812180542,0.8338801860809326,0.0,0.0,0.0,1.0,0.1428568959236145,0.95332115888595581,0.26602789759635925,-0.16510511934757233,0.97102946043014526,-0.18701913952827454,0.1487477570772171,0.2037380039691925,0.19155667722225189,0.23707127571105957,-0.95241981744766235,0.8283536434173584,0,0,0,1
3.9,0.8712410722429512,0.4906524206074935,0.014113687999931773,0.20179371535778046,-0.48182423760805376,0.8493675014921098,0.21545359468448858,0.13955211639404297,0.09372511984718897,-0.19451233781191715,0.9764120812180542,0.8338801860809326,0.0,0.0,0.0,1.0,0.1428568959236145,0.95332115888595581,0.26602789759635925,-0.16510511934757233,0.97102946043014526,-0.18701913952827454,0.1487477570772171,0.2037380039691925,0.19155667722225189,0.23707127571105957,-0.95241981744766235,0.8283536434173584,0,0,0,1
3.933333333333333,0.8712410722429512,0.4906524206074935,0.014113687999931773,0.20179371535778046,-0.48182423760805376,0.8493675014921098,0.21545359468448858,0.13955211639404297,0.09372511984718897,-0.19451233781191715,0.9764120812180542,0.8338801860809326,0.0,0.0,0.0,1.0,0.1428568959236145,0.95332115888595581,0.26602789759635925,-0.16510511934757233,0.97102946043014526,-0.18701913952827454,0.1487477570772171,0.2037380039691925,0.19155667722225189,0.23707127571105957,-0.95241981744766235,0.8283536434173584,0,0,0,1
3.966666666666667,0.8712410722429512,0.4906524206074935,0.014113687999931773,0.20179371535778046,-0.48182423760805376,0.8493675014921098,0.21545359468448858,0.13955211639404297,0.09372511984718897,-0.19451233781191715,0.9764120812180542,0.8338801860809326,0.0,0.0,0.0,1.0,0.1428568959236145,0.95332115888595581,0.26602789759635925,-0.16510511934757233,0.97102946043014526,-0.18701913952827454,0.1487477570772171,0.2037380039691925,0.19155667722225189,0.23707127571105957,-0.95241981744766235,0.8283536434173584,0,0,0,1
4.0,0.8712410722429512,0.4906524206074935,0.014113687999931773,0.20179371535778046,-0.48182423760805376,0.8493675014921098,0.21545359468448858,0.13955211639404297,0.09372511984718897,-0.19451233781191715,0.9764120812180542,0.8338801860809326,0.0,0.0,0.0,1.0,0.1428568959236145,0.95332115888595581,0.26602789759635925,-0.16510511934757233,0.97102946043014526,-0.18701913952827454,0.1487477570772171,0.2037380039691925,0.19155667722225189,0.23707127571105957,-0.95241981744766235,0.8283536434173584,0,0,0,1
4.033333333333333,0.8712410722429512,0.4906524206074935,0.014113687999931773,0.20179371535778046,-0.48182423760805376,0.8493675014921098,0.21545359468448858,0.13955211639404297,0.09372511984718897,-0.19451233781191715,0.9764120812180542,0.8338801860809326,0.0,0.0,0.0,1.0,0.1428568959236145,0.95332115888595581,0.26602789759635925,-0.16510511934757233,0.97102946043014526,-0.18701913952827454,0.1487477570772171,0.2037380039691925,0.19155667722225189,0.23707127571105957,-0.95241981744766235,0.8283536434173584,0,0,0,1
4.066666666666666,0.8712410722429512,0.4906524206074935,0.014113687999931773,0.20179371535778046,-0.48182423760805376,0.8493675014921098,0.21545359468448858,0.13955211639404297,0.09372511984718897,-0.19451233781191715,0.9764120812180542,0.8338801860809326,0.0,0.0,0.0,1.0,0.1428568959236145,0.95332115888595581,0.26602789759635925,-0.16510511934757233,0.97102946043014526,-0.18701913952827454,0.1487477570772171,0.2037380039691925,0.19155667722225189,0.23707127571105957,-0.95241981744766235,0.8283536434173584,0,0,0,1
4.1,0.8712410722429512,0.4906524206074935,0.014113687999931773,0.20179371535778046,-0.48182423760805376,0.8493675014921098,0.21545359468448858,0.13955211639404297,0.09372511984718897,-0.19451233781191715,0.9764120812180542,0.8338801860809326,0.0,0.0,0.0,1.0,0.1428568959236145,0.95332115888595581,0.26602789759635925,-0.16510511934757233,0.97102946043014526,-0.18701913952827454,0.1487477570772171,0.2037380039691925,0.19155667722225189,0.23707127571105957,-0.95241981744766235,0.8283536434173584,0,0,0,1
4.133333333333334,0.8712410722429512,0.4906524206074935,0.014113687999931773,0.20179371535778046,-0.48182423760805376,0.8493675014921098,0.21545359468448858,0.13955211639404297,0.09372511984718897,-0.19451233781191715,0.9764120812180542,0.8338801860809326,0.0,0.0,0.0,1.0,0.1428568959236145,0.95332115888595581,0.26602789759635925,-0.16510511934757233,0.97102946043014526,-0.18701913952827454,0.1487477570772171,0.2037380039691925,0.19155667722225189,0.23707127571105957,-0.95241981744766235,0.8283536434173584,0,0,0,1
4.166666666666667,0.8712410722429512,0.4906524206074935,0.014113687999931773,0.20179371535778046,-0.48182423760805376,0.8493675014921098,0.21545359468448858,0.13955211639404297,0.09372511984718897,-0.19451233781191715,0.9764120812180542,0.8338801860809326,0.0,0.0,0.0,1.0,0.1428568959236145,0.95332115888595581,0.26602789759635925,-0.16510511934757233,0.97102946043014526,-0.18701913952827454,0.1487477570772171,0.2037380039691925,0.19155667722225189,0.23707127571105957,-0.95241981744766235,0.8283536434173584,0,0,0,1
4.2,0.8712410722429512,0.4906524206074935,0.014113687999931773,0.20179371535778046,-0.48182423760805376,0.8493675014921098,0.21545359468448858,0.13955211639404297,0.09372511984718897,-0.19451233781191715,0.9764120812180542,0.8338801860809326,0.0,0.0,0.0,1.0,0.1428568959236145,0.95332115888595581,0.26602789759635925,-0.16510511934757233,0.97102946043014526,-0.18701913952827454,0.1487477570772171,0.2037380039691925,0.19155667722225189,0.23707127571105957,-0.95241981744766235,0.8283536434173584,0,0,0,1
4.233333333333333,0.8712410722429512,0.4906524206074935,0.014113687999931773,0.20179371535778046,-0.48182423760805376,0.8493675014921098,0.21545359468448858,0.13955211639404297,0.09372511984718897,-0.19451233781191715,0.9764120812180542,0.8338801860809326,0.0,0.0,0.0,1.0,0.1428568959236145,0.95332115888595581,0.26602789759635925,-0.16510511934757233,0.97102946043014526,-0.18701913952827454,0.1487477570772171,0.2037380039691925,0.19155667722225189,0.23707127571105957,-0.95241981744766235,0.8283536434173584,0,0,0,1
4.266666666666667,0.8712410722429512,0.4906524206074935,0.014113687999931773,0.20179371535778046,-0.48182423760805376,0.8493675014921098,0.21545359468448858,0.13955211639404297,0.09372511984718897,-0.19451233781191715,0.9764120812180542,0.8338801860809326,0.0,0.0,0.0,1.0,0.1428568959236145,0.95332115888595581,0.26602789759635925,-0.16510511934757233,0.97102946043014526,-0.18701913952827454,0.1487477570772171,0.2037380039691925,0.19155667722225189,0.23707127571105957,-0.95241981744766235,0.8283536434173584,0,0,0,1
4.3,0.8712410722429512,0.4906524206074935,0.014113687999931773,0.20179371535778046,-0.48182423760805376,0.8493675014921098,0.21545359468448858,0.13955211639404297,0.09372511984718897,-0.19451233781191715,0.9764120812180542,0.8338801860809326,0.0,0.0,0.0,1.0,0.1428568959236145,0.95332115888595581,0.26602789759635925,-0.16510511934757233,0.97102946043014526,-0.18701913952827454,0.1487477570772171,0.2037380039691925,0.19155667722225189,0.23707127571105957,-0.95241981744766235,0.8283536434173584,0,0,0,1
4.333333333333333,0.8712410722429512,0.4906524206074935,0.014113687999931773,0.20179371535778046,-0.48182423760805376,0.8493675014921098,0.21545359468448858,0.13955211639404297,0.09372511984718897,-0.19451233781191715,0.9764120812180542,0.8338801860809326,0.0,0.0,0.0,1.0,0.1428568959236145,0.95332115888595581,0.26602789759635925,-0.16510511934757233,0.97102946043014526,-0.18701913952827454,0.1487477570772171,0.2037380039691925,0.19155667722225189,0.23707127571105957,-0.95241981744766235,0.8283536434173584,0,0,0,1
4.366666666666666,0.8712410722429512,0.4906524206074935,0.014113687999931773,0.20179371535778046,-0.48182423760805376,0.8493675014921098,0.21545359468448858,0.13955211639404297,0.09372511984718897,-0.19451233781191715,0.9764120812180542,0.8338801860809326,0.0,0.0,0.0,1.0,0.1428568959236145,0.95332115888595581,0.26602789759635925,-0.16510511934757233,0.97102946043014526,-0.18701913952827454,0.1487477570772171,0.2037380039691925,0.19155667722225189,0.23707127571105957,-0.95241981744766235,0.8283536434173584,0,0,0,1
4.4,0.8712410722429512,0.4906524206074935,0.014113687999931773,0.20179371535778046,-0.48182423760805376,0.8493675014921098,0.21545359468448858,0.13955211639404297,0.09372511984718897,-0.19451233781191715,0.9764120812180542,0.8338801860809326,0.0,0.0,0.0,1.0,0.1428568959236145,0.95332115888595581,0.26602789759635925,-0.16510511934757233,0.97102946043014526,-0.18701913952827454,0.1487477570772171,0.2037380039691925,0.19155667722225189,0.23707127571105957,-0.95241981744766235,0.8283536434173584,0,0,0,1
4.433333333333334,0.8712410722429512,0.4906524206074935,0.014113687999931773,0.20179371535778046,-0.48182423760805376,0.8493675014921098,0.21545359468448858,0.13955211639404297,0.09372511984718897,-0.19451233781191715,0.9764120812180542,0.8338801860809326,0.0,0.0,0.0,1.0,0.1428568959236145,0.95332115888595581,0.26602789759635925,-0.16510511934757233,0.97102946043014526,-0.18701913952827454,0.1487477570772171,0.2037380039691925,0.19155667722225189,0.23707127571105957,-0.95241981744766235,0.8283536434173584,0,0,0,1
4.466666666666667,0.8712410722429512,0.4906524206074935,0.014113687999931773,0.20179371535778046,-0.48182423760805376,0.8493675014921098,0.21545359468448858,0.13955211639404297,0.09372511984718897,-0.19451233781191715,0.9764120812180542,0.8338801860809326,0.0,0.0,0.0,1.0,0.1428568959236145,0.95332115888595581,0.26602789759635925,-0.16510511934757233,0.97102946043014526,-0.18701913952827454,0.1487477570772171,0.2037380039691925,0.19155667722225189,0.23707127571105957,-0.95241981744766235,0.8283536434173584,0,0,0,1
4.5,0.8712410722429512,0.4906524206074935,0.014113687999931773,0.20179371535778046,-0.48182423760805376,0.8493675014921098,0.21545359468448858,0.13955211639404297,0.09372511984718897,-0.19451233781191715,0.9764120812180542,0.8338801860809326,0.0,0.0,0.0,1.0,0.1428568959236145,0.95332115888595581,0.26602789759635925,-0.16510511934757233,0.97102946043014526,-0.18701913952827454,0.1487477570772171,0.2037380039691925,0.19155667722225189,0.23707127571105957,-0.95241981744766235,0.8283536434173584,0,0,0,1
4.533333333333333,0.8712410722429512,0.4906524206074935,0.014113687999931773,0.20179371535778046,-0.48182423760805376,0.8493675014921098,0.21545359468448858,0.13955211639404297,0.09372511984718897,-0.19451233781191715,0.9764120812180542,0.8338801860809326,0.0,0.0,0.0,1.0,0.1428568959236145,0.95332115888595581,0.26602789759635925,-0.16510511934757233,0.97102946043014526,-0.18701913952827454,0.1487477570772171,0.2037380039691925,0.19155667722225189,0.23707127571105957,-0.95241981744766235,0.8283536434173584,0,0,0,1
4.566666666666666,0.8712410722429512,0.4906524206074935,0.014113687999931773,0.20179371535778046,-0.48182423760805376,0.8493675014921098,0.21545359468448858,0.13955211639404297,0.09372511984718897,-0.19451233781191715,0.9764120812180542,0.8338801860809326,0.0,0.0,0.0,1.0,0.1428568959236145,0.95332115888595581,0.26602789759635925,-0.16510511934757233,0.97102946043014526,-0.18701913952827454,0.1487477570772171,0.2037380039691925,0.19155667722225189,0.23707127571105957,-0.95241981744766235,0.8283536434173584,0,0,0,1
4.6,0.8712410722429512,0.4906524206074935,0.014113687999931773,0.20179371535778046,-0.48182423760805376,0.8493675014921098,0.21545359468448858,0.13955211639404297,0.09372511984718897,-0.19451233781191715,0.9764120812180542,0.8338801860809326,0.0,0.0,0.0,1.0,0.1428568959236145,0.95332115888595581,0.26602789759635925,-0.16510511934757233,0.97102946043014526,-0.18701913952827454,0.1487477570772171,0.2037380039691925,0.19155667722225189,0.23707127571105957,-0.95241981744766235,0.8283536434173584,0,0,0,1
4.633333333333334,0.8712410722429512,0.4906524206074935,0.014113687999931773,0.20179371535778046,-0.48182423760805376,0.8493675014921098,0.21545359468448858,0.13955211639404297,0.09372511984718897,-0.19451233781191715,0.9764120812180542,0.8338801860809326,0.0,0.0,0.0,1.0,0.1428568959236145,0.95332115888595581,0.26602789759635925,-0.16510511934757233,0.97102946043014526,-0.18701913952827454,0.1487477570772171,0.2037380039691925,0.19155667722225189,0.23707127571105957,-0.95241981744766235,0.8283536434173584,0,0,0,1
4.666666666666667,0.8712410722429512,0.4906524206074935,0.014113687999931773,0.20179371535778046,-0.48182423760805376,0.8493675014921098,0.21545359468448858,0.13955211639404297,0.09372511984718897,-0.19451233781191715,0.9764120812180542,0.8338801860809326,0.0,0.0,0.0,1.0,0.1428568959236145,0.95332115888595581,0.26602789759635925,-0.16510511934757233,0.97102946043014526,-0.18701913952827454,0.1487477570772171,0.2037380039691925,0.19155667722225189,0.23707127571105957,-0.95241981744766235,0.8283536434173584,0,0,0,1
4.7,0.8712410722429512,0.4906524206074935,0.014113687999931773,0.20179371535778046,-0.48182423760805376,0.8493675014921098,0.21545359468448858,0.13955211639404297,0.09372511984718897,-0.19451233781191715,0.9764120812180542,0.8338801860809326,0.0,0.0,0.0,1.0,0.1428568959236145,0.95332115888595581,0.26602789759635925,-0.16510511934757233,0.97102946043014526,-0.18701913952827454,0.1487477570772171,0.2037380039691925,0.19155667722225189,0.23707127571105957,-0.95241981744766235,0.8283536434173584,0,0,0,1
4.733333333333333,0.8712410722429512,0.4906524206074935,0.014113687999931773,0.20179371535778046,-0.48182423760805376,0.8493675014921098,0.21545359468448858,0.13955211639404297,0.09372511984718897,-0.19451233781191715,0.9764120812180542,0.8338801860809326,0.0,0.0,0.0,1.0,0.1428568959236145,0.95332115888595581,0.26602789759635925,-0.16510511934757233,0.97102946043014526,-0.18701913952827454,0.1487477570772171,0.2037380039691925,0.19155667722225189,0.23707127571105957,-0.95241981744766235,0.8283536434173584,0,0,0,1
4.766666666666667,0.8712410722429512,0.4906524206074935,0.014113687999931773,0.20179371535778046,-0.48182423760805376,0.8493675014921098,0.21545359468448858,0.13955211639404297,0.09372511984718897,-0.19451233781191715,0.9764120812180542,0.8338801860809326,0.0,0.0,0.0,1.0,0.1428568959236145,0.95332115888595581,0.26602789759635925,-0.16510511934757233,0.97102946043014526,-0.18701913952827454,0.1487477570772171,0.2037380039691925,0.19155667722225189,0.23707127571105957,-0.95241981744766235,0.8283536434173584,0,0,0,1
4.8,0.8712410722429512,0.4906524206074935,0.014113687999931773,0.20179371535778046,-0.48182423760805376,0.8493675014921098,0.21545359468448858,0.13955211639404297,0.09372511984718897,-0.19451233781191715,0.9764120812180542,0.8338801860809326,0.0,0.0,0.0,1.0,0.1428568959236145,0.95332115888595581,0.26602789759635925,-0.16510511934757233,0.97102946043014526,-0.18701913952827454,0.1487477570772171,0.2037380039691925,0.19155667722225189,0.23707127571105957,-0.95241981744766235,0.8283536434173584,0,0,0,1
4.833333333333333,0.8712410722429512,0.4906524206074935,0.014113687999931773,0.20179371535778046,-0.48182423760805376,0.8493675014921098,0.21545359468448858,0.13955211639404297,0.09372511984718897,-0.19451233781191715,0.9764120812180542,0.8338801860809326,0.0,0.0,0.0,1.0,0.1428568959236145,0.95332115888595581,0.26602789759635925,-0.16510511934757233,0.97102946043014526,-0.18701913952827454,0.1487477570772171,0.2037380039691925,0.19155667722225189,0.23707127571105957,-0.95241981744766235,0.8283536434173584,0,0,0,1
4.866666666666666,0.8712410722429512,0.4906524206074935,0.014113687999931773,0.20179371535778046,-0.48182423760805376,0.8493675014921098,0.21545359468448858,0.13955211639404297,0.09372511984718897,-0.19451233781191715,0.9764120812180542,0.8338801860809326,0.0,0.0,0.0,1.0,0.1428568959236145,0.95332115888595581,0.26602789759635925,-0.16510511934757233,0.97102946043014526,-0.18701913952827454,0.1487477570772171,0.2037380039691925,0.19155667722225189,0.23707127571105957,-0.95241981744766235,0.8283536434173584,0,0,0,1
4.9,0.8712410722429512,0.4906524206074935,0.014113687999931773,0.20179371535778046,-0.48182423760805376,0.8493675014921098,0.21545359468448858,0.13955211639404297,0.09372511984718897,-0.19451233781191715,0.9764120812180542,0.8338801860809326,0.0,0.0,0.0,1.0,0.1428568959236145,0.95332115888595581,0.26602789759635925,-0.16510511934757233,0.97102946043014526,-0.18701913952827454,0.1487477570772171,0.2037380039691925,0.19155667722225189,0.23707127571105957,-0.95241981744766235,0.8283536434173584,0,0,0,1
4.933333333333334,0.8712410722429512,0.4906524206074935,0.014113687999931773,0.20179371535778046,-0.48182423760805376,0.8493675014921098,0.21545359468448858,0.13955211639404297,0.09372511984718897,-0.19451233781191715,0.9764120812180542,0.8338801860809326,0.0,0.0,0.0,1.0,0.1428568959236145,0.95332115888595581,0.26602789759635925,-0.16510511934757233,0.97102946043014526,-0.18701913952827454,0.1487477570772171,0.2037380039691925,0.19155667722225189,0.23707127571105957,-0.95241981744766235,0.8283536434173584,0,0,0,1
4.966666666666667,0.8712410722429512,0.4906524206074935,0.014113687999931773,0.20179371535778046,-0.48182423760805376,0.8493675014921098,0.21545359468448858,0.13955211639404297,0.09372511984718897,-0.19451233781191715,0.9764120812180542,0.8338801860809326,0.0,0.0,0.0,1.0,0.1428568959236145,0.95332115888595581,0.26602789759635925,-0.16510511934757233,0.97102946043014526,-0.18701913952827454,0.1487477570772171,0.2037380039691925,0.19155667722225189,0.23707127571105957,-0.95241981744766235,0.8283536434173584,0,0,0,1
5.0,0.8712410722429512,0.4906524206074935,0.014113687999931773,0.20179371535778046,-0.48182423760805376,0.8493675014921098,0.21545359468448858,0.13955211639404297,0.09372511984718897,-0.19451233781191715,0.9764120812180542,0.8338801860809326,0.0,0.0,0.0,1.0,0.1428568959236145,0.95332115888595581,0.26602789759635925,-0.16510511934757233,0.97102946043014526,-0.18701913952827454,0.1487477570772171,0.2037380039691925,0.19155667722225189,0.23707127571105957,-0.95241981744766235,0.8283536434173584,0,0,0,1
5.033333333333333,0.8712410722429512,0.4906524206074935,0.014113687999931773,0.20179371535778046,-0.48182423760805376,0.8493675014921098,0.21545359468448858,0.13955211639404297,0.09372511984718897,-0.19451233781191715,0.9764120812180542,0.8338801860809326,0.0,0.0,0.0,1.0,0.1428568959236145,0.95332115888595581,0.26602789759635925,-0.16510511934757233,0.97102946043014526,-0.18701913952827454,0.1487477570772171,0.2037380039691925,0.19155667722225189,0.23707127571105957,-0.95241981744766235,0.8283536434173584,0,0,0,1
5.066666666666666,0.8712410722429512,0.4906524206074935,0.014113687999931773,0.20179371535778046,-0.48182423760805376,0.8493675014921098,0.21545359468448858,0.13955211639404297,0.09372511984718897,-0.19451233781191715,0.9764120812180542,0.8338801860809326,0.0,0.0,0.0,1.0,0.1428568959236145,0.95332115888595581,0.26602789759635925,-0.16510511934757233,0.97102946043014526,-0.18701913952827454,0.1487477570772171,0.2037380039691925,0.19155667722225189,0.23707127571105957,-0.95241981744766235,0.8283536434173584,0,0,0,1
5.1,0.8712410722429512,0.4906524206074935,0.014113687999931773,0.20179371535778046,-0.48182423760805376,0.8493675014921098,0.21545359468448858,0.13955211639404297,0.09372511984718897,-0.19451233781191715,0.9764120812180542,0.8338801860809326,0.0,0.0,0.0,1.0,0.1428568959236145,0.95332115888595581,0.26602789759635925,-0.16510511934757233,0.97102946043014526,-0.18701913952827454,0.1487477570772171,0.2037380039691925,0.19155667722225189,0.23707127571105957,-0.95241981744766235,0.8283536434173584,0,0,0,1
5.133333333333334,0.8712410722429512,0.4906524206074935,0.014113687999931773,0.20179371535778046,-0.48182423760805376,0.8493675014921098,0.21545359468448858,0.13955211639404297,0.09372511984718897,-0.19451233781191715,0.9764120812180542,0.8338801860809326,0.0,0.0,0.0,1.0,0.1428568959236145,0.95332115888595581,0.26602789759635925,-0.16510511934757233,0.97102946043014526,-0.18701913952827454,0.1487477570772171,0.2037380039691925,0.19155667722225189,0.23707127571105957,-0.95241981744766235,0.8283536434173584,0,0,0,1
5.166666666666667,0.8712410722429512,0.4906524206074935,0.014113687999931773,0.20179371535778046,-0.48182423760805376,0.8493675014921098,0.21545359468448858,0.13955211639404297,0.09372511984718897,-0.19451233781191715,0.9764120812180542,0.8338801860809326,0.0,0.0,0.0,1.0,0.1428568959236145,0.95332115888595581,0.26602789759635925,-0.16510511934757233,0.97102946043014526,-0.18701913952827454,0.1487477570772171,0.2037380039691925,0.19155667722225189,0.23707127571105957,-0.95241981744766235,0.8283536434173584,0,0,0,1
5.2,0.8712410722429512,0.4906524206074935,0.014113687999931773,0.20179371535778046,-0.48182423760805376,0.8493675014921098,0.21545359468448858,0.13955211639404297,0.09372511984718897,-0.19451233781191715,0.9764120812180542,0.8338801860809326,0.0,0.0,0.0,1.0,0.1428568959236145,0.95332115888595581,0.26602789759635925,-0.16510511934757233,0.97102946043014526,-0.18701913952827454,0.1487477570772171,0.2037380039691925,0.19155667722225189,0.23707127571105957,-0.95241981744766235,0.8283536434173584,0,0,0,1
5.233333333333333,0.8712410722429512,0.4906524206074935,0.014113687999931773,0.20179371535778046,-0.48182423760805376,0.8493675014921098,0.21545359468448858,0.13955211639404297,0.09372511984718897,-0.19451233781191715,0.9764120812180542,0.8338801860809326,0.0,0.0,0.0,1.0,0.1428568959236145,0.95332115888595581,0.26602789759635925,-0.16510511934757233,0.97102946043014526,-0.18701913952827454,0.1487477570772171,0.2037380039691925,0.19155667722225189,0.23707127571105957,-0.95241981744766235,0.8283536434173584,0,0,0,1
5.266666666666667,0.8712410722429512,0.4906524206074935,0.014113687999931773,0.20179371535778046,-0.48182423760805376,0.8493675014921098,0.21545359468448858,0.13955211639404297,0.09372511984718897,-0.19451233781191715,0.9764120812180542,0.8338801860809326,0.0,0.0,0.0,1.0,0.1428568959236145,0.95332115888595581,0.26602789759635925,-0.16510511934757233,0.97102946043014526,-0.18701913952827454,0.1487477570772171,0.2037380039691925,0.19155667722225189,0.23707127571105957,-0.95241981744766235,0.8283536434173584,0,0,0,1
5.3,0.8712410722429512,0.4906524206074935,0.014113687999931773,0.20179371535778046,-0.48182423760805376,0.8493675014921098,0.21545359468448858,0.13955211639404297,0.09372511984718897,-0.19451233781191715,0.9764120812180542,0.8338801860809326,0.0,0.0,0.0,1.0,0.1428568959236145,0.95332115888595581,0.26602789759635925,-0.16510511934757233,0.97102946043014526,-0.18701913952827454,0.1487477570772171,0.2037380039691925,0.19155667722225189,0.23707127571105957,-0.95241981744766235,0.8283536434173584,0,0,0,1
5.333333333333333,0.8712410722429512,0.4906524206074935,0.014113687999931773,0.20179371535778046,-0.48182423760805376,0.8493675014921098,0.21545359468448858,0.13955211639404297,0.09372511984718897,-0.19451233781191715,0.9764120812180542,0.8338801860809326,0.0,0.0,0.0,1.0,0.1428568959236145,0.95332115888595581,0.26602789759635925,-0.16510511934757233,0.97102946043014526,-0.18701913952827454,0.1487477570772171,0.2037380039691925,0.19155667722225189,0.23707127571105957,-0.95241981744766235,0.8283536434173584,0,0,0,1
5.366666666666666,0.8712410722429512,0.4906524206074935,0.014113687999931773,0.20179371535778046,-0.48182423760805376,0.8493675014921098,0.21545359468448858,0.13955211639404297,0.09372511984718897,-0.19451233781191715,0.9764120812180542,0.8338801860809326,0.0,0.0,0.0,1.0,0.1428568959236145,0.95332115888595581,0.26602789759635925,-0.16510511934757233,0.97102946043014526,-0.18701913952827454,0.1487477570772171,0.2037380039691925,0.19155667722225189,0.23707127571105957,-0.95241981744766235,0.8283536434173584,0,0,0,1
5.4,0.8712410722429512,0.4906524206074935,0.014113687999931773,0.20179371535778046,-0.48182423760805376,0.8493675014921098,0.21545359468448858,0.13955211639404297,0.09372511984718897,-0.19451233781191715,0.9764120812180542,0.8338801860809326,0.0,0.0,0.0,1.0,0.1428568959236145,0.95332115888595581,0.26602789759635925,-0.16510511934757233,0.97102946043014526,-0.18701913952827454,0.1487477570772171,0.2037380039691925,0.19155667722225189,0.23707127571105957,-0.95241981744766235,0.8283536434173584,0,0,0,1
5.433333333333334,0.8712410722429512,0.4906524206074935,0.014113687999931773,0.20179371535778046,-0.48182423760805376,0.8493675014921098,0.21545359468448858,0.13955211639404297,0.09372511984718897,-0.19451233781191715,0.9764120812180542,0.8338801860809326,0.0,0.0,0.0,1.0,0.1428568959236145,0.95332115888595581,0.26602789759635925,-0.16510511934757233,0.97102946043014526,-0.18701913952827454,0.1487477570772171,0.2037380039691925,0.19155667722225189,0.23707127571105957,-0.95241981744766235,0.8283536434173584,0,0,0,1
5.466666666666667,0.8712410722429512,0.4906524206074935,0.014113687999931773,0.20179371535778046,-0.48182423760805376,0.8493675014921098,0.21545359468448858,0.13955211639404297,0.09372511984718897,-0.19451233781191715,0.9764120812180542,0.8338801860809326,0.0,0.0,0.0,1.0,0.1428568959236145,0.95332115888595581,0.26602789759635925,-0.16510511934757233,0.97102946043014526,-0.18701913952827454,0.1487477570772171,0.2037380039691925,0.19155667722225189,0.23707127571105957,-0.95241981744766235,0.8283536434173584,0,0,0,1
5.5,0.8712410722429512,0.4906524206074935,0.014113687999931773,0.20179371535778046,-0.48182423760805376,0.8493675014921098,0.21545359468448858,0.13955211639404297,0.09372511984718897,-0.19451233781191715,0.9764120812180542,0.8338801860809326,0.0,0.0,0.0,1.0,0.1428568959236145,0.95332115888595581,0.26602789759635925,-0.16510511934757233,0.97102946043014526,-0.18701913952827454,0.1487477570772171,0.2037380039691925,0.19155667722225189,0.23707127571105957,-0.95241981744766235,0.8283536434173584,0,0,0,1
5.533333333333333,0.8712410722429512,0.4906524206074935,0.014113687999931773,0.20179371535778046,-0.48182423760805376,0.8493675014921098,0.21545359468448858,0.13955211639404297,0.09372511984718897,-0.19451233781191715,0.9764120812180542,0.8338801860809326,0.0,0.0,0.0,1.0,0.1428568959236145,0.95332115888595581,0.26602789759635925,-0.16510511934757233,0.97102946043014526,-0.18701913952827454,0.1487477570772171,0.2037380039691925,0.19155667722225189,0.23707127571105957,-0.95241981744766235,0.8283536434173584,0,0,0,1
5.566666666666666,0.8712410722429512,0.4906524206074935,0.014113687999931773,0.20179371535778046,-0.48182423760805376,0.8493675014921098,0.21545359468448858,0.13955211639404297,0.09372511984718897,-0.19451233781191715,0.9764120812180542,0.8338801860809326,0.0,0.0,0.0,1.0,0.1428568959236145,0.95332115888595581,0.26602789759635925,-0.16510511934757233,0.97102946043014526,-0.18701913952827454,0.1487477570772171,0.2037380039691925,0.19155667722225189,0.23707127571105957,-0.95241981744766235,0.8283536434173584,0,0,0,1
5.6,0.8712410722429512,0.4906524206074935,0.014113687999931773,0.20179371535778046,-0.48182423760805376,0.8493675014921098,0.21545359468448858,0.13955211639404297,0.09372511984718897,-0.19451233781191715,0.9764120812180542,0.8338801860809326,0.0,0.0,0.0,1.0,0.1428568959236145,0.95332115888595581,0.26602789759635925,-0.16510511934757233,0.97102946043014526,-0.18701913952827454,0.1487477570772171,0.2037380039691925,0.19155667722225189,0.23707127571105957,-0.95241981744766235,0.8283536434173584,0,0,0,1
5.633333333333334,0.8712410722429512,0.4906524206074935,0.014113687999931773,0.20179371535778046,-0.48182423760805376,0.8493675014921098,0.21545359468448858,0.13955211639404297,0.09372511984718897,-0.19451233781191715,0.9764120812180542,0.8338801860809326,0.0,0.0,0.0,1.0,0.1428568959236145,0.95332115888595581,0.26602789759635925,-0.16510511934757233,0.97102946043014526,-0.18701913952827454,0.1487477570772171,0.2037380039691925,0.19155667722225189,0.23707127571105957,-0.95241981744766235,0.8283536434173584,0,0,0,1
5.666666666666667,0.8712410722429512,0.4906524206074935,0.014113687999931773,0.20179371535778046,-0.48182423760805376,0.8493675014921098,0.21545359468448858,0.13955211639404297,0.09372511984718897,-0.19451233781191715,0.9764120812180542,0.8338801860809326,0.0,0.0,0.0,1.0,0.1428568959236145,0.95332115888595581,0.26602789759635925,-0.16510511934757233,0.97102946043014526,-0.18701913952827454,0.1487477570772171,0.2037380039691925,0.19155667722225189,0.23707127571105957,-0.95241981744766235,0.8283536434173584,0,0,0,1
5.7,0.8712410722429512,0.4906524206074935,0.014113687999931773,0.20179371535778046,-0.48182423760805376,0.8493675014921098,0.21545359468448858,0.13955211639404297,0.09372511984718897,-0.19451233781191715,0.9764120812180542,0.8338801860809326,0.0,0.0,0.0,1.0,0.1428568959236145,0.95332115888595581,0.26602789759635925,-0.16510511934757233,0.97102946043014526,-0.18701913952827454,0.1487477570772171,0.2037380039691925,0.19155667722225189,0.23707127571105957,-0.95241981744766235,0.8283536434173584,0,0,0,1
5.733333333333333,0.8712410722429512,0.4906524206074935,0.014113687999931773,0.20179371535778046,-0.48182423760805376,0.8493675014921098,0.21545359468448858,0.13955211639404297,0.09372511984718897,-0.19451233781191715,0.9764120812180542,0.8338801860809326,0.0,0.0,0.0,1.0,0.1428568959236145,0.95332115888595581,0.26602789759635925,-0.16510511934757233,0.97102946043014526,-0.18701913952827454,0.1487477570772171,0.2037380039691925,0.19155667722225189,0.23707127571105957,-0.95241981744766235,0.8283536434173584,0,0,0,1
5.766666666666667,0.8712410722429512,0.4906524206074935,0.014113687999931773,0.20179371535778046,-0.48182423760805376,0.8493675014921098,0.21545359468448858,0.13955211639404297,0.09372511984718897,-0.19451233781191715,0.9764120812180542,0.8338801860809326,0.0,0.0,0.0,1.0,0.1428568959236145,0.95332115888595581,0.26602789759635925,-0.16510511934757233,0.97102946043014526,-0.18701913952827454,0.1487477570772171,0.2037380039691925,0.19155667722225189,0.23707127571105957,-0.95241981744766235,0.8283536434173584,0,0,0,1
5.8,0.8712410722429512,0.4906524206074935,0.014113687999931773,0.20179371535778046,-0.48182423760805376,0.8493675014921098,0.21545359468448858,0.13955211639404297,0.09372511984718897,-0.19451233781191715,0.9764120812180542,0.8338801860809326,0.0,0.0,0.0,1.0,0.1428568959236145,0.95332115888595581,0.26602789759635925,-0.16510511934757233,0.97102946043014526,-0.18701913952827454,0.1487477570772171,0.2037380039691925,0.19155667722225189,0.23707127571105957,-0.95241981744766235,0.8283536434173584,0,0,0,1
5.833333333333333,0.8712410722429512,0.4906524206074935,0.014113687999931773,0.20179371535778046,-0.48182423760805376,0.8493675014921098,0.21545359468448858,0.13955211639404297,0.09372511984718897,-0.19451233781191715,0.9764120812180542,0.8338801860809326,0.0,0.0,0.0,1.0,0.1428568959236145,0.95332115888595581,0.26602789759635925,-0.16510511934757233,0.97102946043014526,-0.18701913952827454,0.1487477570772171,0.2037380039691925,0.19155667722225189,0.23707127571105957,-0.95241981744766235,0.8283536434173584,0,0,0,1
5.866666666666666,0.8712410722429512,0.4906524206074935,0.014113687999931773,0.20179371535778046,-0.48182423760805376,0.8493675014921098,0.21545359468448858,0.13955211639404297,0.09372511984718897,-0.19451233781191715,0.9764120812180542,0.8338801860809326,0.0,0.0,0.0,1.0,0.1428568959236145,0.95332115888595581,0.26602789759635925,-0.16510511934757233,0.97102946043014526,-0.18701913952827454,0.1487477570772171,0.2037380039691925,0.19155667722225189,0.23707127571105957,-0.95241981744766235,0.8283536434173584,0,0,0,1
5.9,0.8712410722429512,0.4906524206074935,0.014113687999931773,0.20179371535778046,-0.48182423760805376,0.8493675014921098,0.21545359468448858,0.13955211639404297,0.09372511984718897,-0.19451233781191715,0.9764120812180542,0.8338801860809326,0.0,0.0,0.0,1.0,0.1428568959236145,0.95332115888595581,0.26602789759635925,-0.16510511934757233,0.97102946043014526,-0.18701913952827454,0.1487477570772171,0.2037380039691925,0.19155667722225189,0.23707127571105957,-0.95241981744766235,0.8283536434173584,0,0,0,1
5.933333333333334,0.8712410722429512,0.4906524206074935,0.014113687999931773,0.20179371535778046,-0.48182423760805376,0.8493675014921098,0.21545359468448858,0.13955211639404297,0.09372511984718897,-0.19451233781191715,0.9764120812180542,0.8338801860809326,0.0,0.0,0.0,1.0,0.1428568959236145,0.95332115888595581,0.26602789759635925,-0.16510511934757233,0.97102946043014526,-0.18701913952827454,0.1487477570772171,0.2037380039691925,0.19155667722225189,0.23707127571105957,-0.95241981744766235,0.8283536434173584,0,0,0,1
5.966666666666667,0.8712410722429512,0.4906524206074935,0.014113687999931773,0.20179371535778046,-0.48182423760805376,0.8493675014921098,0.21545359468448858,0.13955211639404297,0.09372511984718897,-0.19451233781191715,0.9764120812180542,0.8338801860809326,0.0,0.0,0.0,1.0,0.1428568959236145,0.95332115888595581,0.26602789759635925,-0.16510511934757233,0.97102946043014526,-0.18701913952827454,0.1487477570772171,0.2037380039691925,0.19155667722225189,0.23707127571105957,-0.95241981744766235,0.8283536434173584,0,0,0,1
6.0,0.8712410722429512,0.4906524206074935,0.014113687999931773,0.20179371535778046,-0.48182423760805376,0.8493675014921098,0.21545359468448858,0.13955211639404297,0.09372511984718897,-0.19451233781191715,0.9764120812180542,0.8338801860809326,0.0,0.0,0.0,1.0,0.1428568959236145,0.95332115888595581,0.26602789759635925,-0.16510511934757233,0.97102946043014526,-0.18701913952827454,0.1487477570772171,0.2037380039691925,0.19155667722225189,0.23707127571105957,-0.95241981744766235,0.8283536434173584,0,0,0,1
6.033333333333333,0.8712410722429512,0.4906524206074935,0.014113687999931773,0.20179371535778046,-0.48182423760805376,0.8493675014921098,0.21545359468448858,0.13955211639404297,0.09372511984718897,-0.19451233781191715,0.9764120812180542,0.8338801860809326,0.0,0.0,0.0,1.0,0.1428568959236145,0.95332115888595581,0.26602789759635925,-0.16510511934757233,0.97102946043014526,-0.18701913952827454,0.1487477570772171,0.2037380039691925,0.19155667722225189,0.23707127571105957,-0.95241981744766235,0.8283536434173584,0,0,0,1
6.066666666666666,0.8712410722429512,0.4906524206074935,0.014113687999931773,0.20179371535778046,-0.48182423760805376,0.8493675014921098,0.21545359468448858,0.13955211639404297,0.09372511984718897,-0.19451233781191715,0.9764120812180542,0.8338801860809326,0.0,0.0,0.0,1.0,0.1428568959236145,0.95332115888595581,0.26602789759635925,-0.16510511934757233,0.97102946043014526,-0.18701913952827454,0.1487477570772171,0.2037380039691925,0.19155667722225189,0.23707127571105957,-0.95241981744766235,0.8283536434173584,0,0,0,1
6.1,0.8712410722429512,0.4906524206074935,0.014113687999931773,0.20179371535778046,-0.48182423760805376,0.8493675014921098,0.21545359468448858,0.13955211639404297,0.09372511984718897,-0.19451233781191715,0.9764120812180542,0.8338801860809326,0.0,0.0,0.0,1.0,0.1428568959236145,0.95332115888595581,0.26602789759635925,-0.16510511934757233,0.97102946043014526,-0.18701913952827454,0.1487477570772171,0.2037380039691925,0.19155667722225189,0.23707127571105957,-0.95241981744766235,0.8283536434173584,0,0,0,1
6.133333333333334,0.8712410722429512,0.4906524206074935,0.014113687999931773,0.20179371535778046,-0.48182423760805376,0.8493675014921098,0.21545359468448858,0.13955211639404297,0.09372511984718897,-0.19451233781191715,0.9764120812180542,0.8338801860809326,0.0,0.0,0.0,1.0,0.1428568959236145,0.95332115888595581,0.26602789759635925,-0.16510511934757233,0.97102946043014526,-0.18701913952827454,0.1487477570772171,0.2037380039691925,0.19155667722225189,0.23707127571105957,-0.95241981744766235,0.8283536434173584,0,0,0,1
6.166666666666667,0.8712410722429512,0.4906524206074935,0.014113687999931773,0.20179371535778046,-0.48182423760805376,0.8493675014921098,0.21545359468448858,0.13955211639404297,0.09372511984718897,-0.19451233781191715,0.9764120812180542,0.8338801860809326,0.0,0.0,0.0,1.0,0.1428568959236145,0.95332115888595581,0.26602789759635925,-0.16510511934757233,0.97102946043014526,-0.18701913952827454,0.1487477570772171,0.2037380039691925,0.19155667722225189,0.23707127571105957,-0.95241981744766235,0.8283536434173584,0,0,0,1
6.2,0.8712410722429512,0.4906524206074935,0.014113687999931773,0.20179371535778046,-0.48182423760805376,0.8493675014921098,0.21545359468448858,0.13955211639404297,0.09372511984718897,-0.19451233781191715,0.9764120812180542,0.8338801860809326,0.0,0.0,0.0,1.0,0.1428568959236145,0.95332115888595581,0.26602789759635925,-0.16510511934757233,0.97102946043014526,-0.18701913952827454,0.1487477570772171,0.2037380039691925,0.19155667722225189,0.23707127571105957,-0.95241981744766235,0.8283536434173584,0,0,0,1
6.233333333333333,0.8712410722429512,0.4906524206074935,0.014113687999931773,0.20179371535778046,-0.48182423760805376,0.8493675014921098,0.21545359468448858,0.13955211639404297,0.09372511984718897,-0.19451233781191715,0.9764120812180542,0.8338801860809326,0.0,0.0,0.0,1.0,0.1428568959236145,0.95332115888595581,0.26602789759635925,-0.16510511934757233,0.97102946043014526,-0.18701913952827454,0.1487477570772171,0.2037380039691925,0.19155667722225189,0.23707127571105957,-0.95241981744766235,0.8283536434173584,0,0,0,1
6.266666666666667,0.8712410722429512,0.4906524206074935,0.014113687999931773,0.20179371535778046,-0.48182423760805376,0.8493675014921098,0.21545359468448858,0.13955211639404297,0.09372511984718897,-0.19451233781191715,0.9764120812180542,0.8338801860809326,0.0,0.0,0.0,1.0,0.1428568959236145,0.95332115888595581,0.26602789759635925,-0.16510511934757233,0.97102946043014526,-0.18701913952827454,0.1487477570772171,0.2037380039691925,0.19155667722225189,0.23707127571105957,-0.95241981744766235,0.8283536434173584,0,0,0,1
6.3,0.8712410722429512,0.4906524206074935,0.014113687999931773,0.20179371535778046,-0.48182423760805376,0.8493675014921098,0.21545359468448858,0.13955211639404297,0.09372511984718897,-0.19451233781191715,0.9764120812180542,0.8338801860809326,0.0,0.0,0.0,1.0,0.1428568959236145,0.95332115888595581,0.26602789759635925,-0.16510511934757233,0.97102946043014526,-0.18701913952827454,0.1487477570772171,0.2037380039691925,0.19155667722225189,0.23707127571105957,-0.95241981744766235,0.8283536434173584,0,0,0,1
6.333333333333333,0.8712410722429512,0.4906524206074935,0.014113687999931773,0.20179371535778046,-0.48182423760805376,0.8493675014921098,0.21545359468448858,0.13955211639404297,0.09372511984718897,-0.19451233781191715,0.9764120812180542,0.8338801860809326,0.0,0.0,0.0,1.0,0.1428568959236145,0.95332115888595581,0.26602789759635925,-0.16510511934757233,0.97102946043014526,-0.18701913952827454,0.1487477570772171,0.2037380039691925,0.19155667722225189,0.23707127571105957,-0.95241981744766235,0.8283536434173584,0,0,0,1
6.366666666666666,0.8712410722429512,0.4906524206074935,0.014113687999931773,0.20179371535778046,-0.48182423760805376,0.8493675014921098,0.21545359468448858,0.13955211639404297,0.09372511984718897,-0.19451233781191715,0.9764120812180542,0.8338801860809326,0.0,0.0,0.0,1.0,0.1428568959236145,0.95332115888595581,0.26602789759635925,-0.16510511934757233,0.97102946043014526,-0.18701913952827454,0.1487477570772171,0.2037380039691925,0.19155667722225189,0.23707127571105957,-0.95241981744766235,0.8283536434173584,0,0,0,1
6.4,0.8712410722429512,0.4906524206074935,0.014113687999931773,0.20179371535778046,-0.48182423760805376,0.8493675014921098,0.21545359468448858,0.13955211639404297,0.09372511984718897,-0.19451233781191715,0.9764120812180542,0.8338801860809326,0.0,0.0,0.0,1.0,0.1428568959236145,0.95332115888595581,0.26602789759635925,-0.16510511934757233,0.97102946043014526,-0.18701913952827454,0.1487477570772171,0.2037380039691925,0.19155667722225189,0.23707127571105957,-0.95241981744766235,0.8283536434173584,0,0,0,1
6.433333333333334,0.8712410722429512,0.4906524206074935,0.014113687999931773,0.20179371535778046,-0.48182423760805376,0.8493675014921098,0.21545359468448858,0.13955211639404297,0.09372511984718897,-0.19451233781191715,0.9764120812180542,0.8338801860809326,0.0,0.0,0.0,1.0,0.1428568959236145,0.95332115888595581,0.26602789759635925,-0.16510511934757233,0.97102946043014526,-0.18701913952827454,0.1487477570772171,0.2037380039691925,0.19155667722225189,0.23707127571105957,-0.95241981744766235,0.8283536434173584,0,0,0,1
6.466666666666667,0.8712410722429512,0.4906524206074935,0.014113687999931773,0.20179371535778046,-0.48182423760805376,0.8493675014921098,0.21545359468448858,0.13955211639404297,0.09372511984718897,-0.19451233781191715,0.9764120812180542,0.8338801860809326,0.0,0.0,0.0,1.0,0.1428568959236145,0.95332115888595581,0.26602789759635925,-0.16510511934757233,0.97102946043014526,-0.18701913952827454,0.1487477570772171,0.2037380039691925,0.19155667722225189,0.23707127571105957,-0.95241981744766235,0.8283536434173584,0,0,0,1
6.5,0.8712410722429512,0.4906524206074935,0.014113687999931773,0.20179371535778046,-0.48182423760805376,0.8493675014921098,0.21545359468448858,0.13955211639404297,0.09372511984718897,-0.19451233781191715,0.9764120812180542,0.8338801860809326,0.0,0.0,0.0,1.0,0.1428568959236145,0.95332115888595581,0.26602789759635925,-0.16510511934757233,0.97102946043014526,-0.18701913952827454,0.1487477570772171,0.2037380039691925,0.19155667722225189,0.23707127571105957,-0.95241981744766235,0.8283536434173584,0,0,0,1
6.533333333333333,0.8712410722429512,0.4906524206074935,0.014113687999931773,0.20179371535778046,-0.48182423760805376,0.8493675014921098,0.21545359468448858,0.13955211639404297,0.09372511984718897,-0.19451233781191715,0.9764120812180542,0.8338801860809326,0.0,0.0,0.0,1.0,0.1428568959236145,0.95332115888595581,0.26602789759635925,-0.16510511934757233,0.97102946043014526,-0.18701913952827454,0.1487477570772171,0.2037380039691925,0.19155667722225189,0.23707127571105957,-0.95241981744766235,0.8283536434173584,0,0,0,1
6.566666666666666,0.8712410722429512,0.4906524206074935,0.014113687999931773,0.20179371535778046,-0.48182423760805376,0.8493675014921098,0.21545359468448858,0.13955211639404297,0.09372511984718897,-0.19451233781191715,0.9764120812180542,0.8338801860809326,0.0,0.0,0.0,1.0,0.1428568959236145,0.95332115888595581,0.26602789759635925,-0.16510511934757233,0.97102946043014526,-0.18701913952827454,0.1487477570772171,0.2037380039691925,0.19155667722225189,0.23707127571105957,-0.95241981744766235,0.8283536434173584,0,0,0,1
6.6,0.8712410722429512,0.4906524206074935,0.014113687999931773,0.20179371535778046,-0.48182423760805376,0.8493675014921098,0.21545359468448858,0.13955211639404297,0.09372511984718897,-0.19451233781191715,0.9764120812180542,0.8338801860809326,0.0,0.0,0.0,1.0,0.1428568959236145,0.95332115888595581,0.26602789759635925,-0.16510511934757233,0.97102946043014526,-0.18701913952827454,0.1487477570772171,0.2037380039691925,0.19155667722225189,0.23707127571105957,-0.95241981744766235,0.8283536434173584,0,0,0,1
6.633333333333334,0.8712410722429512,0.4906524206074935,0.014113687999931773,0.20179371535778046,-0.48182423760805376,0.8493675014921098,0.21545359468448858,0.13955211639404297,0.09372511984718897,-0.19451233781191715,0.9764120812180542,0.8338801860809326,0.0,0.0,0.0,1.0,0.1428568959236145,0.95332115888595581,0.26602789759635925,-0.16510511934757233,0.97102946043014526,-0.18701913952827454,0.1487477570772171,0.2037380039691925,0.19155667722225189,0.23707127571105957,-0.95241981744766235,0.8283536434173584,0,0,0,1
6.666666666666667,0.8712410722429512,0.4906524206074935,0.014113687999931773,0.20179371535778046,-0.48182423760805376,0.8493675014921098,0.21545359468448858,0.13955211639404297,0.09372511984718897,-0.19451233781191715,0.9764120812180542,0.8338801860809326,0.0,0.0,0.0,1.0,0.1428568959236145,0.95332115888595581,0.26602789759635925,-0.16510511934757233,0.97102946043014526,-0.18701913952827454,0.1487477570772171,0.2037380039691925,0.19155667722225189,0.23707127571105957,-0.95241981744766235,0.8283536434173584,0,0,0,1
6.7,0.8712410722429512,0.4906524206074935,0.014113687999931773,0.20179371535778046,-0.48182423760805376,0.8493675014921098,0.21545359468448858,0.13955211639404297,0.09372511984718897,-0.19451233781191715,0.9764120812180542,0.8338801860809326,0.0,0.0,0.0,1.0,0.1428568959236145,0.95332115888595581,0.26602789759635925,-0.16510511934757233,0.97102946043014526,-0.18701913952827454,0.1487477570772171,0.2037380039691925,0.19155667722225189,0.23707127571105957,-0.95241981744766235,0.8283536434173584,0,0,0,1
6.733333333333333,0.8712410722429512,0.4906524206074935,0.014113687999931773,0.20179371535778046,-0.48182423760805376,0.8493675014921098,0.21545359468448858,0.13955211639404297,0.09372511984718897,-0.19451233781191715,0.9764120812180542,0.8338801860809326,0.0,0.0,0.0,1.0,0.1428568959236145,0.95332115888595581,0.26602789759635925,-0.16510511934757233,0.97102946043014526,-0.18701913952827454,0.1487477570772171,0.2037380039691925,0.19155667722225189,0.23707127571105957,-0.95241981744766235,0.8283536434173584,0,0,0,1
6.766666666666667,0.8712410722429512,0.4906524206074935,0.014113687999931773,0.20179371535778046,-0.48182423760805376,0.8493675014921098,0.21545359468448858,0.13955211639404297,0.09372511984718897,-0.19451233781191715,0.9764120812180542,0.8338801860809326,0.0,0.0,0.0,1.0,0.1428568959236145,0.95332115888595581,0.26602789759635925,-0.16510511934757233,0.97102946043014526,-0.18701913952827454,0.1487477570772171,0.2037380039691925,0.19155667722225189,0.23707127571105957,-0.95241981744766235,0.8283536434173584,0,0,0,1
6.8,0.8712410722429512,0.4906524206074935,0.014113687999931773,0.20179371535778046,-0.48182423760805376,0.8493675014921098,0.21545359468448858,0.13955211639404297,0.09372511984718897,-0.19451233781191715,0.9764120812180542,0.8338801860809326,0.0,0.0,0.0,1.0,0.1428568959236145,0.95332115888595581,0.26602789759635925,-0.16510511934757233,0.97102946043014526,-0.18701913952827454,0.1487477570772171,0.2037380039691925,0.19155667722225189,0.23707127571105957,-0.95241981744766235,0.8283536434173584,0,0,0,1
6.833333333333333,0.8712410722429512,0.4906524206074935,0.014113687999931773,0.20179371535778046,-0.48182423760805376,0.8493675014921098,0.21545359468448858,0.13955211639404297,0.09372511984718897,-0.19451233781191715,0.9764120812180542,0.8338801860809326,0.0,0.0,0.0,1.0,0.1428568959236145,0.95332115888595581,0.26602789759635925,-0.16510511934757233,0.97102946043014526,-0.18701913952827454,0.1487477570772171,0.2037380039691925,0.19155667722225189,0.23707127571105957,-0.95241981744766235,0.8283536434173584,0,0,0,1
6.866666666666666,0.8712410722429512,0.4906524206074935,0.014113687999931773,0.20179371535778046,-0.48182423760805376,0.8493675014921098,0.21545359468448858,0.13955211639404297,0.09372511984718897,-0.19451233781191715,0.9764120812180542,0.8338801860809326,0.0,0.0,0.0,1.0,0.1428568959236145,0.95332115888595581,0.26602789759635925,-0.16510511934757233,0.97102946043014526,-0.18701913952827454,0.1487477570772171,0.2037380039691925,0.19155667722225189,0.23707127571105957,-0.95241981744766235,0.8283536434173584,0,0,0,1
6.9,0.8712410722429512,0.4906524206074935,0.014113687999931773,0.20179371535778046,-0.48182423760805376,0.8493675014921098,0.21545359468448858,0.13955211639404297,0.09372511984718897,-0.19451233781191715,0.9764120812180542,0.8338801860809326,0.0,0.0,0.0,1.0,0.1428568959236145,0.95332115888595581,0.26602789759635925,-0.16510511934757233,0.97102946043014526,-0.18701913952827454,0.1487477570772171,0.2037380039691925,0.19155667722225189,0.23707127571105957,-0.95241981744766235,0.8283536434173584,0,0,0,1
6.933333333333334,0.8712410722429512,0.4906524206074935,0.014113687999931773,0.20179371535778046,-0.48182423760805376,0.8493675014921098,0.21545359468448858,0.13955211639404297,0.09372511984718897,-0.19451233781191715,0.9764120812180542,0.8338801860809326,0.0,0.0,0.0,1.0,0.1428568959236145,0.95332115888595581,0.26602789759635925,-0.16510511934757233,0.97102946043014526,-0.18701913952827454,0.1487477570772171,0.2037380039691925,0.19155667722225189,0.23707127571105957,-0.95241981744766235,0.8283536434173584,0,0,0,1
6.966666666666667,0.8712410722429512,0.4906524206074935,0.014113687999931773,0.20179371535778046,-0.48182423760805376,0.8493675014921098,0.21545359468448858,0.13955211639404297,0.09372511984718897,-0.19451233781191715,0.9764120812180542,0.8338801860809326,0.0,0.0,0.0,1.0,0.1428568959236145,0.95332115888595581,0.26602789759635925,-0.16510511934757233,0.97102946043014526,-0.18701913952827454,0.1487477570772171,0.2037380039691925,0.19155667722225189,0.23707127571105957,-0.95241981744766235,0.8283536434173584,0,0,0,1
7.0,0.8712410722429512,0.4906524206074935,0.014113687999931773,0.20179371535778046,-0.48182423760805376,0.8493675014921098,0.21545359468448858,0.13955211639404297,0.09372511984718897,-0.19451233781191715,0.9764120812180542,0.8338801860809326,0.0,0.0,0.0,1.0,0.1428568959236145,0.95332115888595581,0.26602789759635925,-0.16510511934757233,0.97102946043014526,-0.18701913952827454,0.1487477570772171,0.2037380039691925,0.19155667722225189,0.23707127571105957,-0.95241981744766235,0.8283536434173584,0,0,0,1
7.033333333333333,0.8712410722429512,0.4906524206074935,0.014113687999931773,0.20179371535778046,-0.48182423760805376,0.8493675014921098,0.21545359468448858,0.13955211639404297,0.09372511984718897,-0.19451233781191715,0.9764120812180542,0.8338801860809326,0.0,0.0,0.0,1.0,0.1428568959236145,0.95332115888595581,0.26602789759635925,-0.16510511934757233,0.97102946043014526,-0.18701913952827454,0.1487477570772171,0.2037380039691925,0.19155667722225189,0.23707127571105957,-0.95241981744766235,0.8283536434173584,0,0,0,1
7.066666666666666,0.8712410722429512,0.4906524206074935,0.014113687999931773,0.20179371535778046,-0.48182423760805376,0.8493675014921098,0.21545359468448858,0.13955211639404297,0.09372511984718897,-0.19451233781191715,0.9764120812180542,0.8338801860809326,0.0,0.0,0.0,1.0,0.1428568959236145,0.95332115888595581,0.26602789759635925,-0.16510511934757233,0.97102946043014526,-0.18701913952827454,0.1487477570772171,0.2037380039691925,0.19155667722225189,0.23707127571105957,-0.95241981744766235,0.8283536434173584,0,0,0,1
7.1,0.8712410722429512,0.4906524206074935,0.014113687999931773,0.20179371535778046,-0.48182423760805376,0.8493675014921098,0.21545359468448858,0.13955211639404297,0.09372511984718897,-0.19451233781191715,0.9764120812180542,0.8338801860809326,0.0,0.0,0.0,1.0,0.1428568959236145,0.95332115888595581,0.26602789759635925,-0.16510511934757233,0.97102946043014526,-0.18701913952827454,0.1487477570772171,0.2037380039691925,0.19155667722225189,0.23707127571105957,-0.95241981744766235,0.8283536434173584,0,0,0,1
7.133333333333334,0.8712410722429512,0.4906524206074935,0.014113687999931773,0.20179371535778046,-0.48182423760805376,0.8493675014921098,0.21545359468448858,0.13955211639404297,0.09372511984718897,-0.19451233781191715,0.9764120812180542,0.8338801860809326,0.0,0.0,0.0,1.0,0.1428568959236145,0.95332115888595581,0.26602789759635925,-0.16510511934757233,0.97102946043014526,-0.18701913952827454,0.1487477570772171,0.2037380039691925,0.19155667722225189,0.23707127571105957,-0.95241981744766235,0.8283536434173584,0,0,0,1
7.166666666666667,0.8712410722429512,0.4906524206074935,0.014113687999931773,0.20179371535778046,-0.48182423760805376,0.8493675014921098,0.21545359468448858,0.13955211639404297,0.09372511984718897,-0.19451233781191715,0.9764120812180542,0.8338801860809326,0.0,0.0,0.0,1.0,0.1428568959236145,0.95332115888595581,0.26602789759635925,-0.16510511934757233,0.97102946043014526,-0.18701913952827454,0.1487477570772171,0.2037380039691925,0.19155667722225189,0.23707127571105957,-0.95241981744766235,0.8283536434173584,0,0,0,1
7.2,0.8712410722429512,0.4906524206074935,0.014113687999931773,0.20179371535778046,-0.48182423760805376,0.8493675014921098,0.21545359468448858,0.13955211639404297,0.09372511984718897,-0.19451233781191715,0.9764120812180542,0.8338801860809326,0.0,0.0,0.0,1.0,0.1428568959236145,0.95332115888595581,0.26602789759635925,-0.16510511934757233,0.97102946043014526,-0.18701913952827454,0.1487477570772171,0.2037380039691925,0.19155667722225189,0.23707127571105957,-0.95241981744766235,0.8283536434173584,0,0,0,1
7.233333333333333,0.8712410722429512,0.4906524206074935,0.014113687999931773,0.20179371535778046,-0.48182423760805376,0.8493675014921098,0.21545359468448858,0.13955211639404297,0.09372511984718897,-0.19451233781191715,0.9764120812180542,0.8338801860809326,0.0,0.0,0.0,1.0,0.1428568959236145,0.95332115888595581,0.26602789759635925,-0.16510511934757233,0.97102946043014526,-0.18701913952827454,0.1487477570772171,0.2037380039691925,0.19155667722225189,0.23707127571105957,-0.95241981744766235,0.8283536434173584,0,0,0,1
7.266666666666667,0.8712410722429512,0.4906524206074935,0.014113687999931773,0.20179371535778046,-0.48182423760805376,0.8493675014921098,0.21545359468448858,0.13955211639404297,0.09372511984718897,-0.19451233781191715,0.9764120812180542,0.8338801860809326,0.0,0.0,0.0,1.0,0.1428568959236145,0.95332115888595581,0.26602789759635925,-0.16510511934757233,0.97102946043014526,-0.18701913952827454,0.1487477570772171,0.2037380039691925,0.19155667722225189,0.23707127571105957,-0.95241981744766235,0.8283536434173584,0,0,0,1
7.3,0.8712410722429512,0.4906524206074935,0.014113687999931773,0.20179371535778046,-0.48182423760805376,0.8493675014921098,0.21545359468448858,0.13955211639404297,0.09372511984718897,-0.19451233781191715,0.9764120812180542,0.8338801860809326,0.0,0.0,0.0,1.0,0.1428568959236145,0.95332115888595581,0.26602789759635925,-0.16510511934757233,0.97102946043014526,-0.18701913952827454,0.1487477570772171,0.2037380039691925,0.19155667722225189,0.23707127571105957,-0.95241981744766235,0.8283536434173584,0,0,0,1
7.333333333333333,0.8712410722429512,0.4906524206074935,0.014113687999931773,0.20179371535778046,-0.48182423760805376,0.8493675014921098,0.21545359468448858,0.13955211639404297,0.09372511984718897,-0.19451233781191715,0.9764120812180542,0.8338801860809326,0.0,0.0,0.0,1.0,0.1428568959236145,0.95332115888595581,0.26602789759635925,-0.16510511934757233,0.97102946043014526,-0.18701913952827454,0.1487477570772171,0.2037380039691925,0.19155667722225189,0.23707127571105957,-0.95241981744766235,0.8283536434173584,0,0,0,1
7.366666666666666,0.8712410722429512,0.4906524206074935,0.014113687999931773,0.20179371535778046,-0.48182423760805376,0.8493675014921098,0.21545359468448858,0.13955211639404297,0.09372511984718897,-0.19451233781191715,0.9764120812180542,0.8338801860809326,0.0,0.0,0.0,1.0,0.1428568959236145,0.95332115888595581,0.26602789759635925,-0.16510511934757233,0.97102946043014526,-0.18701913952827454,0.1487477570772171,0.2037380039691925,0.19155667722225189,0.23707127571105957,-0.95241981744766235,0.8283536434173584,0,0,0,1
7.4,0.8712410722429512,0.4906524206074935,0.014113687999931773,0.20179371535778046,-0.48182423760805376,0.8493675014921098,0.21545359468448858,0.13955211639404297,0.09372511984718897,-0.19451233781191715,0.9764120812180542,0.8338801860809326,0.0,0.0,0.0,1.0,0.1428568959236145,0.95332115888595581,0.26602789759635925,-0.16510511934757233,0.97102946043014526,-0.18701913952827454,0.1487477570772171,0.2037380039691925,0.19155667722225189,0.23707127571105957,-0.95241981744766235,0.8283536434173584,0,0,0,1
7.433333333333334,0.8712410722429512,0.4906524206074935,0.014113687999931773,0.20179371535778046,-0.48182423760805376,0.8493675014921098,0.21545359468448858,0.13955211639404297,0.09372511984718897,-0.19451233781191715,0.9764120812180542,0.8338801860809326,0.0,0.0,0.0,1.0,0.1428568959236145,0.95332115888595581,0.26602789759635925,-0.16510511934757233,0.97102946043014526,-0.18701913952827454,0.1487477570772171,0.2037380039691925,0.19155667722225189,0.23707127571105957,-0.95241981744766235,0.8283536434173584,0,0,0,1
7.466666666666667,0.8712410722429512,0.4906524206074935,0.014113687999931773,0.20179371535778046,-0.48182423760805376,0.8493675014921098,0.21545359468448858,0.13955211639404297,0.09372511984718897,-0.19451233781191715,0.9764120812180542,0.8338801860809326,0.0,0.0,0.0,1.0,0.1428568959236145,0.95332115888595581,0.26602789759635925,-0.16510511934757233,0.97102946043014526,-0.18701913952827454,0.1487477570772171,0.2037380039691925,0.19155667722225189,0.23707127571105957,-0.95241981744766235,0.8283536434173584,0,0,0,1
7.5,0.8712410722429512,0.4906524206074935,0.014113687999931773,0.20179371535778046,-0.48182423760805376,0.8493675014921098,0.21545359468448858,0.13955211639404297,0.09372511984718897,-0.19451233781191715,0.9764120812180542,0.8338801860809326,0.0,0.0,0.0,1.0,0.1428568959236145,0.95332115888595581,0.26602789759635925,-0.16510511934757233,0.97102946043014526,-0.18701913952827454,0.1487477570772171,0.2037380039691925,0.19155667722225189,0.23707127571105957,-0.95241981744766235,0.8283536434173584,0,0,0,1
7.533333333333333,0.8712410722429512,0.4906524206074935,0.014113687999931773,0.20179371535778046,-0.48182423760805376,0.8493675014921098,0.21545359468448858,0.13955211639404297,0.09372511984718897,-0.19451233781191715,0.9764120812180542,0.8338801860809326,0.0,0.0,0.0,1.0,0.1428568959236145,0.95332115888595581,0.26602789759635925,-0.16510511934757233,0.97102946043014526,-0.18701913952827454,0.1487477570772171,0.2037380039691925,0.19155667722225189,0.23707127571105957,-0.95241981744766235,0.8283536434173584,0,0,0,1
7.566666666666666,0.8712410722429512,0.4906524206074935,0.014113687999931773,0.20179371535778046,-0.48182423760805376,0.8493675014921098,0.21545359468448858,0.13955211639404297,0.09372511984718897,-0.19451233781191715,0.9764120812180542,0.8338801860809326,0.0,0.0,0.0,1.0,0.1428568959236145,0.95332115888595581,0.26602789759635925,-0.16510511934757233,0.97102946043014526,-0.18701913952827454,0.1487477570772171,0.2037380039691925,0.19155667722225189,0.23707127571105957,-0.95241981744766235,0.8283536434173584,0,0,0,1
7.6,0.8712410722429512,0.4906524206074935,0.014113687999931773,0.20179371535778046,-0.48182423760805376,0.8493675014921098,0.21545359468448858,0.13955211639404297,0.09372511984718897,-0.19451233781191715,0.9764120812180542,0.8338801860809326,0.0,0.0,0.0,1.0,0.1428568959236145,0.95332115888595581,0.26602789759635925,-0.16510511934757233,0.97102946043014526,-0.18701913952827454,0.1487477570772171,0.2037380039691925,0.19155667722225189,0.23707127571105957,-0.95241981744766235,0.8283536434173584,0,0,0,1
7.633333333333334,0.8712410722429512,0.4906524206074935,0.014113687999931773,0.20179371535778046,-0.48182423760805376,0.8493675014921098,0.21545359468448858,0.13955211639404297,0.09372511984718897,-0.19451233781191715,0.9764120812180542,0.8338801860809326,0.0,0.0,0.0,1.0,0.1428568959236145,0.95332115888595581,0.26602789759635925,-0.16510511934757233,0.97102946043014526,-0.18701913952827454,0.1487477570772171,0.2037380039691925,0.19155667722225189,0.23707127571105957,-0.95241981744766235,0.8283536434173584,0,0,0,1
7.666666666666667,0.8712410722429512,0.4906524206074935,0.014113687999931773,0.20179371535778046,-0.48182423760805376,0.8493675014921098,0.21545359468448858,0.13955211639404297,0.09372511984718897,-0.19451233781191715,0.9764120812180542,0.8338801860809326,0.0,0.0,0.0,1.0,0.1428568959236145,0.95332115888595581,0.26602789759635925,-0.16510511934757233,0.97102946043014526,-0.18701913952827454,0.1487477570772171,0.2037380039691925,0.19155667722225189,0.23707127571105957,-0.95241981744766235,0.8283536434173584,0,0,0,1
7.7,0.8712410722429512,0.4906524206074935,0.014113687999931773,0.20179371535778046,-0.48182423760805376,0.8493675014921098,0.21545359468448858,0.13955211639404297,0.09372511984718897,-0.19451233781191715,0.9764120812180542,0.8338801860809326,0.0,0.0,0.0,1.0,0.1428568959236145,0.95332115888595581,0.26602789759635925,-0.16510511934757233,0.97102946043014526,-0.18701913952827454,0.1487477570772171,0.2037380039691925,0.19155667722225189,0.23707127571105957,-0.95241981744766235,0.8283536434173584,0,0,0,1
7.733333333333333,0.8712410722429512,0.4906524206074935,0.014113687999931773,0.20179371535778046,-0.48182423760805376,0.8493675014921098,0.21545359468448858,0.13955211639404297,0.09372511984718897,-0.19451233781191715,0.9764120812180542,0.8338801860809326,0.0,0.0,0.0,1.0,0.1428568959236145,0.95332115888595581,0.26602789759635925,-0.16510511934757233,0.97102946043014526,-0.18701913952827454,0.1487477570772171,0.2037380039691925,0.19155667722225189,0.23707127571105957,-0.95241981744766235,0.8283536434173584,0,0,0,1
7.766666666666667,0.8712410722429512,0.4906524206074935,0.014113687999931773,0.20179371535778046,-0.48182423760805376,0.8493675014921098,0.21545359468448858,0.13955211639404297,0.09372511984718897,-0.19451233781191715,0.9764120812180542,0.8338801860809326,0.0,0.0,0.0,1.0,0.1428568959236145,0.95332115888595581,0.26602789759635925,-0.16510511934757233,0.97102946043014526,-0.18701913952827454,0.1487477570772171,0.2037380039691925,0.19155667722225189,0.23707127571105957,-0.95241981744766235,0.8283536434173584,0,0,0,1
7.8,0.8712410722429512,0.4906524206074935,0.014113687999931773,0.20179371535778046,-0.48182423760805376,0.8493675014921098,0.21545359468448858,0.13955211639404297,0.09372511984718897,-0.19451233781191715,0.9764120812180542,0.8338801860809326,0.0,0.0,0.0,1.0,0.1428568959236145,0.95332115888595581,0.26602789759635925,-0.16510511934757233,0.97102946043014526,-0.18701913952827454,0.1487477570772171,0.2037380039691925,0.19155667722225189,0.23707127571105957,-0.95241981744766235,0.8283536434173584,0,0,0,1
7.833333333333333,0.8712410722429512,0.4906524206074935,0.014113687999931773,0.20179371535778046,-0.48182423760805376,0.8493675014921098,0.21545359468448858,0.13955211639404297,0.09372511984718897,-0.19451233781191715,0.9764120812180542,0.8338801860809326,0.0,0.0,0.0,1.0,0.1428568959236145,0.95332115888595581,0.26602789759635925,-0.16510511934757233,0.97102946043014526,-0.18701913952827454,0.1487477570772171,0.2037380039691925,0.19155667722225189,0.23707127571105957,-0.95241981744766235,0.8283536434173584,0,0,0,1
7.866666666666666,0.8712410722429512,0.4906524206074935,0.014113687999931773,0.20179371535778046,-0.48182423760805376,0.8493675014921098,0.21545359468448858,0.13955211639404297,0.09372511984718897,-0.19451233781191715,0.9764120812180542,0.8338801860809326,0.0,0.0,0.0,1.0,0.1428568959236145,0.95332115888595581,0.26602789759635925,-0.16510511934757233,0.97102946043014526,-0.18701913952827454,0.1487477570772171,0.2037380039691925,0.19155667722225189,0.23707127571105957,-0.95241981744766235,0.8283536434173584,0,0,0,1
7.9,0.8712410722429512,0.4906524206074935,0.014113687999931773,0.20179371535778046,-0.48182423760805376,0.8493675014921098,0.21545359468448858,0.13955211639404297,0.09372511984718897,-0.19451233781191715,0.9764120812180542,0.8338801860809326,0.0,0.0,0.0,1.0,0.1428568959236145,0.95332115888595581,0.26602789759635925,-0.16510511934757233,0.97102946043014526,-0.18701913952827454,0.1487477570772171,0.2037380039691925,0.19155667722225189,0.23707127571105957,-0.95241981744766235,0.8283536434173584,0,0,0,1
7.933333333333334,0.8712410722429512,0.4906524206074935,0.014113687999931773,0.20179371535778046,-0.48182423760805376,0.8493675014921098,0.21545359468448858,0.13955211639404297,0.09372511984718897,-0.19451233781191715,0.9764120812180542,0.8338801860809326,0.0,0.0,0.0,1.0,0.1428568959236145,0.95332115888595581,0.26602789759635925,-0.16510511934757233,0.97102946043014526,-0.18701913952827454,0.1487477570772171,0.2037380039691925,0.19155667722225189,0.23707127571105957,-0.95241981744766235,0.8283536434173584,0,0,0,1
7.966666666666667,0.8712410722429512,0.4906524206074935,0.014113687999931773,0.20179371535778046,-0.48182423760805376,0.8493675014921098,0.21545359468448858,0.13955211639404297,0.09372511984718897,-0.19451233781191715,0.9764120812180542,0.8338801860809326,0.0,0.0,0.0,1.0,0.1428568959236145,0.95332115888595581,0.26602789759635925,-0.16510511934757233,0.97102946043014526,-0.18701913952827454,0.1487477570772171,0.2037380039691925,0.19155667722225189,0.23707127571105957,-0.95241981744766235,0.8283536434173584,0,0,0,1
8.0,0.8712410722429512,0.4906524206074935,0.014113687999931773,0.20179371535778046,-0.48182423760805376,0.8493675014921098,0.21545359468448858,0.13955211639404297,0.09372511984718897,-0.19451233781191715,0.9764120812180542,0.8338801860809326,0.0,0.0,0.0,1.0,0.1428568959236145,0.95332115888595581,0.26602789759635925,-0.16510511934757233,0.97102946043014526,-0.18701913952827454,0.1487477570772171,0.2037380039691925,0.19155667722225189,0.23707127571105957,-0.95241981744766235,0.8283536434173584,0,0,0,1
8.033333333333333,0.8712410722429512,0.4906524206074935,0.014113687999931773,0.20179371535778046,-0.48182423760805376,0.8493675014921098,0.21545359468448858,0.13955211639404297,0.09372511984718897,-0.19451233781191715,0.9764120812180542,0.8338801860809326,0.0,0.0,0.0,1.0,0.1428568959236145,0.95332115888595581,0.26602789759635925,-0.16510511934757233,0.97102946043014526,-0.18701913952827454,0.1487477570772171,0.2037380039691925,0.19155667722225189,0.23707127571105957,-0.95241981744766235,0.8283536434173584,0,0,0,1
8.066666666666666,0.8712410722429512,0.4906524206074935,0.014113687999931773,0.20179371535778046,-0.48182423760805376,0.8493675014921098,0.21545359468448858,0.13955211639404297,0.09372511984718897,-0.19451233781191715,0.9764120812180542,0.8338801860809326,0.0,0.0,0.0,1.0,0.1428568959236145,0.95332115888595581,0.26602789759635925,-0.16510511934757233,0.97102946043014526,-0.18701913952827454,0.1487477570772171,0.2037380039691925,0.19155667722225189,0.23707127571105957,-0.95241981744766235,0.8283536434173584,0,0,0,1
8.1,0.8712410722429512,0.4906524206074935,0.014113687999931773,0.20179371535778046,-0.48182423760805376,0.8493675014921098,0.21545359468448858,0.13955211639404297,0.09372511984718897,-0.19451233781191715,0.9764120812180542,0.8338801860809326,0.0,0.0,0.0,1.0,0.1428568959236145,0.95332115888595581,0.26602789759635925,-0.16510511934757233,0.97102946043014526,-0.18701913952827454,0.1487477570772171,0.2037380039691925,0.19155667722225189,0.23707127571105957,-0.95241981744766235,0.8283536434173584,0,0,0,1
8.133333333333333,0.8712410722429512,0.4906524206074935,0.014113687999931773,0.20179371535778046,-0.48182423760805376,0.8493675014921098,0.21545359468448858,0.13955211639404297,0.09372511984718897,-0.19451233781191715,0.9764120812180542,0.8338801860809326,0.0,0.0,0.0,1.0,0.1428568959236145,0.95332115888595581,0.26602789759635925,-0.16510511934757233,0.97102946043014526,-0.18701913952827454,0.1487477570772171,0.2037380039691925,0.19155667722225189,0.23707127571105957,-0.95241981744766235,0.8283536434173584,0,0,0,1
8.166666666666666,0.8712410722429512,0.4906524206074935,0.014113687999931773,0.20179371535778046,-0.48182423760805376,0.8493675014921098,0.21545359468448858,0.13955211639404297,0.09372511984718897,-0.19451233781191715,0.9764120812180542,0.8338801860809326,0.0,0.0,0.0,1.0,0.1428568959236145,0.95332115888595581,0.26602789759635925,-0.16510511934757233,0.97102946043014526,-0.18701913952827454,0.1487477570772171,0.2037380039691925,0.19155667722225189,0.23707127571105957,-0.95241981744766235,0.8283536434173584,0,0,0,1
8.2,0.8712410722429512,0.4906524206074935,0.014113687999931773,0.20179371535778046,-0.48182423760805376,0.8493675014921098,0.21545359468448858,0.13955211639404297,0.09372511984718897,-0.19451233781191715,0.9764120812180542,0.8338801860809326,0.0,0.0,0.0,1.0,0.1428568959236145,0.95332115888595581,0.26602789759635925,-0.16510511934757233,0.97102946043014526,-0.18701913952827454,0.1487477570772171,0.2037380039691925,0.19155667722225189,0.23707127571105957,-0.95241981744766235,0.8283536434173584,0,0,0,1
8.233333333333333,0.8712410722429512,0.4906524206074935,0.014113687999931773,0.20179371535778046,-0.48182423760805376,0.8493675014921098,0.21545359468448858,0.13955211639404297,0.09372511984718897,-0.19451233781191715,0.9764120812180542,0.8338801860809326,0.0,0.0,0.0,1.0,0.1428568959236145,0.95332115888595581,0.26602789759635925,-0.16510511934757233,0.97102946043014526,-0.18701913952827454,0.1487477570772171,0.2037380039691925,0.19155667722225189,0.23707127571105957,-0.95241981744766235,0.8283536434173584,0,0,0,1
8.266666666666667,0.8712410722429512,0.4906524206074935,0.014113687999931773,0.20179371535778046,-0.48182423760805376,0.8493675014921098,0.21545359468448858,0.13955211639404297,0.09372511984718897,-0.19451233781191715,0.9764120812180542,0.8338801860809326,0.0,0.0,0.0,1.0,0.1428568959236145,0.95332115888595581,0.26602789759635925,-0.16510511934757233,0.97102946043014526,-0.18701913952827454,0.1487477570772171,0.2037380039691925,0.19155667722225189,0.23707127571105957,-0.95241981744766235,0.8283536434173584,0,0,0,1
8.3,0.8712410722429512,0.4906524206074935,0.014113687999931773,0.20179371535778046,-0.48182423760805376,0.8493675014921098,0.21545359468448858,0.13955211639404297,0.09372511984718897,-0.19451233781191715,0.9764120812180542,0.8338801860809326,0.0,0.0,0.0,1.0,0.1428568959236145,0.95332115888595581,0.26602789759635925,-0.16510511934757233,0.97102946043014526,-0.18701913952827454,0.1487477570772171,0.2037380039691925,0.19155667722225189,0.23707127571105957,-0.95241981744766235,0.8283536434173584,0,0,0,1
8.333333333333334,0.8712410722429512,0.4906524206074935,0.014113687999931773,0.20179371535778046,-0.48182423760805376,0.8493675014921098,0.21545359468448858,0.13955211639404297,0.09372511984718897,-0.19451233781191715,0.9764120812180542,0.8338801860809326,0.0,0.0,0.0,1.0,0.1428568959236145,0.95332115888595581,0.26602789759635925,-0.16510511934757233,0.97102946043014526,-0.18701913952827454,0.1487477570772171,0.2037380039691925,0.19155667722225189,0.23707127571105957,-0.95241981744766235,0.8283536434173584,0,0,0,1
8.366666666666667,0.8712410722429512,0.4906524206074935,0.014113687999931773,0.20179371535778046,-0.48182423760805376,0.8493675014921098,0.21545359468448858,0.13955211639404297,0.09372511984718897,-0.19451233781191715,0.9764120812180542,0.8338801860809326,0.0,0.0,0.0,1.0,0.1428568959236145,0.95332115888595581,0.26602789759635925,-0.16510511934757233,0.97102946043014526,-0.18701913952827454,0.1487477570772171,0.2037380039691925,0.19155667722225189,0.23707127571105957,-0.95241981744766235,0.8283536434173584,0,0,0,1
8.4,0.8712410722429512,0.4906524206074935,0.014113687999931773,0.20179371535778046,-0.48182423760805376,0.8493675014921098,0.21545359468448858,0.13955211639404297,0.09372511984718897,-0.19451233781191715,0.9764120812180542,0.8338801860809326,0.0,0.0,0.0,1.0,0.1428568959236145,0.95332115888595581,0.26602789759635925,-0.16510511934757233,0.97102946043014526,-0.18701913952827454,0.1487477570772171,0.2037380039691925,0.19155667722225189,0.23707127571105957,-0.95241981744766235,0.8283536434173584,0,0,0,1
8.433333333333334,0.8712410722429512,0.4906524206074935,0.014113687999931773,0.20179371535778046,-0.48182423760805376,0.8493675014921098,0.21545359468448858,0.13955211639404297,0.09372511984718897,-0.19451233781191715,0.9764120812180542,0.8338801860809326,0.0,0.0,0.0,1.0,0.1428568959236145,0.95332115888595581,0.26602789759635925,-0.16510511934757233,0.97102946043014526,-0.18701913952827454,0.1487477570772171,0.2037380039691925,0.19155667722225189,0.23707127571105957,-0.95241981744766235,0.8283536434173584,0,0,0,1
8.466666666666667,0.8712410722429512,0.4906524206074935,0.014113687999931773,0.20179371535778046,-0.48182423760805376,0.8493675014921098,0.21545359468448858,0.13955211639404297,0.09372511984718897,-0.19451233781191715,0.9764120812180542,0.8338801860809326,0.0,0.0,0.0,1.0,0.1428568959236145,0.95332115888595581,0.26602789759635925,-0.16510511934757233,0.97102946043014526,-0.18701913952827454,0.1487477570772171,0.2037380039691925,0.19155667722225189,0.23707127571105957,-0.95241981744766235,0.8283536434173584,0,0,0,1
8.5,0.8712410722429512,0.4906524206074935,0.014113687999931773,0.20179371535778046,-0.48182423760805376,0.8493675014921098,0.21545359468448858,0.13955211639404297,0.09372511984718897,-0.19451233781191715,0.9764120812180542,0.8338801860809326,0.0,0.0,0.0,1.0,0.1428568959236145,0.95332115888595581,0.26602789759635925,-0.16510511934757233,0.97102946043014526,-0.18701913952827454,0.1487477570772171,0.2037380039691925,0.19155667722225189,0.23707127571105957,-0.95241981744766235,0.8283536434173584,0,0,0,1
8.533333333333333,0.8712410722429512,0.4906524206074935,0.014113687999931773,0.20179371535778046,-0.48182423760805376,0.8493675014921098,0.21545359468448858,0.13955211639404297,0.09372511984718897,-0.19451233781191715,0.9764120812180542,0.8338801860809326,0.0,0.0,0.0,1.0,0.1428568959236145,0.95332115888595581,0.26602789759635925,-0.16510511934757233,0.97102946043014526,-0.18701913952827454,0.1487477570772171,0.2037380039691925,0.19155667722225189,0.23707127571105957,-0.95241981744766235,0.8283536434173584,0,0,0,1
8.566666666666666,0.8712410722429512,0.4906524206074935,0.014113687999931773,0.20179371535778046,-0.48182423760805376,0.8493675014921098,0.21545359468448858,0.13955211639404297,0.09372511984718897,-0.19451233781191715,0.9764120812180542,0.8338801860809326,0.0,0.0,0.0,1.0,0.1428568959236145,0.95332115888595581,0.26602789759635925,-0.16510511934757233,0.97102946043014526,-0.18701913952827454,0.1487477570772171,0.2037380039691925,0.19155667722225189,0.23707127571105957,-0.95241981744766235,0.8283536434173584,0,0,0,1
8.6,0.8712410722429512,0.4906524206074935,0.014113687999931773,0.20179371535778046,-0.48182423760805376,0.8493675014921098,0.21545359468448858,0.13955211639404297,0.09372511984718897,-0.19451233781191715,0.9764120812180542,0.8338801860809326,0.0,0.0,0.0,1.0,0.1428568959236145,0.95332115888595581,0.26602789759635925,-0.16510511934757233,0.97102946043014526,-0.18701913952827454,0.1487477570772171,0.2037380039691925,0.19155667722225189,0.23707127571105957,-0.95241981744766235,0.8283536434173584,0,0,0,1
8.633333333333333,0.8712410722429512,0.4906524206074935,0.014113687999931773,0.20179371535778046,-0.48182423760805376,0.8493675014921098,0.21545359468448858,0.13955211639404297,0.09372511984718897,-0.19451233781191715,0.9764120812180542,0.8338801860809326,0.0,0.0,0.0,1.0,0.1428568959236145,0.95332115888595581,0.26602789759635925,-0.16510511934757233,0.97102946043014526,-0.18701913952827454,0.1487477570772171,0.2037380039691925,0.19155667722225189,0.23707127571105957,-0.95241981744766235,0.8283536434173584,0,0,0,1
8.666666666666666,0.8712410722429512,0.4906524206074935,0.014113687999931773,0.20179371535778046,-0.48182423760805376,0.8493675014921098,0.21545359468448858,0.13955211639404297,0.09372511984718897,-0.19451233781191715,0.9764120812180542,0.8338801860809326,0.0,0.0,0.0,1.0,0.1428568959236145,0.95332115888595581,0.26602789759635925,-0.16510511934757233,0.97102946043014526,-0.18701913952827454,0.1487477570772171,0.2037380039691925,0.19155667722225189,0.23707127571105957,-0.95241981744766235,0.8283536434173584,0,0,0,1
8.7,0.8712410722429512,0.4906524206074935,0.014113687999931773,0.20179371535778046,-0.48182423760805376,0.8493675014921098,0.21545359468448858,0.13955211639404297,0.09372511984718897,-0.19451233781191715,0.9764120812180542,0.8338801860809326,0.0,0.0,0.0,1.0,0.1428568959236145,0.95332115888595581,0.26602789759635925,-0.16510511934757233,0.97102946043014526,-0.18701913952827454,0.1487477570772171,0.2037380039691925,0.19155667722225189,0.23707127571105957,-0.95241981744766235,0.8283536434173584,0,0,0,1
8.733333333333333,0.8712410722429512,0.4906524206074935,0.014113687999931773,0.20179371535778046,-0.48182423760805376,0.8493675014921098,0.21545359468448858,0.13955211639404297,0.09372511984718897,-0.19451233781191715,0.9764120812180542,0.8338801860809326,0.0,0.0,0.0,1.0,0.1428568959236145,0.95332115888595581,0.26602789759635925,-0.16510511934757233,0.97102946043014526,-0.18701913952827454,0.1487477570772171,0.2037380039691925,0.19155667722225189,0.23707127571105957,-0.95241981744766235,0.8283536434173584,0,0,0,1
8.766666666666667,0.8712410722429512,0.4906524206074935,0.014113687999931773,0.20179371535778046,-0.48182423760805376,0.8493675014921098,0.21545359468448858,0.13955211639404297,0.09372511984718897,-0.19451233781191715,0.9764120812180542,0.8338801860809326,0.0,0.0,0.0,1.0,0.1428568959236145,0.95332115888595581,0.26602789759635925,-0.16510511934757233,0.97102946043014526,-0.18701913952827454,0.1487477570772171,0.2037380039691925,0.19155667722225189,0.23707127571105957,-0.95241981744766235,0.8283536434173584,0,0,0,1
8.8,0.8712410722429512,0.4906524206074935,0.014113687999931773,0.20179371535778046,-0.48182423760805376,0.8493675014921098,0.21545359468448858,0.13955211639404297,0.09372511984718897,-0.19451233781191715,0.9764120812180542,0.8338801860809326,0.0,0.0,0.0,1.0,0.1428568959236145,0.95332115888595581,0.26602789759635925,-0.16510511934757233,0.97102946043014526,-0.18701913952827454,0.1487477570772171,0.2037380039691925,0.19155667722225189,0.23707127571105957,-0.95241981744766235,0.8283536434173584,0,0,0,1
8.833333333333334,0.8712410722429512,0.4906524206074935,0.014113687999931773,0.20179371535778046,-0.48182423760805376,0.8493675014921098,0.21545359468448858,0.13955211639404297,0.09372511984718897,-0.19451233781191715,0.9764120812180542,0.8338801860809326,0.0,0.0,0.0,1.0,0.1428568959236145,0.95332115888595581,0.26602789759635925,-0.16510511934757233,0.97102946043014526,-0.18701913952827454,0.1487477570772171,0.2037380039691925,0.19155667722225189,0.23707127571105957,-0.95241981744766235,0.8283536434173584,0,0,0,1
8.866666666666667,0.8712410722429512,0.4906524206074935,0.014113687999931773,0.20179371535778046,-0.48182423760805376,0.8493675014921098,0.21545359468448858,0.13955211639404297,0.09372511984718897,-0.19451233781191715,0.9764120812180542,0.8338801860809326,0.0,0.0,0.0,1.0,0.1428568959236145,0.95332115888595581,0.26602789759635925,-0.16510511934757233,0.97102946043014526,-0.18701913952827454,0.1487477570772171,0.2037380039691925,0.19155667722225189,0.23707127571105957,-0.95241981744766235,0.8283536434173584,0,0,0,1
8.9,0.8712410722429512,0.4906524206074935,0.014113687999931773,0.20179371535778046,-0.48182423760805376,0.8493675014921098,0.21545359468448858,0.13955211639404297,0.09372511984718897,-0.19451233781191715,0.9764120812180542,0.8338801860809326,0.0,0.0,0.0,1.0,0.1428568959236145,0.95332115888595581,0.26602789759635925,-0.16510511934757233,0.97102946043014526,-0.18701913952827454,0.1487477570772171,0.2037380039691925,0.19155667722225189,0.23707127571105957,-0.95241981744766235,0.8283536434173584,0,0,0,1
8.933333333333334,0.8712410722429512,0.4906524206074935,0.014113687999931773,0.20179371535778046,-0.48182423760805376,0.8493675014921098,0.21545359468448858,0.13955211639404297,0.09372511984718897,-0.19451233781191715,0.9764120812180542,0.8338801860809326,0.0,0.0,0.0,1.0,0.1428568959236145,0.95332115888595581,0.26602789759635925,-0.16510511934757233,0.97102946043014526,-0.18701913952827454,0.1487477570772171,0.2037380039691925,0.19155667722225189,0.23707127571105957,-0.95241981744766235,0.8283536434173584,0,0,0,1
8.966666666666667,0.8712410722429512,0.4906524206074935,0.014113687999931773,0.20179371535778046,-0.48182423760805376,0.8493675014921098,0.21545359468448858,0.13955211639404297,0.09372511984718897,-0.19451233781191715,0.9764120812180542,0.8338801860809326,0.0,0.0,0.0,1.0,0.1428568959236145,0.95332115888595581,0.26602789759635925,-0.16510511934757233,0.97102946043014526,-0.18701913952827454,0.1487477570772171,0.2037380039691925,0.19155667722225189,0.23707127571105957,-0.95241981744766235,0.8283536434173584,0,0,0,1
9.0,0.8712410722429512,0.4906524206074935,0.014113687999931773,0.20179371535778046,-0.48182423760805376,0.8493675014921098,0.21545359468448858,0.13955211639404297,0.09372511984718897,-0.19451233781191715,0.9764120812180542,0.8338801860809326,0.0,0.0,0.0,1.0,0.1428568959236145,0.95332115888595581,0.26602789759635925,-0.16510511934757233,0.97102946043014526,-0.18701913952827454,0.1487477570772171,0.2037380039691925,0.19155667722225189,0.23707127571105957,-0.95241981744766235,0.8283536434173584,0,0,0,1
9.033333333333333,0.8712410722429512,0.4906524206074935,0.014113687999931773,0.20179371535778046,-0.48182423760805376,0.8493675014921098,0.21545359468448858,0.13955211639404297,0.09372511984718897,-0.19451233781191715,0.9764120812180542,0.8338801860809326,0.0,0.0,0.0,1.0,0.1428568959236145,0.95332115888595581,0.26602789759635925,-0.16510511934757233,0.97102946043014526,-0.18701913952827454,0.1487477570772171,0.2037380039691925,0.19155667722225189,0.23707127571105957,-0.95241981744766235,0.8283536434173584,0,0,0,1
9.066666666666666,0.8712410722429512,0.4906524206074935,0.014113687999931773,0.20179371535778046,-0.48182423760805376,0.8493675014921098,0.21545359468448858,0.13955211639404297,0.09372511984718897,-0.19451233781191715,0.9764120812180542,0.8338801860809326,0.0,0.0,0.0,1.0,0.1428568959236145,0.95332115888595581,0.26602789759635925,-0.16510511934757233,0.97102946043014526,-0.18701913952827454,0.1487477570772171,0.2037380039691925,0.19155667722225189,0.23707127571105957,-0.95241981744766235,0.8283536434173584,0,0,0,1
9.1,0.8712410722429512,0.4906524206074935,0.014113687999931773,0.20179371535778046,-0.48182423760805376,0.8493675014921098,0.21545359468448858,0.13955211639404297,0.09372511984718897,-0.19451233781191715,0.9764120812180542,0.8338801860809326,0.0,0.0,0.0,1.0,0.1428568959236145,0.95332115888595581,0.26602789759635925,-0.16510511934757233,0.97102946043014526,-0.18701913952827454,0.1487477570772171,0.2037380039691925,0.19155667722225189,0.23707127571105957,-0.95241981744766235,0.8283536434173584,0,0,0,1
9.133333333333333,0.8712410722429512,0.4906524206074935,0.014113687999931773,0.20179371535778046,-0.48182423760805376,0.8493675014921098,0.21545359468448858,0.13955211639404297,0.09372511984718897,-0.19451233781191715,0.9764120812180542,0.8338801860809326,0.0,0.0,0.0,1.0,0.1428568959236145,0.95332115888595581,0.26602789759635925,-0.16510511934757233,0.97102946043014526,-0.18701913952827454,0.1487477570772171,0.2037380039691925,0.19155667722225189,0.23707127571105957,-0.95241981744766235,0.8283536434173584,0,0,0,1
9.166666666666666,0.8712410722429512,0.4906524206074935,0.014113687999931773,0.20179371535778046,-0.48182423760805376,0.8493675014921098,0.21545359468448858,0.13955211639404297,0.09372511984718897,-0.19451233781191715,0.9764120812180542,0.8338801860809326,0.0,0.0,0.0,1.0,0.1428568959236145,0.95332115888595581,0.26602789759635925,-0.16510511934757233,0.97102946043014526,-0.18701913952827454,0.1487477570772171,0.2037380039691925,0.19155667722225189,0.23707127571105957,-0.95241981744766235,0.8283536434173584,0,0,0,1
9.2,0.8712410722429512,0.4906524206074935,0.014113687999931773,0.20179371535778046,-0.48182423760805376,0.8493675014921098,0.21545359468448858,0.13955211639404297,0.09372511984718897,-0.19451233781191715,0.9764120812180542,0.8338801860809326,0.0,0.0,0.0,1.0,0.1428568959236145,0.95332115888595581,0.26602789759635925,-0.16510511934757233,0.97102946043014526,-0.18701913952827454,0.1487477570772171,0.2037380039691925,0.19155667722225189,0.23707127571105957,-0.95241981744766235,0.8283536434173584,0,0,0,1
9.233333333333333,0.8712410722429512,0.4906524206074935,0.014113687999931773,0.20179371535778046,-0.48182423760805376,0.8493675014921098,0.21545359468448858,0.13955211639404297,0.09372511984718897,-0.19451233781191715,0.9764120812180542,0.8338801860809326,0.0,0.0,0.0,1.0,0.1428568959236145,0.95332115888595581,0.26602789759635925,-0.16510511934757233,0.97102946043014526,-0.18701913952827454,0.1487477570772171,0.2037380039691925,0.19155667722225189,0.23707127571105957,-0.95241981744766235,0.8283536434173584,0,0,0,1
9.266666666666667,0.8712410722429512,0.4906524206074935,0.014113687999931773,0.20179371535778046,-0.48182423760805376,0.8493675014921098,0.21545359468448858,0.13955211639404297,0.09372511984718897,-0.19451233781191715,0.9764120812180542,0.8338801860809326,0.0,0.0,0.0,1.0,0.1428568959236145,0.95332115888595581,0.26602789759635925,-0.16510511934757233,0.97102946043014526,-0.18701913952827454,0.1487477570772171,0.2037380039691925,0.19155667722225189,0.23707127571105957,-0.95241981744766235,0.8283536434173584,0,0,0,1
9.3,0.8712410722429512,0.4906524206074935,0.014113687999931773,0.20179371535778046,-0.48182423760805376,0.8493675014921098,0.21545359468448858,0.13955211639404297,0.09372511984718897,-0.19451233781191715,0.9764120812180542,0.8338801860809326,0.0,0.0,0.0,1.0,0.1428568959236145,0.95332115888595581,0.26602789759635925,-0.16510511934757233,0.97102946043014526,-0.18701913952827454,0.1487477570772171,0.2037380039691925,0.19155667722225189,0.23707127571105957,-0.95241981744766235,0.8283536434173584,0,0,0,1
9.333333333333334,0.8712410722429512,0.4906524206074935,0.014113687999931773,0.20179371535778046,-0.48182423760805376,0.8493675014921098,0.21545359468448858,0.13955211639404297,0.09372511984718897,-0.19451233781191715,0.9764120812180542,0.8338801860809326,0.0,0.0,0.0,1.0,0.1428568959236145,0.95332115888595581,0.26602789759635925,-0.16510511934757233,0.97102946043014526,-0.18701913952827454,0.1487477570772171,0.2037380039691925,0.19155667722225189,0.23707127571105957,-0.95241981744766235,0.8283536434173584,0,0,0,1
9.366666666666667,0.8712410722429512,0.4906524206074935,0.014113687999931773,0.20179371535778046,-0.48182423760805376,0.8493675014921098,0.21545359468448858,0.13955211639404297,0.09372511984718897,-0.19451233781191715,0.9764120812180542,0.8338801860809326,0.0,0.0,0.0,1.0,0.1428568959236145,0.95332115888595581,0.26602789759635925,-0.16510511934757233,0.97102946043014526,-0.18701913952827454,0.1487477570772171,0.2037380039691925,0.19155667722225189,0.23707127571105957,-0.95241981744766235,0.8283536434173584,0,0,0,1
9.4,0.8712410722429512,0.4906524206074935,0.014113687999931773,0.20179371535778046,-0.48182423760805376,0.8493675014921098,0.21545359468448858,0.13955211639404297,0.09372511984718897,-0.19451233781191715,0.9764120812180542,0.8338801860809326,0.0,0.0,0.0,1.0,0.1428568959236145,0.95332115888595581,0.26602789759635925,-0.16510511934757233,0.97102946043014526,-0.18701913952827454,0.1487477570772171,0.2037380039691925,0.19155667722225189,0.23707127571105957,-0.95241981744766235,0.8283536434173584,0,0,0,1
9.433333333333334,0.8712410722429512,0.4906524206074935,0.014113687999931773,0.20179371535778046,-0.48182423760805376,0.8493675014921098,0.21545359468448858,0.13955211639404297,0.09372511984718897,-0.19451233781191715,0.9764120812180542,0.8338801860809326,0.0,0.0,0.0,1.0,0.1428568959236145,0.95332115888595581,0.26602789759635925,-0.16510511934757233,0.97102946043014526,-0.18701913952827454,0.1487477570772171,0.2037380039691925,0.19155667722225189,0.23707127571105957,-0.95241981744766235,0.8283536434173584,0,0,0,1
9.466666666666667,0.8712410722429512,0.4906524206074935,0.014113687999931773,0.20179371535778046,-0.48182423760805376,0.8493675014921098,0.21545359468448858,0.13955211639404297,0.09372511984718897,-0.19451233781191715,0.9764120812180542,0.8338801860809326,0.0,0.0,0.0,1.0,0.1428568959236145,0.95332115888595581,0.26602789759635925,-0.16510511934757233,0.97102946043014526,-0.18701913952827454,0.1487477570772171,0.2037380039691925,0.19155667722225189,0.23707127571105957,-0.95241981744766235,0.8283536434173584,0,0,0,1
9.5,0.8712410722429512,0.4906524206074935,0.014113687999931773,0.20179371535778046,-0.48182423760805376,0.8493675014921098,0.21545359468448858,0.13955211639404297,0.09372511984718897,-0.19451233781191715,0.9764120812180542,0.8338801860809326,0.0,0.0,0.0,1.0,0.1428568959236145,0.95332115888595581,0.26602789759635925,-0.16510511934757233,0.97102946043014526,-0.18701913952827454,0.1487477570772171,0.2037380039691925,0.19155667722225189,0.23707127571105957,-0.95241981744766235,0.8283536434173584,0,0,0,1
9.533333333333333,0.8712410722429512,0.4906524206074935,0.014113687999931773,0.20179371535778046,-0.48182423760805376,0.8493675014921098,0.21545359468448858,0.13955211639404297,0.09372511984718897,-0.19451233781191715,0.9764120812180542,0.8338801860809326,0.0,0.0,0.0,1.0,0.1428568959236145,0.95332115888595581,0.26602789759635925,-0.16510511934757233,0.97102946043014526,-0.18701913952827454,0.1487477570772171,0.2037380039691925,0.19155667722225189,0.23707127571105957,-0.95241981744766235,0.8283536434173584,0,0,0,1
9.566666666666666,0.8712410722429512,0.4906524206074935,0.014113687999931773,0.20179371535778046,-0.48182423760805376,0.8493675014921098,0.21545359468448858,0.13955211639404297,0.09372511984718897,-0.19451233781191715,0.9764120812180542,0.8338801860809326,0.0,0.0,0.0,1.0,0.1428568959236145,0.95332115888595581,0.26602789759635925,-0.16510511934757233,0.97102946043014526,-0.18701913952827454,0.1487477570772171,0.2037380039691925,0.19155667722225189,0.23707127571105957,-0.95241981744766235,0.8283536434173584,0,0,0,1
9.6,0.8712410722429512,0.4906524206074935,0.014113687999931773,0.20179371535778046,-0.48182423760805376,0.8493675014921098,0.21545359468448858,0.13955211639404297,0.09372511984718897,-0.19451233781191715,0.9764120812180542,0.8338801860809326,0.0,0.0,0.0,1.0,0.1428568959236145,0.95332115888595581,0.26602789759635925,-0.16510511934757233,0.97102946043014526,-0.18701913952827454,0.1487477570772171,0.2037380039691925,0.19155667722225189,0.23707127571105957,-0.95241981744766235,0.8283536434173584,0,0,0,1
9.633333333333333,0.8712410722429512,0.4906524206074935,0.014113687999931773,0.20179371535778046,-0.48182423760805376,0.8493675014921098,0.21545359468448858,0.13955211639404297,0.09372511984718897,-0.19451233781191715,0.9764120812180542,0.8338801860809326,0.0,0.0,0.0,1.0,0.1428568959236145,0.95332115888595581,0.26602789759635925,-0.16510511934757233,0.97102946043014526,-0.18701913952827454,0.1487477570772171,0.2037380039691925,0.19155667722225189,0.23707127571105957,-0.95241981744766235,0.8283536434173584,0,0,0,1
9.666666666666666,0.8712410722429512,0.4906524206074935,0.014113687999931773,0.20179371535778046,-0.48182423760805376,0.8493675014921098,0.21545359468448858,0.13955211639404297,0.09372511984718897,-0.19451233781191715,0.9764120812180542,0.8338801860809326,0.0,0.0,0.0,1.0,0.1428568959236145,0.95332115888595581,0.26602789759635925,-0.16510511934757233,0.97102946043014526,-0.18701913952827454,0.1487477570772171,0.2037380039691925,0.19155667722225189,0.23707127571105957,-0.95241981744766235,0.8283536434173584,0,0,0,1
9.7,0.8712410722429512,0.4906524206074935,0.014113687999931773,0.20179371535778046,-0.48182423760805376,0.8493675014921098,0.21545359468448858,0.13955211639404297,0.09372511984718897,-0.19451233781191715,0.9764120812180542,0.8338801860809326,0.0,0.0,0.0,1.0,0.1428568959236145,0.95332115888595581,0.26602789759635925,-0.16510511934757233,0.97102946043014526,-0.18701913952827454,0.1487477570772171,0.2037380039691925,0.19155667722225189,0.23707127571105957,-0.95241981744766235,0.8283536434173584,0,0,0,1
9.733333333333333,0.8712410722429512,0.4906524206074935,0.014113687999931773,0.20179371535778046,-0.48182423760805376,0.8493675014921098,0.21545359468448858,0.13955211639404297,0.09372511984718897,-0.19451233781191715,0.9764120812180542,0.8338801860809326,0.0,0.0,0.0,1.0,0.1428568959236145,0.95332115888595581,0.26602789759635925,-0.16510511934757233,0.97102946043014526,-0.18701913952827454,0.1487477570772171,0.2037380039691925,0.19155667722225189,0.23707127571105957,-0.95241981744766235,0.8283536434173584,0,0,0,1
9.766666666666667,0.8712410722429512,0.4906524206074935,0.014113687999931773,0.20179371535778046,-0.48182423760805376,0.8493675014921098,0.21545359468448858,0.13955211639404297,0.09372511984718897,-0.19451233781191715,0.9764120812180542,0.8338801860809326,0.0,0.0,0.0,1.0,0.1428568959236145,0.95332115888595581,0.26602789759635925,-0.16510511934757233,0.97102946043014526,-0.18701913952827454,0.1487477570772171,0.2037380039691925,0.19155667722225189,0.23707127571105957,-0.95241981744766235,0.8283536434173584,0,0,0,1
9.8,0.8712410722429512,0.4906524206074935,0.014113687999931773,0.20179371535778046,-0.48182423760805376,0.8493675014921098,0.21545359468448858,0.13955211639404297,0.09372511984718897,-0.19451233781191715,0.9764120812180542,0.8338801860809326,0.0,0.0,0.0,1.0,0.1428568959236145,0.95332115888595581,0.26602789759635925,-0.16510511934757233,0.97102946043014526,-0.18701913952827454,0.1487477570772171,0.2037380039691925,0.19155667722225189,0.23707127571105957,-0.95241981744766235,0.8283536434173584,0,0,0,1
9.833333333333334,0.8712410722429512,0.4906524206074935,0.014113687999931773,0.20179371535778046,-0.48182423760805376,0.8493675014921098,0.21545359468448858,0.13955211639404297,0.09372511984718897,-0.19451233781191715,0.9764120812180542,0.8338801860809326,0.0,0.0,0.0,1.0,0.1428568959236145,0.95332115888595581,0.26602789759635925,-0.16510511934757233,0.97102946043014526,-0.18701913952827454,0.1487477570772171,0.2037380039691925,0.19155667722225189,0.23707127571105957,-0.95241981744766235,0.8283536434173584,0,0,0,1
9.866666666666667,0.8712410722429512,0.4906524206074935,0.014113687999931773,0.20179371535778046,-0.48182423760805376,0.8493675014921098,0.21545359468448858,0.13955211639404297,0.09372511984718897,-0.19451233781191715,0.9764120812180542,0.8338801860809326,0.0,0.0,0.0,1.0,0.1428568959236145,0.95332115888595581,0.26602789759635925,-0.16510511934757233,0.97102946043014526,-0.18701913952827454,0.1487477570772171,0.2037380039691925,0.19155667722225189,0.23707127571105957,-0.95241981744766235,0.8283536434173584,0,0,0,1
9.9,0.8712410722429512,0.4906524206074935,0.014113687999931773,0.20179371535778046,-0.48182423760805376,0.8493675014921098,0.21545359468448858,0.13955211639404297,0.09372511984718897,-0.19451233781191715,0.9764120812180542,0.8338801860809326,0.0,0.0,0.0,1.0,0.1428568959236145,0.95332115888595581,0.26602789759635925,-0.16510511934757233,0.97102946043014526,-0.18701913952827454,0.1487477570772171,0.2037380039691925,0.19155667722225189,0.23707127571105957,-0.95241981744766235,0.8283536434173584,0,0,0,1
9.933333333333334,0.8712410722429512,0.4906524206074935,0.014113687999931773,0.20179371535778046,-0.48182423760805376,0.8493675014921098,0.21545359468448858,0.13955211639404297,0.09372511984718897,-0.19451233781191715,0.9764120812180542,0.8338801860809326,0.0,0.0,0.0,1.0,0.1428568959236145,0.95332115888595581,0.26602789759635925,-0.16510511934757233,0.97102946043014526,-0.18701913952827454,0.1487477570772171,0.2037380039691925,0.19155667722225189,0.23707127571105957,-0.95241981744766235,0.8283536434173584,0,0,0,1
9.966666666666667,0.8712410722429512,0.4906524206074935,0.014113687999931773,0.20179371535778046,-0.48182423760805376,0.8493675014921098,0.21545359468448858,0.13955211639404297,0.09372511984718897,-0.19451233781191715,0.9764120812180542,0.8338801860809326,0.0,0.0,0.0,1.0,0.1428568959236145,0.95332115888595581,0.26602789759635925,-0.16510511934757233,0.97102946043014526,-0.18701913952827454,0.1487477570772171,0.2037380039691925,0.19155667722225189,0.23707127571105957,-0.95241981744766235,0.8283536434173584,0,0,0,1
10.0,0.8712410722429512,0.4906524206074935,0.014113687999931773,0.20179371535778046,-0.48182423760805376,0.8493675014921098,0.21545359468448858,0.13955211639404297,0.09372511984718897,-0.19451233781191715,0.9764120812180542,0.8338801860809326,0.0,0.0,0.0,1.0,0.1428568959236145,0.95332115888595581,0.26602789759635925,-0.16510511934757233,0.97102946043014526,-0.18701913952827454,0.1487477570772171,0.2037380039691925,0.19155667722225189,0.23707127571105957,-0.95241981744766235,0.8283536434173584,0,0,0,1
10.033333333333333,0.8712410722429512,0.4906524206074935,0.014113687999931773,0.20179371535778046,-0.48182423760805376,0.8493675014921098,0.21545359468448858,0.13955211639404297,0.09372511984718897,-0.19451233781191715,0.9764120812180542,0.8338801860809326,0.0,0.0,0.0,1.0,0.1428568959236145,0.95332115888595581,0.26602789759635925,-0.16510511934757233,0.97102946043014526,-0.18701913952827454,0.1487477570772171,0.2037380039691925,0.19155667722225189,0.23707127571105957,-0.95241981744766235,0.8283536434173584,0,0,0,1
10.066666666666666,0.8712410722429512,0.4906524206074935,0.014113687999931773,0.20179371535778046,-0.48182423760805376,0.8493675014921098,0.21545359468448858,0.13955211639404297,0.09372511984718897,-0.19451233781191715,0.9764120812180542,0.8338801860809326,0.0,0.0,0.0,1.0,0.1428568959236145,0.95332115888595581,0.26602789759635925,-0.16510511934757233,0.97102946043014526,-0.18701913952827454,0.1487477570772171,0.2037380039691925,0.19155667722225189,0.23707127571105957,-0.95241981744766235,0.8283536434173584,0,0,0,1
10.1,0.8712410722429512,0.4906524206074935,0.014113687999931773,0.20179371535778046,-0.48182423760805376,0.8493675014921098,0.21545359468448858,0.13955211639404297,0.09372511984718897,-0.19451233781191715,0.9764120812180542,0.8338801860809326,0.0,0.0,0.0,1.0,0.1428568959236145,0.95332115888595581,0.26602789759635925,-0.16510511934757233,0.97102946043014526,-0.18701913952827454,0.1487477570772171,0.2037380039691925,0.19155667722225189,0.23707127571105957,-0.95241981744766235,0.8283536434173584,0,0,0,1
10.133333333333333,0.8712410722429512,0.4906524206074935,0.014113687999931773,0.20179371535778046,-0.48182423760805376,0.8493675014921098,0.21545359468448858,0.13955211639404297,0.09372511984718897,-0.19451233781191715,0.9764120812180542,0.8338801860809326,0.0,0.0,0.0,1.0,0.1428568959236145,0.95332115888595581,0.26602789759635925,-0.16510511934757233,0.97102946043014526,-0.18701913952827454,0.1487477570772171,0.2037380039691925,0.19155667722225189,0.23707127571105957,-0.95241981744766235,0.8283536434173584,0,0,0,1
10.166666666666666,0.8712410722429512,0.4906524206074935,0.014113687999931773,0.20179371535778046,-0.48182423760805376,0.8493675014921098,0.21545359468448858,0.13955211639404297,0.09372511984718897,-0.19451233781191715,0.9764120812180542,0.8338801860809326,0.0,0.0,0.0,1.0,0.1428568959236145,0.95332115888595581,0.26602789759635925,-0.16510511934757233,0.97102946043014526,-0.18701913952827454,0.1487477570772171,0.2037380039691925,0.19155667722225189,0.23707127571105957,-0.95241981744766235,0.8283536434173584,0,0,0,1
10.2,0.8712410722429512,0.4906524206074935,0.014113687999931773,0.20179371535778046,-0.48182423760805376,0.8493675014921098,0.21545359468448858,0.13955211639404297,0.09372511984718897,-0.19451233781191715,0.9764120812180542,0.8338801860809326,0.0,0.0,0.0,1.0,0.1428568959236145,0.95332115888595581,0.26602789759635925,-0.16510511934757233,0.97102946043014526,-0.18701913952827454,0.1487477570772171,0.2037380039691925,0.19155667722225189,0.23707127571105957,-0.95241981744766235,0.8283536434173584,0,0,0,1
10.233333333333333,0.8712410722429512,0.4906524206074935,0.014113687999931773,0.20179371535778046,-0.48182423760805376,0.8493675014921098,0.21545359468448858,0.13955211639404297,0.09372511984718897,-0.19451233781191715,0.9764120812180542,0.8338801860809326,0.0,0.0,0.0,1.0,0.1428568959236145,0.95332115888595581,0.26602789759635925,-0.16510511934757233,0.97102946043014526,-0.18701913952827454,0.1487477570772171,0.2037380039691925,0.19155667722225189,0.23707127571105957,-0.95241981744766235,0.8283536434173584,0,0,0,1
10.266666666666667,0.8712410722429512,0.4906524206074935,0.014113687999931773,0.20179371535778046,-0.48182423760805376,0.8493675014921098,0.21545359468448858,0.13955211639404297,0.09372511984718897,-0.19451233781191715,0.9764120812180542,0.8338801860809326,0.0,0.0,0.0,1.0,0.1428568959236145,0.95332115888595581,0.26602789759635925,-0.16510511934757233,0.97102946043014526,-0.18701913952827454,0.1487477570772171,0.2037380039691925,0.19155667722225189,0.23707127571105957,-0.95241981744766235,0.8283536434173584,0,0,0,1
10.3,0.8712410722429512,0.4906524206074935,0.014113687999931773,0.20179371535778046,-0.48182423760805376,0.8493675014921098,0.21545359468448858,0.13955211639404297,0.09372511984718897,-0.19451233781191715,0.9764120812180542,0.8338801860809326,0.0,0.0,0.0,1.0,0.1428568959236145,0.95332115888595581,0.26602789759635925,-0.16510511934757233,0.97102946043014526,-0.18701913952827454,0.1487477570772171,0.2037380039691925,0.19155667722225189,0.23707127571105957,-0.95241981744766235,0.8283536434173584,0,0,0,1
10.333333333333334,0.8712410722429512,0.4906524206074935,0.014113687999931773,0.20179371535778046,-0.48182423760805376,0.8493675014921098,0.21545359468448858,0.13955211639404297,0.09372511984718897,-0.19451233781191715,0.9764120812180542,0.8338801860809326,0.0,0.0,0.0,1.0,0.1428568959236145,0.95332115888595581,0.26602789759635925,-0.16510511934757233,0.97102946043014526,-0.18701913952827454,0.1487477570772171,0.2037380039691925,0.19155667722225189,0.23707127571105957,-0.95241981744766235,0.8283536434173584,0,0,0,1
10.366666666666667,0.8712410722429512,0.4906524206074935,0.014113687999931773,0.20179371535778046,-0.48182423760805376,0.8493675014921098,0.21545359468448858,0.13955211639404297,0.09372511984718897,-0.19451233781191715,0.9764120812180542,0.8338801860809326,0.0,0.0,0.0,1.0,0.1428568959236145,0.95332115888595581,0.26602789759635925,-0.16510511934757233,0.97102946043014526,-0.18701913952827454,0.1487477570772171,0.2037380039691925,0.19155667722225189,0.23707127571105957,-0.95241981744766235,0.8283536434173584,0,0,0,1
10.4,0.8712410722429512,0.4906524206074935,0.014113687999931773,0.20179371535778046,-0.48182423760805376,0.8493675014921098,0.21545359468448858,0.13955211639404297,0.09372511984718897,-0.19451233781191715,0.9764120812180542,0.8338801860809326,0.0,0.0,0.0,1.0,0.1428568959236145,0.95332115888595581,0.26602789759635925,-0.16510511934757233,0.97102946043014526,-0.18701913952827454,0.1487477570772171,0.2037380039691925,0.19155667722225189,0.23707127571105957,-0.95241981744766235,0.8283536434173584,0,0,0,1
10.433333333333334,0.8712410722429512,0.4906524206074935,0.014113687999931773,0.20179371535778046,-0.48182423760805376,0.8493675014921098,0.21545359468448858,0.13955211639404297,0.09372511984718897,-0.19451233781191715,0.9764120812180542,0.8338801860809326,0.0,0.0,0.0,1.0,0.1428568959236145,0.95332115888595581,0.26602789759635925,-0.16510511934757233,0.97102946043014526,-0.18701913952827454,0.1487477570772171,0.2037380039691925,0.19155667722225189,0.23707127571105957,-0.95241981744766235,0.8283536434173584,0,0,0,1
10.466666666666667,0.8712410722429512,0.4906524206074935,0.014113687999931773,0.20179371535778046,-0.48182423760805376,0.8493675014921098,0.21545359468448858,0.13955211639404297,0.09372511984718897,-0.19451233781191715,0.9764120812180542,0.8338801860809326,0.0,0.0,0.0,1.0,0.1428568959236145,0.95332115888595581,0.26602789759635925,-0.16510511934757233,0.97102946043014526,-0.18701913952827454,0.1487477570772171,0.2037380039691925,0.19155667722225189,0.23707127571105957,-0.95241981744766235,0.8283536434173584,0,0,0,1
10.5,0.8712410722429512,0.4906524206074935,0.014113687999931773,0.20179371535778046,-0.48182423760805376,0.8493675014921098,0.21545359468448858,0.13955211639404297,0.09372511984718897,-0.19451233781191715,0.9764120812180542,0.8338801860809326,0.0,0.0,0.0,1.0,0.1428568959236145,0.95332115888595581,0.26602789759635925,-0.16510511934757233,0.97102946043014526,-0.18701913952827454,0.1487477570772171,0.2037380039691925,0.19155667722225189,0.23707127571105957,-0.95241981744766235,0.8283536434173584,0,0,0,1
10.533333333333333,0.8712410722429512,0.4906524206074935,0.014113687999931773,0.20179371535778046,-0.48182423760805376,0.8493675014921098,0.21545359468448858,0.13955211639404297,0.09372511984718897,-0.19451233781191715,0.9764120812180542,0.8338801860809326,0.0,0.0,0.0,1.0,0.1428568959236145,0.95332115888595581,0.26602789759635925,-0.16510511934757233,0.97102946043014526,-0.18701913952827454,0.1487477570772171,0.2037380039691925,0.19155667722225189,0.23707127571105957,-0.95241981744766235,0.8283536434173584,0,0,0,1
10.566666666666666,0.8712410722429512,0.4906524206074935,0.014113687999931773,0.20179371535778046,-0.48182423760805376,0.8493675014921098,0.21545359468448858,0.13955211639404297,0.09372511984718897,-0.19451233781191715,0.9764120812180542,0.8338801860809326,0.0,0.0,0.0,1.0,0.1428568959236145,0.95332115888595581,0.26602789759635925,-0.16510511934757233,0.97102946043014526,-0.18701913952827454,0.1487477570772171,0.2037380039691925,0.19155667722225189,0.23707127571105957,-0.95241981744766235,0.8283536434173584,0,0,0,1
10.6,0.8712410722429512,0.4906524206074935,0.014113687999931773,0.20179371535778046,-0.48182423760805376,0.8493675014921098,0.21545359468448858,0.13955211639404297,0.09372511984718897,-0.19451233781191715,0.9764120812180542,0.8338801860809326,0.0,0.0,0.0,1.0,0.1428568959236145,0.95332115888595581,0.26602789759635925,-0.16510511934757233,0.97102946043014526,-0.18701913952827454,0.1487477570772171,0.2037380039691925,0.19155667722225189,0.23707127571105957,-0.95241981744766235,0.8283536434173584,0,0,0,1
10.633333333333333,0.8712410722429512,0.4906524206074935,0.014113687999931773,0.20179371535778046,-0.48182423760805376,0.8493675014921098,0.21545359468448858,0.13955211639404297,0.09372511984718897,-0.19451233781191715,0.9764120812180542,0.8338801860809326,0.0,0.0,0.0,1.0,0.1428568959236145,0.95332115888595581,0.26602789759635925,-0.16510511934757233,0.97102946043014526,-0.18701913952827454,0.1487477570772171,0.2037380039691925,0.19155667722225189,0.23707127571105957,-0.95241981744766235,0.8283536434173584,0,0,0,1
10.666666666666666,0.8712410722429512,0.4906524206074935,0.014113687999931773,0.20179371535778046,-0.48182423760805376,0.8493675014921098,0.21545359468448858,0.13955211639404297,0.09372511984718897,-0.19451233781191715,0.9764120812180542,0.8338801860809326,0.0,0.0,0.0,1.0,0.1428568959236145,0.95332115888595581,0.26602789759635925,-0.16510511934757233,0.97102946043014526,-0.18701913952827454,0.1487477570772171,0.2037380039691925,0.19155667722225189,0.23707127571105957,-0.95241981744766235,0.8283536434173584,0,0,0,1
10.7,0.8712410722429512,0.4906524206074935,0.014113687999931773,0.20179371535778046,-0.48182423760805376,0.8493675014921098,0.21545359468448858,0.13955211639404297,0.09372511984718897,-0.19451233781191715,0.9764120812180542,0.8338801860809326,0.0,0.0,0.0,1.0,0.1428568959236145,0.95332115888595581,0.26602789759635925,-0.16510511934757233,0.97102946043014526,-0.18701913952827454,0.1487477570772171,0.2037380039691925,0.19155667722225189,0.23707127571105957,-0.95241981744766235,0.8283536434173584,0,0,0,1
10.733333333333333,0.8712410722429512,0.4906524206074935,0.014113687999931773,0.20179371535778046,-0.48182423760805376,0.8493675014921098,0.21545359468448858,0.13955211639404297,0.09372511984718897,-0.19451233781191715,0.9764120812180542,0.8338801860809326,0.0,0.0,0.0,1.0,0.1428568959236145,0.95332115888595581,0.26602789759635925,-0.16510511934757233,0.97102946043014526,-0.18701913952827454,0.1487477570772171,0.2037380039691925,0.19155667722225189,0.23707127571105957,-0.95241981744766235,0.8283536434173584,0,0,0,1
10.766666666666667,0.8712410722429512,0.4906524206074935,0.014113687999931773,0.20179371535778046,-0.48182423760805376,0.8493675014921098,0.21545359468448858,0.13955211639404297,0.09372511984718897,-0.19451233781191715,0.9764120812180542,0.8338801860809326,0.0,0.0,0.0,1.0,0.1428568959236145,0.95332115888595581,0.26602789759635925,-0.16510511934757233,0.97102946043014526,-0.18701913952827454,0.1487477570772171,0.2037380039691925,0.19155667722225189,0.23707127571105957,-0.95241981744766235,0.8283536434173584,0,0,0,1
10.8,0.8712410722429512,0.4906524206074935,0.014113687999931773,0.20179371535778046,-0.48182423760805376,0.8493675014921098,0.21545359468448858,0.13955211639404297,0.09372511984718897,-0.19451233781191715,0.9764120812180542,0.8338801860809326,0.0,0.0,0.0,1.0,0.1428568959236145,0.95332115888595581,0.26602789759635925,-0.16510511934757233,0.97102946043014526,-0.18701913952827454,0.1487477570772171,0.2037380039691925,0.19155667722225189,0.23707127571105957,-0.95241981744766235,0.8283536434173584,0,0,0,1
10.833333333333334,0.8712410722429512,0.4906524206074935,0.014113687999931773,0.20179371535778046,-0.48182423760805376,0.8493675014921098,0.21545359468448858,0.13955211639404297,0.09372511984718897,-0.19451233781191715,0.9764120812180542,0.8338801860809326,0.0,0.0,0.0,1.0,0.1428568959236145,0.95332115888595581,0.26602789759635925,-0.16510511934757233,0.97102946043014526,-0.18701913952827454,0.1487477570772171,0.2037380039691925,0.19155667722225189,0.23707127571105957,-0.95241981744766235,0.8283536434173584,0,0,0,1
10.866666666666667,0.8712410722429512,0.4906524206074935,0.014113687999931773,0.20179371535778046,-0.48182423760805376,0.8493675014921098,0.21545359468448858,0.13955211639404297,0.09372511984718897,-0.19451233781191715,0.9764120812180542,0.8338801860809326,0.0,0.0,0.0,1.0,0.1428568959236145,0.95332115888595581,0.26602789759635925,-0.16510511934757233,0.97102946043014526,-0.18701913952827454,0.1487477570772171,0.2037380039691925,0.19155667722225189,0.23707127571105957,-0.95241981744766235,0.8283536434173584,0,0,0,1
10.9,0.8712410722429512,0.4906524206074935,0.014113687999931773,0.20179371535778046,-0.48182423760805376,0.8493675014921098,0.21545359468448858,0.13955211639404297,0.09372511984718897,-0.19451233781191715,0.9764120812180542,0.8338801860809326,0.0,0.0,0.0,1.0,0.1428568959236145,0.95332115888595581,0.26602789759635925,-0.16510511934757233,0.97102946043014526,-0.18701913952827454,0.1487477570772171,0.2037380039691925,0.19155667722225189,0.23707127571105957,-0.95241981744766235,0.8283536434173584,0,0,0,1
10.933333333333334,0.8712410722429512,0.4906524206074935,0.014113687999931773,0.20179371535778046,-0.48182423760805376,0.8493675014921098,0.21545359468448858,0.13955211639404297,0.09372511984718897,-0.19451233781191715,0.9764120812180542,0.8338801860809326,0.0,0.0,0.0,1.0,0.1428568959236145,0.95332115888595581,0.26602789759635925,-0.16510511934757233,0.97102946043014526,-0.18701913952827454,0.1487477570772171,0.2037380039691925,0.19155667722225189,0.23707127571105957,-0.95241981744766235,0.8283536434173584,0,0,0,1
10.966666666666667,0.8712410722429512,0.4906524206074935,0.014113687999931773,0.20179371535778046,-0.48182423760805376,0.8493675014921098,0.21545359468448858,0.13955211639404297,0.09372511984718897,-0.19451233781191715,0.9764120812180542,0.8338801860809326,0.0,0.0,0.0,1.0,0.1428568959236145,0.95332115888595581,0.26602789759635925,-0.16510511934757233,0.97102946043014526,-0.18701913952827454,0.1487477570772171,0.2037380039691925,0.19155667722225189,0.23707127571105957,-0.95241981744766235,0.8283536434173584,0,0,0,1
11.0,0.8712410722429512,0.4906524206074935,0.014113687999931773,0.20179371535778046,-0.48182423760805376,0.8493675014921098,0.21545359468448858,0.13955211639404297,0.09372511984718897,-0.19451233781191715,0.9764120812180542,0.8338801860809326,0.0,0.0,0.0,1.0,0.1428568959236145,0.95332115888595581,0.26602789759635925,-0.16510511934757233,0.97102946043014526,-0.18701913952827454,0.1487477570772171,0.2037380039691925,0.19155667722225189,0.23707127571105957,-0.95241981744766235,0.8283536434173584,0,0,0,1
11.033333333333333,0.8712410722429512,0.4906524206074935,0.014113687999931773,0.20179371535778046,-0.48182423760805376,0.8493675014921098,0.21545359468448858,0.13955211639404297,0.09372511984718897,-0.19451233781191715,0.9764120812180542,0.8338801860809326,0.0,0.0,0.0,1.0,0.1428568959236145,0.95332115888595581,0.26602789759635925,-0.16510511934757233,0.97102946043014526,-0.18701913952827454,0.1487477570772171,0.2037380039691925,0.19155667722225189,0.23707127571105957,-0.95241981744766235,0.8283536434173584,0,0,0,1
11.066666666666666,0.8712410722429512,0.4906524206074935,0.014113687999931773,0.20179371535778046,-0.48182423760805376,0.8493675014921098,0.21545359468448858,0.13955211639404297,0.09372511984718897,-0.19451233781191715,0.9764120812180542,0.8338801860809326,0.0,0.0,0.0,1.0,0.1428568959236145,0.95332115888595581,0.26602789759635925,-0.16510511934757233,0.97102946043014526,-0.18701913952827454,0.1487477570772171,0.2037380039691925,0.19155667722225189,0.23707127571105957,-0.95241981744766235,0.8283536434173584,0,0,0,1
11.1,0.8712410722429512,0.4906524206074935,0.014113687999931773,0.20179371535778046,-0.48182423760805376,0.8493675014921098,0.21545359468448858,0.13955211639404297,0.09372511984718897,-0.19451233781191715,0.9764120812180542,0.8338801860809326,0.0,0.0,0.0,1.0,0.1428568959236145,0.95332115888595581,0.26602789759635925,-0.16510511934757233,0.97102946043014526,-0.18701913952827454,0.1487477570772171,0.2037380039691925,0.19155667722225189,0.23707127571105957,-0.95241981744766235,0.8283536434173584,0,0,0,1
11.133333333333333,0.8712410722429512,0.4906524206074935,0.014113687999931773,0.20179371535778046,-0.48182423760805376,0.8493675014921098,0.21545359468448858,0.13955211639404297,0.09372511984718897,-0.19451233781191715,0.9764120812180542,0.8338801860809326,0.0,0.0,0.0,1.0,0.1428568959236145,0.95332115888595581,0.26602789759635925,-0.16510511934757233,0.97102946043014526,-0.18701913952827454,0.1487477570772171,0.2037380039691925,0.19155667722225189,0.23707127571105957,-0.95241981744766235,0.8283536434173584,0,0,0,1
11.166666666666666,0.8712410722429512,0.4906524206074935,0.014113687999931773,0.20179371535778046,-0.48182423760805376,0.8493675014921098,0.21545359468448858,0.13955211639404297,0.09372511984718897,-0.19451233781191715,0.9764120812180542,0.8338801860809326,0.0,0.0,0.0,1.0,0.1428568959236145,0.95332115888595581,0.26602789759635925,-0.16510511934757233,0.97102946043014526,-0.18701913952827454,0.1487477570772171,0.2037380039691925,0.19155667722225189,0.23707127571105957,-0.95241981744766235,0.8283536434173584,0,0,0,1
11.2,0.8712410722429512,0.4906524206074935,0.014113687999931773,0.20179371535778046,-0.48182423760805376,0.8493675014921098,0.21545359468448858,0.13955211639404297,0.09372511984718897,-0.19451233781191715,0.9764120812180542,0.8338801860809326,0.0,0.0,0.0,1.0,0.1428568959236145,0.95332115888595581,0.26602789759635925,-0.16510511934757233,0.97102946043014526,-0.18701913952827454,0.1487477570772171,0.2037380039691925,0.19155667722225189,0.23707127571105957,-0.95241981744766235,0.8283536434173584,0,0,0,1
11.233333333333333,0.8712410722429512,0.4906524206074935,0.014113687999931773,0.20179371535778046,-0.48182423760805376,0.8493675014921098,0.21545359468448858,0.13955211639404297,0.09372511984718897,-0.19451233781191715,0.9764120812180542,0.8338801860809326,0.0,0.0,0.0,1.0,0.1428568959236145,0.95332115888595581,0.26602789759635925,-0.16510511934757233,0.97102946043014526,-0.18701913952827454,0.1487477570772171,0.2037380039691925,0.19155667722225189,0.23707127571105957,-0.95241981744766235,0.8283536434173584,0,0,0,1
11.266666666666667,0.8712410722429512,0.4906524206074935,0.014113687999931773,0.20179371535778046,-0.48182423760805376,0.8493675014921098,0.21545359468448858,0.13955211639404297,0.09372511984718897,-0.19451233781191715,0.9764120812180542,0.8338801860809326,0.0,0.0,0.0,1.0,0.1428568959236145,0.95332115888595581,0.26602789759635925,-0.16510511934757233,0.97102946043014526,-0.18701913952827454,0.1487477570772171,0.2037380039691925,0.19155667722225189,0.23707127571105957,-0.95241981744766235,0.8283536434173584,0,0,0,1
11.3,0.8712410722429512,0.4906524206074935,0.014113687999931773,0.20179371535778046,-0.48182423760805376,0.8493675014921098,0.21545359468448858,0.13955211639404297,0.09372511984718897,-0.19451233781191715,0.9764120812180542,0.8338801860809326,0.0,0.0,0.0,1.0,0.1428568959236145,0.95332115888595581,0.26602789759635925,-0.16510511934757233,0.97102946043014526,-0.18701913952827454,0.1487477570772171,0.2037380039691925,0.19155667722225189,0.23707127571105957,-0.95241981744766235,0.8283536434173584,0,0,0,1
11.333333333333334,0.8712410722429512,0.4906524206074935,0.014113687999931773,0.20179371535778046,-0.48182423760805376,0.8493675014921098,0.21545359468448858,0.13955211639404297,0.09372511984718897,-0.19451233781191715,0.9764120812180542,0.8338801860809326,0.0,0.0,0.0,1.0,0.1428568959236145,0.95332115888595581,0.26602789759635925,-0.16510511934757233,0.97102946043014526,-0.18701913952827454,0.1487477570772171,0.2037380039691925,0.19155667722225189,0.23707127571105957,-0.95241981744766235,0.8283536434173584,0,0,0,1
11.366666666666667,0.8712410722429512,0.4906524206074935,0.014113687999931773,0.20179371535778046,-0.48182423760805376,0.8493675014921098,0.21545359468448858,0.13955211639404297,0.09372511984718897,-0.19451233781191715,0.9764120812180542,0.8338801860809326,0.0,0.0,0.0,1.0,0.1428568959236145,0.95332115888595581,0.26602789759635925,-0.16510511934757233,0.97102946043014526,-0.18701913952827454,0.1487477570772171,0.2037380039691925,0.19155667722225189,0.23707127571105957,-0.95241981744766235,0.8283536434173584,0,0,0,1
11.4,0.8712410722429512,0.4906524206074935,0.014113687999931773,0.20179371535778046,-0.48182423760805376,0.8493675014921098,0.21545359468448858,0.13955211639404297,0.09372511984718897,-0.19451233781191715,0.9764120812180542,0.8338801860809326,0.0,0.0,0.0,1.0,0.1428568959236145,0.95332115888595581,0.26602789759635925,-0.16510511934757233,0.97102946043014526,-0.18701913952827454,0.1487477570772171,0.2037380039691925,0.19155667722225189,0.23707127571105957,-0.95241981744766235,0.8283536434173584,0,0,0,1
11.433333333333334,0.8712410722429512,0.4906524206074935,0.014113687999931773,0.20179371535778046,-0.48182423760805376,0.8493675014921098,0.21545359468448858,0.13955211639404297,0.09372511984718897,-0.19451233781191715,0.9764120812180542,0.8338801860809326,0.0,0.0,0.0,1.0,0.1428568959236145,0.95332115888595581,0.26602789759635925,-0.16510511934757233,0.97102946043014526,-0.18701913952827454,0.1487477570772171,0.2037380039691925,0.19155667722225189,0.23707127571105957,-0.95241981744766235,0.8283536434173584,0,0,0,1
11.466666666666667,0.8712410722429512,0.4906524206074935,0.014113687999931773,0.20179371535778046,-0.48182423760805376,0.8493675014921098,0.21545359468448858,0.13955211639404297,0.09372511984718897,-0.19451233781191715,0.9764120812180542,0.8338801860809326,0.0,0.0,0.0,1.0,0.1428568959236145,0.95332115888595581,0.26602789759635925,-0.16510511934757233,0.97102946043014526,-0.18701913952827454,0.1487477570772171,0.2037380039691925,0.19155667722225189,0.23707127571105957,-0.95241981744766235,0.8283536434173584,0,0,0,1
11.5,0.8712410722429512,0.4906524206074935,0.014113687999931773,0.20179371535778046,-0.48182423760805376,0.8493675014921098,0.21545359468448858,0.13955211639404297,0.09372511984718897,-0.19451233781191715,0.9764120812180542,0.8338801860809326,0.0,0.0,0.0,1.0,0.1428568959236145,0.95332115888595581,0.26602789759635925,-0.16510511934757233,0.97102946043014526,-0.18701913952827454,0.1487477570772171,0.2037380039691925,0.19155667722225189,0.23707127571105957,-0.95241981744766235,0.8283536434173584,0,0,0,1
11.533333333333333,0.8712410722429512,0.4906524206074935,0.014113687999931773,0.20179371535778046,-0.48182423760805376,0.8493675014921098,0.21545359468448858,0.13955211639404297,0.09372511984718897,-0.19451233781191715,0.9764120812180542,0.8338801860809326,0.0,0.0,0.0,1.0,0.1428568959236145,0.95332115888595581,0.26602789759635925,-0.16510511934757233,0.97102946043014526,-0.18701913952827454,0.1487477570772171,0.2037380039691925,0.19155667722225189,0.23707127571105957,-0.95241981744766235,0.8283536434173584,0,0,0,1
11.566666666666666,0.8712410722429512,0.4906524206074935,0.014113687999931773,0.20179371535778046,-0.48182423760805376,0.8493675014921098,0.21545359468448858,0.13955211639404297,0.09372511984718897,-0.19451233781191715,0.9764120812180542,0.8338801860809326,0.0,0.0,0.0,1.0,0.1428568959236145,0.95332115888595581,0.26602789759635925,-0.16510511934757233,0.97102946043014526,-0.18701913952827454,0.1487477570772171,0.2037380039691925,0.19155667722225189,0.23707127571105957,-0.95241981744766235,0.8283536434173584,0,0,0,1
11.6,0.8712410722429512,0.4906524206074935,0.014113687999931773,0.20179371535778046,-0.48182423760805376,0.8493675014921098,0.21545359468448858,0.13955211639404297,0.09372511984718897,-0.19451233781191715,0.9764120812180542,0.8338801860809326,0.0,0.0,0.0,1.0,0.1428568959236145,0.95332115888595581,0.26602789759635925,-0.16510511934757233,0.97102946043014526,-0.18701913952827454,0.1487477570772171,0.2037380039691925,0.19155667722225189,0.23707127571105957,-0.95241981744766235,0.8283536434173584,0,0,0,1
11.633333333333333,0.8712410722429512,0.4906524206074935,0.014113687999931773,0.20179371535778046,-0.48182423760805376,0.8493675014921098,0.21545359468448858,0.13955211639404297,0.09372511984718897,-0.19451233781191715,0.9764120812180542,0.8338801860809326,0.0,0.0,0.0,1.0,0.1428568959236145,0.95332115888595581,0.26602789759635925,-0.16510511934757233,0.97102946043014526,-0.18701913952827454,0.1487477570772171,0.2037380039691925,0.19155667722225189,0.23707127571105957,-0.95241981744766235,0.8283536434173584,0,0,0,1
11.666666666666666,0.8712410722429512,0.4906524206074935,0.014113687999931773,0.20179371535778046,-0.48182423760805376,0.8493675014921098,0.21545359468448858,0.13955211639404297,0.09372511984718897,-0.19451233781191715,0.9764120812180542,0.8338801860809326,0.0,0.0,0.0,1.0,0.1428568959236145,0.95332115888595581,0.26602789759635925,-0.16510511934757233,0.97102946043014526,-0.18701913952827454,0.1487477570772171,0.2037380039691925,0.19155667722225189,0.23707127571105957,-0.95241981744766235,0.8283536434173584,0,0,0,1
11.7,0.8712410722429512,0.4906524206074935,0.014113687999931773,0.20179371535778046,-0.48182423760805376,0.8493675014921098,0.21545359468448858,0.13955211639404297,0.09372511984718897,-0.19451233781191715,0.9764120812180542,0.8338801860809326,0.0,0.0,0.0,1.0,0.1428568959236145,0.95332115888595581,0.26602789759635925,-0.16510511934757233,0.97102946043014526,-0.18701913952827454,0.1487477570772171,0.2037380039691925,0.19155667722225189,0.23707127571105957,-0.95241981744766235,0.8283536434173584,0,0,0,1
11.733333333333333,0.8712410722429512,0.4906524206074935,0.014113687999931773,0.20179371535778046,-0.48182423760805376,0.8493675014921098,0.21545359468448858,0.13955211639404297,0.09372511984718897,-0.19451233781191715,0.9764120812180542,0.8338801860809326,0.0,0.0,0.0,1.0,0.1428568959236145,0.95332115888595581,0.26602789759635925,-0.16510511934757233,0.97102946043014526,-0.18701913952827454,0.1487477570772171,0.2037380039691925,0.19155667722225189,0.23707127571105957,-0.95241981744766235,0.8283536434173584,0,0,0,1
11.766666666666667,0.8712410722429512,0.4906524206074935,0.014113687999931773,0.20179371535778046,-0.48182423760805376,0.8493675014921098,0.21545359468448858,0.13955211639404297,0.09372511984718897,-0.19451233781191715,0.9764120812180542,0.8338801860809326,0.0,0.0,0.0,1.0,0.1428568959236145,0.95332115888595581,0.26602789759635925,-0.16510511934757233,0.97102946043014526,-0.18701913952827454,0.1487477570772171,0.2037380039691925,0.19155667722225189,0.23707127571105957,-0.95241981744766235,0.8283536434173584,0,0,0,1
11.8,0.8712410722429512,0.4906524206074935,0.014113687999931773,0.20179371535778046,-0.48182423760805376,0.8493675014921098,0.21545359468448858,0.13955211639404297,0.09372511984718897,-0.19451233781191715,0.9764120812180542,0.8338801860809326,0.0,0.0,0.0,1.0,0.1428568959236145,0.95332115888595581,0.26602789759635925,-0.16510511934757233,0.97102946043014526,-0.18701913952827454,0.1487477570772171,0.2037380039691925,0.19155667722225189,0.23707127571105957,-0.95241981744766235,0.8283536434173584,0,0,0,1
11.833333333333334,0.8712410722429512,0.4906524206074935,0.014113687999931773,0.20179371535778046,-0.48182423760805376,0.8493675014921098,0.21545359468448858,0.13955211639404297,0.09372511984718897,-0.19451233781191715,0.9764120812180542,0.8338801860809326,0.0,0.0,0.0,1.0,0.1428568959236145,0.95332115888595581,0.26602789759635925,-0.16510511934757233,0.97102946043014526,-0.18701913952827454,0.1487477570772171,0.2037380039691925,0.19155667722225189,0.23707127571105957,-0.95241981744766235,0.8283536434173584,0,0,0,1
11.866666666666667,0.8712410722429512,0.4906524206074935,0.014113687999931773,0.20179371535778046,-0.48182423760805376,0.8493675014921098,0.21545359468448858,0.13955211639404297,0.09372511984718897,-0.19451233781191715,0.9764120812180542,0.8338801860809326,0.0,0.0,0.0,1.0,0.1428568959236145,0.95332115888595581,0.26602789759635925,-0.16510511934757233,0.97102946043014526,-0.18701913952827454,0.1487477570772171,0.2037380039691925,0.19155667722225189,0.23707127571105957,-0.95241981744766235,0.8283536434173584,0,0,0,1
11.9,0.8712410722429512,0.4906524206074935,0.014113687999931773,0.20179371535778046,-0.48182423760805376,0.8493675014921098,0.21545359468448858,0.13955211639404297,0.09372511984718897,-0.19451233781191715,0.9764120812180542,0.8338801860809326,0.0,0.0,0.0,1.0,0.1428568959236145,0.95332115888595581,0.26602789759635925,-0.16510511934757233,0.97102946043014526,-0.18701913952827454,0.1487477570772171,0.2037380039691925,0.19155667722225189,0.23707127571105957,-0.95241981744766235,0.8283536434173584,0,0,0,1
11.933333333333334,0.8712410722429512,0.4906524206074935,0.014113687999931773,0.20179371535778046,-0.48182423760805376,0.8493675014921098,0.21545359468448858,0.13955211639404297,0.09372511984718897,-0.19451233781191715,0.9764120812180542,0.8338801860809326,0.0,0.0,0.0,1.0,0.1428568959236145,0.95332115888595581,0.26602789759635925,-0.16510511934757233,0.97102946043014526,-0.18701913952827454,0.1487477570772171,0.2037380039691925,0.19155667722225189,0.23707127571105957,-0.95241981744766235,0.8283536434173584,0,0,0,1
11.966666666666667,0.8712410722429512,0.4906524206074935,0.014113687999931773,0.20179371535778046,-0.48182423760805376,0.8493675014921098,0.21545359468448858,0.13955211639404297,0.09372511984718897,-0.19451233781191715,0.9764120812180542,0.8338801860809326,0.0,0.0,0.0,1.0,0.1428568959236145,0.95332115888595581,0.26602789759635925,-0.16510511934757233,0.97102946043014526,-0.18701913952827454,0.1487477570772171,0.2037380039691925,0.19155667722225189,0.23707127571105957,-0.95241981744766235,0.8283536434173584,0,0,0,1
12.0,0.8712410722429512,0.4906524206074935,0.014113687999931773,0.20179371535778046,-0.48182423760805376,0.8493675014921098,0.21545359468448858,0.13955211639404297,0.09372511984718897,-0.19451233781191715,0.9764120812180542,0.8338801860809326,0.0,0.0,0.0,1.0,0.1428568959236145,0.95332115888595581,0.26602789759635925,-0.16510511934757233,0.97102946043014526,-0.18701913952827454,0.1487477570772171,0.2037380039691925,0.19155667722225189,0.23707127571105957,-0.95241981744766235,0.8283536434173584,0,0,0,1
12.033333333333333,0.8712410722429512,0.4906524206074935,0.014113687999931773,0.20179371535778046,-0.48182423760805376,0.8493675014921098,0.21545359468448858,0.13955211639404297,0.09372511984718897,-0.19451233781191715,0.9764120812180542,0.8338801860809326,0.0,0.0,0.0,1.0,0.1428568959236145,0.95332115888595581,0.26602789759635925,-0.16510511934757233,0.97102946043014526,-0.18701913952827454,0.1487477570772171,0.2037380039691925,0.19155667722225189,0.23707127571105957,-0.95241981744766235,0.8283536434173584,0,0,0,1
12.066666666666666,0.8712410722429512,0.4906524206074935,0.014113687999931773,0.20179371535778046,-0.48182423760805376,0.8493675014921098,0.21545359468448858,0.13955211639404297,0.09372511984718897,-0.19451233781191715,0.9764120812180542,0.8338801860809326,0.0,0.0,0.0,1.0,0.1428568959236145,0.95332115888595581,0.26602789759635925,-0.16510511934757233,0.97102946043014526,-0.18701913952827454,0.1487477570772171,0.2037380039691925,0.19155667722225189,0.23707127571105957,-0.95241981744766235,0.8283536434173584,0,0,0,1
12.1,0.8712410722429512,0.4906524206074935,0.014113687999931773,0.20179371535778046,-0.48182423760805376,0.8493675014921098,0.21545359468448858,0.13955211639404297,0.09372511984718897,-0.19451233781191715,0.9764120812180542,0.8338801860809326,0.0,0.0,0.0,1.0,0.1428568959236145,0.95332115888595581,0.26602789759635925,-0.16510511934757233,0.97102946043014526,-0.18701913952827454,0.1487477570772171,0.2037380039691925,0.19155667722225189,0.23707127571105957,-0.95241981744766235,0.8283536434173584,0,0,0,1
12.133333333333333,0.8712410722429512,0.4906524206074935,0.014113687999931773,0.20179371535778046,-0.48182423760805376,0.8493675014921098,0.21545359468448858,0.13955211639404297,0.09372511984718897,-0.19451233781191715,0.9764120812180542,0.8338801860809326,0.0,0.0,0.0,1.0,0.1428568959236145,0.95332115888595581,0.26602789759635925,-0.16510511934757233,0.97102946043014526,-0.18701913952827454,0.1487477570772171,0.2037380039691925,0.19155667722225189,0.23707127571105957,-0.95241981744766235,0.8283536434173584,0,0,0,1
12.166666666666666,0.8712410722429512,0.4906524206074935,0.014113687999931773,0.20179371535778046,-0.48182423760805376,0.8493675014921098,0.21545359468448858,0.13955211639404297,0.09372511984718897,-0.19451233781191715,0.9764120812180542,0.8338801860809326,0.0,0.0,0.0,1.0,0.1428568959236145,0.95332115888595581,0.26602789759635925,-0.16510511934757233,0.97102946043014526,-0.18701913952827454,0.1487477570772171,0.2037380039691925,0.19155667722225189,0.23707127571105957,-0.95241981744766235,0.8283536434173584,0,0,0,1
12.2,0.8712410722429512,0.4906524206074935,0.014113687999931773,0.20179371535778046,-0.48182423760805376,0.8493675014921098,0.21545359468448858,0.13955211639404297,0.09372511984718897,-0.19451233781191715,0.9764120812180542,0.8338801860809326,0.0,0.0,0.0,1.0,0.1428568959236145,0.95332115888595581,0.26602789759635925,-0.16510511934757233,0.97102946043014526,-0.18701913952827454,0.1487477570772171,0.2037380039691925,0.19155667722225189,0.23707127571105957,-0.95241981744766235,0.8283536434173584,0,0,0,1
12.233333333333333,0.8712410722429512,0.4906524206074935,0.014113687999931773,0.20179371535778046,-0.48182423760805376,0.8493675014921098,0.21545359468448858,0.13955211639404297,0.09372511984718897,-0.19451233781191715,0.9764120812180542,0.8338801860809326,0.0,0.0,0.0,1.0,0.1428568959236145,0.95332115888595581,0.26602789759635925,-0.16510511934757233,0.97102946043014526,-0.18701913952827454,0.1487477570772171,0.2037380039691925,0.19155667722225189,0.23707127571105957,-0.95241981744766235,0.8283536434173584,0,0,0,1
12.266666666666667,0.8712410722429512,0.4906524206074935,0.014113687999931773,0.20179371535778046,-0.48182423760805376,0.8493675014921098,0.21545359468448858,0.13955211639404297,0.09372511984718897,-0.19451233781191715,0.9764120812180542,0.8338801860809326,0.0,0.0,0.0,1.0,0.1428568959236145,0.95332115888595581,0.26602789759635925,-0.16510511934757233,0.97102946043014526,-0.18701913952827454,0.1487477570772171,0.2037380039691925,0.19155667722225189,0.23707127571105957,-0.95241981744766235,0.8283536434173584,0,0,0,1
12.3,0.8712410722429512,0.4906524206074935,0.014113687999931773,0.20179371535778046,-0.48182423760805376,0.8493675014921098,0.21545359468448858,0.13955211639404297,0.09372511984718897,-0.19451233781191715,0.9764120812180542,0.8338801860809326,0.0,0.0,0.0,1.0,0.1428568959236145,0.95332115888595581,0.26602789759635925,-0.16510511934757233,0.97102946043014526,-0.18701913952827454,0.1487477570772171,0.2037380039691925,0.19155667722225189,0.23707127571105957,-0.95241981744766235,0.8283536434173584,0,0,0,1
12.333333333333334,0.8712410722429512,0.4906524206074935,0.014113687999931773,0.20179371535778046,-0.48182423760805376,0.8493675014921098,0.21545359468448858,0.13955211639404297,0.09372511984718897,-0.19451233781191715,0.9764120812180542,0.8338801860809326,0.0,0.0,0.0,1.0,0.1428568959236145,0.95332115888595581,0.26602789759635925,-0.16510511934757233,0.97102946043014526,-0.18701913952827454,0.1487477570772171,0.2037380039691925,0.19155667722225189,0.23707127571105957,-0.95241981744766235,0.8283536434173584,0,0,0,1
12.366666666666667,0.8712410722429512,0.4906524206074935,0.014113687999931773,0.20179371535778046,-0.48182423760805376,0.8493675014921098,0.21545359468448858,0.13955211639404297,0.09372511984718897,-0.19451233781191715,0.9764120812180542,0.8338801860809326,0.0,0.0,0.0,1.0,0.1428568959236145,0.95332115888595581,0.26602789759635925,-0.16510511934757233,0.97102946043014526,-0.18701913952827454,0.1487477570772171,0.2037380039691925,0.19155667722225189,0.23707127571105957,-0.95241981744766235,0.8283536434173584,0,0,0,1
12.4,0.8712410722429512,0.4906524206074935,0.014113687999931773,0.20179371535778046,-0.48182423760805376,0.8493675014921098,0.21545359468448858,0.13955211639404297,0.09372511984718897,-0.19451233781191715,0.9764120812180542,0.8338801860809326,0.0,0.0,0.0,1.0,0.1428568959236145,0.95332115888595581,0.26602789759635925,-0.16510511934757233,0.97102946043014526,-0.18701913952827454,0.1487477570772171,0.2037380039691925,0.19155667722225189,0.23707127571105957,-0.95241981744766235,0.8283536434173584,0,0,0,1
12.433333333333334,0.8712410722429512,0.4906524206074935,0.014113687999931773,0.20179371535778046,-0.48182423760805376,0.8493675014921098,0.21545359468448858,0.13955211639404297,0.09372511984718897,-0.19451233781191715,0.9764120812180542,0.8338801860809326,0.0,0.0,0.0,1.0,0.1428568959236145,0.95332115888595581,0.26602789759635925,-0.16510511934757233,0.97102946043014526,-0.18701913952827454,0.1487477570772171,0.2037380039691925,0.19155667722225189,0.23707127571105957,-0.95241981744766235,0.8283536434173584,0,0,0,1
12.466666666666667,0.8712410722429512,0.4906524206074935,0.014113687999931773,0.20179371535778046,-0.48182423760805376,0.8493675014921098,0.21545359468448858,0.13955211639404297,0.09372511984718897,-0.19451233781191715,0.9764120812180542,0.8338801860809326,0.0,0.0,0.0,1.0,0.1428568959236145,0.95332115888595581,0.26602789759635925,-0.16510511934757233,0.97102946043014526,-0.18701913952827454,0.1487477570772171,0.2037380039691925,0.19155667722225189,0.23707127571105957,-0.95241981744766235,0.8283536434173584,0,0,0,1
12.5,0.8712410722429512,0.4906524206074935,0.014113687999931773,0.20179371535778046,-0.48182423760805376,0.8493675014921098,0.21545359468448858,0.13955211639404297,0.09372511984718897,-0.19451233781191715,0.9764120812180542,0.8338801860809326,0.0,0.0,0.0,1.0,0.1428568959236145,0.95332115888595581,0.26602789759635925,-0.16510511934757233,0.97102946043014526,-0.18701913952827454,0.1487477570772171,0.2037380039691925,0.19155667722225189,0.23707127571105957,-0.95241981744766235,0.8283536434173584,0,0,0,1
12.533333333333333,0.8712410722429512,0.4906524206074935,0.014113687999931773,0.20179371535778046,-0.48182423760805376,0.8493675014921098,0.21545359468448858,0.13955211639404297,0.09372511984718897,-0.19451233781191715,0.9764120812180542,0.8338801860809326,0.0,0.0,0.0,1.0,0.1428568959236145,0.95332115888595581,0.26602789759635925,-0.16510511934757233,0.97102946043014526,-0.18701913952827454,0.1487477570772171,0.2037380039691925,0.19155667722225189,0.23707127571105957,-0.95241981744766235,0.8283536434173584,0,0,0,1
12.566666666666666,0.8712410722429512,0.4906524206074935,0.014113687999931773,0.20179371535778046,-0.48182423760805376,0.8493675014921098,0.21545359468448858,0.13955211639404297,0.09372511984718897,-0.19451233781191715,0.9764120812180542,0.8338801860809326,0.0,0.0,0.0,1.0,0.1428568959236145,0.95332115888595581,0.26602789759635925,-0.16510511934757233,0.97102946043014526,-0.18701913952827454,0.1487477570772171,0.2037380039691925,0.19155667722225189,0.23707127571105957,-0.95241981744766235,0.8283536434173584,0,0,0,1
12.6,0.8712410722429512,0.4906524206074935,0.014113687999931773,0.20179371535778046,-0.48182423760805376,0.8493675014921098,0.21545359468448858,0.13955211639404297,0.09372511984718897,-0.19451233781191715,0.9764120812180542,0.8338801860809326,0.0,0.0,0.0,1.0,0.1428568959236145,0.95332115888595581,0.26602789759635925,-0.16510511934757233,0.97102946043014526,-0.18701913952827454,0.1487477570772171,0.2037380039691925,0.19155667722225189,0.23707127571105957,-0.95241981744766235,0.8283536434173584,0,0,0,1
12.633333333333333,0.8712410722429512,0.4906524206074935,0.014113687999931773,0.20179371535778046,-0.48182423760805376,0.8493675014921098,0.21545359468448858,0.13955211639404297,0.09372511984718897,-0.19451233781191715,0.9764120812180542,0.8338801860809326,0.0,0.0,0.0,1.0,0.1428568959236145,0.95332115888595581,0.26602789759635925,-0.16510511934757233,0.97102946043014526,-0.18701913952827454,0.1487477570772171,0.2037380039691925,0.19155667722225189,0.23707127571105957,-0.95241981744766235,0.8283536434173584,0,0,0,1
12.666666666666666,0.8712410722429512,0.4906524206074935,0.014113687999931773,0.20179371535778046,-0.48182423760805376,0.8493675014921098,0.21545359468448858,0.13955211639404297,0.09372511984718897,-0.19451233781191715,0.9764120812180542,0.8338801860809326,0.0,0.0,0.0,1.0,0.1428568959236145,0.95332115888595581,0.26602789759635925,-0.16510511934757233,0.97102946043014526,-0.18701913952827454,0.1487477570772171,0.2037380039691925,0.19155667722225189,0.23707127571105957,-0.95241981744766235,0.8283536434173584,0,0,0,1
12.7,0.8712410722429512,0.4906524206074935,0.014113687999931773,0.20179371535778046,-0.48182423760805376,0.8493675014921098,0.21545359468448858,0.13955211639404297,0.09372511984718897,-0.19451233781191715,0.9764120812180542,0.8338801860809326,0.0,0.0,0.0,1.0,0.1428568959236145,0.95332115888595581,0.26602789759635925,-0.16510511934757233,0.97102946043014526,-0.18701913952827454,0.1487477570772171,0.2037380039691925,0.19155667722225189,0.23707127571105957,-0.95241981744766235,0.8283536434173584,0,0,0,1
12.733333333333333,0.8712410722429512,0.4906524206074935,0.014113687999931773,0.20179371535778046,-0.48182423760805376,0.8493675014921098,0.21545359468448858,0.13955211639404297,0.09372511984718897,-0.19451233781191715,0.9764120812180542,0.8338801860809326,0.0,0.0,0.0,1.0,0.1428568959236145,0.95332115888595581,0.26602789759635925,-0.16510511934757233,0.97102946043014526,-0.18701913952827454,0.1487477570772171,0.2037380039691925,0.19155667722225189,0.23707127571105957,-0.95241981744766235,0.8283536434173584,0,0,0,1
12.766666666666667,0.8712410722429512,0.4906524206074935,0.014113687999931773,0.20179371535778046,-0.48182423760805376,0.8493675014921098,0.21545359468448858,0.13955211639404297,0.09372511984718897,-0.19451233781191715,0.9764120812180542,0.8338801860809326,0.0,0.0,0.0,1.0,0.1428568959236145,0.95332115888595581,0.26602789759635925,-0.16510511934757233,0.97102946043014526,-0.18701913952827454,0.1487477570772171,0.2037380039691925,0.19155667722225189,0.23707127571105957,-0.95241981744766235,0.8283536434173584,0,0,0,1
12.8,0.8712410722429512,0.4906524206074935,0.014113687999931773,0.20179371535778046,-0.48182423760805376,0.8493675014921098,0.21545359468448858,0.13955211639404297,0.09372511984718897,-0.19451233781191715,0.9764120812180542,0.8338801860809326,0.0,0.0,0.0,1.0,0.1428568959236145,0.95332115888595581,0.26602789759635925,-0.16510511934757233,0.97102946043014526,-0.18701913952827454,0.1487477570772171,0.2037380039691925,0.19155667722225189,0.23707127571105957,-0.95241981744766235,0.8283536434173584,0,0,0,1
12.833333333333334,0.8712410722429512,0.4906524206074935,0.014113687999931773,0.20179371535778046,-0.48182423760805376,0.8493675014921098,0.21545359468448858,0.13955211639404297,0.09372511984718897,-0.19451233781191715,0.9764120812180542,0.8338801860809326,0.0,0.0,0.0,1.0,0.1428568959236145,0.95332115888595581,0.26602789759635925,-0.16510511934757233,0.97102946043014526,-0.18701913952827454,0.1487477570772171,0.2037380039691925,0.19155667722225189,0.23707127571105957,-0.95241981744766235,0.8283536434173584,0,0,0,1
12.866666666666667,0.8712410722429512,0.4906524206074935,0.014113687999931773,0.20179371535778046,-0.48182423760805376,0.8493675014921098,0.21545359468448858,0.13955211639404297,0.09372511984718897,-0.19451233781191715,0.9764120812180542,0.8338801860809326,0.0,0.0,0.0,1.0,0.1428568959236145,0.95332115888595581,0.26602789759635925,-0.16510511934757233,0.97102946043014526,-0.18701913952827454,0.1487477570772171,0.2037380039691925,0.19155667722225189,0.23707127571105957,-0.95241981744766235,0.8283536434173584,0,0,0,1
12.9,0.8712410722429512,0.4906524206074935,0.014113687999931773,0.20179371535778046,-0.48182423760805376,0.8493675014921098,0.21545359468448858,0.13955211639404297,0.09372511984718897,-0.19451233781191715,0.9764120812180542,0.8338801860809326,0.0,0.0,0.0,1.0,0.1428568959236145,0.95332115888595581,0.26602789759635925,-0.16510511934757233,0.97102946043014526,-0.18701913952827454,0.1487477570772171,0.2037380039691925,0.19155667722225189,0.23707127571105957,-0.95241981744766235,0.8283536434173584,0,0,0,1
12.933333333333334,0.8712410722429512,0.4906524206074935,0.014113687999931773,0.20179371535778046,-0.48182423760805376,0.8493675014921098,0.21545359468448858,0.13955211639404297,0.09372511984718897,-0.19451233781191715,0.9764120812180542,0.8338801860809326,0.0,0.0,0.0,1.0,0.1428568959236145,0.95332115888595581,0.26602789759635925,-0.16510511934757233,0.97102946043014526,-0.18701913952827454,0.1487477570772171,0.2037380039691925,0.19155667722225189,0.23707127571105957,-0.95241981744766235,0.8283536434173584,0,0,0,1
12.966666666666667,0.8712410722429512,0.4906524206074935,0.014113687999931773,0.20179371535778046,-0.48182423760805376,0.8493675014921098,0.21545359468448858,0.13955211639404297,0.09372511984718897,-0.19451233781191715,0.9764120812180542,0.8338801860809326,0.0,0.0,0.0,1.0,0.1428568959236145,0.95332115888595581,0.26602789759635925,-0.16510511934757233,0.97102946043014526,-0.18701913952827454,0.1487477570772171,0.2037380039691925,0.19155667722225189,0.23707127571105957,-0.95241981744766235,0.8283536434173584,0,0,0,1
13.0,0.8712410722429512,0.4906524206074935,0.014113687999931773,0.20179371535778046,-0.48182423760805376,0.8493675014921098,0.21545359468448858,0.13955211639404297,0.09372511984718897,-0.19451233781191715,0.9764120812180542,0.8338801860809326,0.0,0.0,0.0,1.0,0.1428568959236145,0.95332115888595581,0.26602789759635925,-0.16510511934757233,0.97102946043014526,-0.18701913952827454,0.1487477570772171,0.2037380039691925,0.19155667722225189,0.23707127571105957,-0.95241981744766235,0.8283536434173584,0,0,0,1
13.033333333333333,0.8712410722429512,0.4906524206074935,0.014113687999931773,0.20179371535778046,-0.48182423760805376,0.8493675014921098,0.21545359468448858,0.13955211639404297,0.09372511984718897,-0.19451233781191715,0.9764120812180542,0.8338801860809326,0.0,0.0,0.0,1.0,0.1428568959236145,0.95332115888595581,0.26602789759635925,-0.16510511934757233,0.97102946043014526,-0.18701913952827454,0.1487477570772171,0.2037380039691925,0.19155667722225189,0.23707127571105957,-0.95241981744766235,0.8283536434173584,0,0,0,1
13.066666666666666,0.8712410722429512,0.4906524206074935,0.014113687999931773,0.20179371535778046,-0.48182423760805376,0.8493675014921098,0.21545359468448858,0.13955211639404297,0.09372511984718897,-0.19451233781191715,0.9764120812180542,0.8338801860809326,0.0,0.0,0.0,1.0,0.1428568959236145,0.95332115888595581,0.26602789759635925,-0.16510511934757233,0.97102946043014526,-0.18701913952827454,0.1487477570772171,0.2037380039691925,0.19155667722225189,0.23707127571105957,-0.95241981744766235,0.8283536434173584,0,0,0,1
13.1,0.8712410722429512,0.4906524206074935,0.014113687999931773,0.20179371535778046,-0.48182423760805376,0.8493675014921098,0.21545359468448858,0.13955211639404297,0.09372511984718897,-0.19451233781191715,0.9764120812180542,0.8338801860809326,0.0,0.0,0.0,1.0,0.1428568959236145,0.95332115888595581,0.26602789759635925,-0.16510511934757233,0.97102946043014526,-0.18701913952827454,0.1487477570772171,0.2037380039691925,0.19155667722225189,0.23707127571105957,-0.95241981744766235,0.8283536434173584,0,0,0,1
13.133333333333333,0.8712410722429512,0.4906524206074935,0.014113687999931773,0.20179371535778046,-0.48182423760805376,0.8493675014921098,0.21545359468448858,0.13955211639404297,0.09372511984718897,-0.19451233781191715,0.9764120812180542,0.8338801860809326,0.0,0.0,0.0,1.0,0.1428568959236145,0.95332115888595581,0.26602789759635925,-0.16510511934757233,0.97102946043014526,-0.18701913952827454,0.1487477570772171,0.2037380039691925,0.19155667722225189,0.23707127571105957,-0.95241981744766235,0.8283536434173584,0,0,0,1
13.166666666666666,0.8712410722429512,0.4906524206074935,0.014113687999931773,0.20179371535778046,-0.48182423760805376,0.8493675014921098,0.21545359468448858,0.13955211639404297,0.09372511984718897,-0.19451233781191715,0.9764120812180542,0.8338801860809326,0.0,0.0,0.0,1.0,0.1428568959236145,0.95332115888595581,0.26602789759635925,-0.16510511934757233,0.97102946043014526,-0.18701913952827454,0.1487477570772171,0.2037380039691925,0.19155667722225189,0.23707127571105957,-0.95241981744766235,0.8283536434173584,0,0,0,1
13.2,0.8712410722429512,0.4906524206074935,0.014113687999931773,0.20179371535778046,-0.48182423760805376,0.8493675014921098,0.21545359468448858,0.13955211639404297,0.09372511984718897,-0.19451233781191715,0.9764120812180542,0.8338801860809326,0.0,0.0,0.0,1.0,0.1428568959236145,0.95332115888595581,0.26602789759635925,-0.16510511934757233,0.97102946043014526,-0.18701913952827454,0.1487477570772171,0.2037380039691925,0.19155667722225189,0.23707127571105957,-0.95241981744766235,0.8283536434173584,0,0,0,1
13.233333333333333,0.8712410722429512,0.4906524206074935,0.014113687999931773,0.20179371535778046,-0.48182423760805376,0.8493675014921098,0.21545359468448858,0.13955211639404297,0.09372511984718897,-0.19451233781191715,0.9764120812180542,0.8338801860809326,0.0,0.0,0.0,1.0,0.1428568959236145,0.95332115888595581,0.26602789759635925,-0.16510511934757233,0.97102946043014526,-0.18701913952827454,0.1487477570772171,0.2037380039691925,0.19155667722225189,0.23707127571105957,-0.95241981744766235,0.8283536434173584,0,0,0,1
13.266666666666667,0.8712410722429512,0.4906524206074935,0.014113687999931773,0.20179371535778046,-0.48182423760805376,0.8493675014921098,0.21545359468448858,0.13955211639404297,0.09372511984718897,-0.19451233781191715,0.9764120812180542,0.8338801860809326,0.0,0.0,0.0,1.0,0.1428568959236145,0.95332115888595581,0.26602789759635925,-0.16510511934757233,0.97102946043014526,-0.18701913952827454,0.1487477570772171,0.2037380039691925,0.19155667722225189,0.23707127571105957,-0.95241981744766235,0.8283536434173584,0,0,0,1
13.3,0.8712410722429512,0.4906524206074935,0.014113687999931773,0.20179371535778046,-0.48182423760805376,0.8493675014921098,0.21545359468448858,0.13955211639404297,0.09372511984718897,-0.19451233781191715,0.9764120812180542,0.8338801860809326,0.0,0.0,0.0,1.0,0.1428568959236145,0.95332115888595581,0.26602789759635925,-0.16510511934757233,0.97102946043014526,-0.18701913952827454,0.1487477570772171,0.2037380039691925,0.19155667722225189,0.23707127571105957,-0.95241981744766235,0.8283536434173584,0,0,0,1
13.333333333333334,0.8712410722429512,0.4906524206074935,0.014113687999931773,0.20179371535778046,-0.48182423760805376,0.8493675014921098,0.21545359468448858,0.13955211639404297,0.09372511984718897,-0.19451233781191715,0.9764120812180542,0.8338801860809326,0.0,0.0,0.0,1.0,0.1428568959236145,0.95332115888595581,0.26602789759635925,-0.16510511934757233,0.97102946043014526,-0.18701913952827454,0.1487477570772171,0.2037380039691925,0.19155667722225189,0.23707127571105957,-0.95241981744766235,0.8283536434173584,0,0,0,1
13.366666666666667,0.8712410722429512,0.4906524206074935,0.014113687999931773,0.20179371535778046,-0.48182423760805376,0.8493675014921098,0.21545359468448858,0.13955211639404297,0.09372511984718897,-0.19451233781191715,0.9764120812180542,0.8338801860809326,0.0,0.0,0.0,1.0,0.1428568959236145,0.95332115888595581,0.26602789759635925,-0.16510511934757233,0.97102946043014526,-0.18701913952827454,0.1487477570772171,0.2037380039691925,0.19155667722225189,0.23707127571105957,-0.95241981744766235,0.8283536434173584,0,0,0,1
13.4,0.8712410722429512,0.4906524206074935,0.014113687999931773,0.20179371535778046,-0.48182423760805376,0.8493675014921098,0.21545359468448858,0.13955211639404297,0.09372511984718897,-0.19451233781191715,0.9764120812180542,0.8338801860809326,0.0,0.0,0.0,1.0,0.1428568959236145,0.95332115888595581,0.26602789759635925,-0.16510511934757233,0.97102946043014526,-0.18701913952827454,0.1487477570772171,0.2037380039691925,0.19155667722225189,0.23707127571105957,-0.95241981744766235,0.8283536434173584,0,0,0,1
13.433333333333334,0.8712410722429512,0.4906524206074935,0.014113687999931773,0.20179371535778046,-0.48182423760805376,0.8493675014921098,0.21545359468448858,0.13955211639404297,0.09372511984718897,-0.19451233781191715,0.9764120812180542,0.8338801860809326,0.0,0.0,0.0,1.0,0.1428568959236145,0.95332115888595581,0.26602789759635925,-0.16510511934757233,0.97102946043014526,-0.18701913952827454,0.1487477570772171,0.2037380039691925,0.19155667722225189,0.23707127571105957,-0.95241981744766235,0.8283536434173584,0,0,0,1
13.466666666666667,0.8712410722429512,0.4906524206074935,0.014113687999931773,0.20179371535778046,-0.48182423760805376,0.8493675014921098,0.21545359468448858,0.13955211639404297,0.09372511984718897,-0.19451233781191715,0.9764120812180542,0.8338801860809326,0.0,0.0,0.0,1.0,0.1428568959236145,0.95332115888595581,0.26602789759635925,-0.16510511934757233,0.97102946043014526,-0.18701913952827454,0.1487477570772171,0.2037380039691925,0.19155667722225189,0.23707127571105957,-0.95241981744766235,0.8283536434173584,0,0,0,1
13.5,0.8712410722429512,0.4906524206074935,0.014113687999931773,0.20179371535778046,-0.48182423760805376,0.8493675014921098,0.21545359468448858,0.13955211639404297,0.09372511984718897,-0.19451233781191715,0.9764120812180542,0.8338801860809326,0.0,0.0,0.0,1.0,0.1428568959236145,0.95332115888595581,0.26602789759635925,-0.16510511934757233,0.97102946043014526,-0.18701913952827454,0.1487477570772171,0.2037380039691925,0.19155667722225189,0.23707127571105957,-0.95241981744766235,0.8283536434173584,0,0,0,1
13.533333333333333,0.8712410722429512,0.4906524206074935,0.014113687999931773,0.20179371535778046,-0.48182423760805376,0.8493675014921098,0.21545359468448858,0.13955211639404297,0.09372511984718897,-0.19451233781191715,0.9764120812180542,0.8338801860809326,0.0,0.0,0.0,1.0,0.1428568959236145,0.95332115888595581,0.26602789759635925,-0.16510511934757233,0.97102946043014526,-0.18701913952827454,0.1487477570772171,0.2037380039691925,0.19155667722225189,0.23707127571105957,-0.95241981744766235,0.8283536434173584,0,0,0,1
13.566666666666666,0.8712410722429512,0.4906524206074935,0.014113687999931773,0.20179371535778046,-0.48182423760805376,0.8493675014921098,0.21545359468448858,0.13955211639404297,0.09372511984718897,-0.19451233781191715,0.9764120812180542,0.8338801860809326,0.0,0.0,0.0,1.0,0.1428568959236145,0.95332115888595581,0.26602789759635925,-0.16510511934757233,0.97102946043014526,-0.18701913952827454,0.1487477570772171,0.2037380039691925,0.19155667722225189,0.23707127571105957,-0.95241981744766235,0.8283536434173584,0,0,0,1
13.6,0.8712410722429512,0.4906524206074935,0.014113687999931773,0.20179371535778046,-0.48182423760805376,0.8493675014921098,0.21545359468448858,0.13955211639404297,0.09372511984718897,-0.19451233781191715,0.9764120812180542,0.8338801860809326,0.0,0.0,0.0,1.0,0.1428568959236145,0.95332115888595581,0.26602789759635925,-0.16510511934757233,0.97102946043014526,-0.18701913952827454,0.1487477570772171,0.2037380039691925,0.19155667722225189,0.23707127571105957,-0.95241981744766235,0.8283536434173584,0,0,0,1
13.633333333333333,0.8712410722429512,0.4906524206074935,0.014113687999931773,0.20179371535778046,-0.48182423760805376,0.8493675014921098,0.21545359468448858,0.13955211639404297,0.09372511984718897,-0.19451233781191715,0.9764120812180542,0.8338801860809326,0.0,0.0,0.0,1.0,0.1428568959236145,0.95332115888595581,0.26602789759635925,-0.16510511934757233,0.97102946043014526,-0.18701913952827454,0.1487477570772171,0.2037380039691925,0.19155667722225189,0.23707127571105957,-0.95241981744766235,0.8283536434173584,0,0,0,1
13.666666666666666,0.8712410722429512,0.4906524206074935,0.014113687999931773,0.20179371535778046,-0.48182423760805376,0.8493675014921098,0.21545359468448858,0.13955211639404297,0.09372511984718897,-0.19451233781191715,0.9764120812180542,0.8338801860809326,0.0,0.0,0.0,1.0,0.1428568959236145,0.95332115888595581,0.26602789759635925,-0.16510511934757233,0.97102946043014526,-0.18701913952827454,0.1487477570772171,0.2037380039691925,0.19155667722225189,0.23707127571105957,-0.95241981744766235,0.8283536434173584,0,0,0,1
13.7,0.8712410722429512,0.4906524206074935,0.014113687999931773,0.20179371535778046,-0.48182423760805376,0.8493675014921098,0.21545359468448858,0.13955211639404297,0.09372511984718897,-0.19451233781191715,0.9764120812180542,0.8338801860809326,0.0,0.0,0.0,1.0,0.1428568959236145,0.95332115888595581,0.26602789759635925,-0.16510511934757233,0.97102946043014526,-0.18701913952827454,0.1487477570772171,0.2037380039691925,0.19155667722225189,0.23707127571105957,-0.95241981744766235,0.8283536434173584,0,0,0,1
13.733333333333333,0.8712410722429512,0.4906524206074935,0.014113687999931773,0.20179371535778046,-0.48182423760805376,0.8493675014921098,0.21545359468448858,0.13955211639404297,0.09372511984718897,-0.19451233781191715,0.9764120812180542,0.8338801860809326,0.0,0.0,0.0,1.0,0.1428568959236145,0.95332115888595581,0.26602789759635925,-0.16510511934757233,0.97102946043014526,-0.18701913952827454,0.1487477570772171,0.2037380039691925,0.19155667722225189,0.23707127571105957,-0.95241981744766235,0.8283536434173584,0,0,0,1
13.766666666666667,0.8712410722429512,0.4906524206074935,0.014113687999931773,0.20179371535778046,-0.48182423760805376,0.8493675014921098,0.21545359468448858,0.13955211639404297,0.09372511984718897,-0.19451233781191715,0.9764120812180542,0.8338801860809326,0.0,0.0,0.0,1.0,0.1428568959236145,0.95332115888595581,0.26602789759635925,-0.16510511934757233,0.97102946043014526,-0.18701913952827454,0.1487477570772171,0.2037380039691925,0.19155667722225189,0.23707127571105957,-0.95241981744766235,0.8283536434173584,0,0,0,1
13.8,0.8712410722429512,0.4906524206074935,0.014113687999931773,0.20179371535778046,-0.48182423760805376,0.8493675014921098,0.21545359468448858,0.13955211639404297,0.09372511984718897,-0.19451233781191715,0.9764120812180542,0.8338801860809326,0.0,0.0,0.0,1.0,0.1428568959236145,0.95332115888595581,0.26602789759635925,-0.16510511934757233,0.97102946043014526,-0.18701913952827454,0.1487477570772171,0.2037380039691925,0.19155667722225189,0.23707127571105957,-0.95241981744766235,0.8283536434173584,0,0,0,1
13.833333333333334,0.8712410722429512,0.4906524206074935,0.014113687999931773,0.20179371535778046,-0.48182423760805376,0.8493675014921098,0.21545359468448858,0.13955211639404297,0.09372511984718897,-0.19451233781191715,0.9764120812180542,0.8338801860809326,0.0,0.0,0.0,1.0,0.1428568959236145,0.95332115888595581,0.26602789759635925,-0.16510511934757233,0.97102946043014526,-0.18701913952827454,0.1487477570772171,0.2037380039691925,0.19155667722225189,0.23707127571105957,-0.95241981744766235,0.8283536434173584,0,0,0,1
13.866666666666667,0.8712410722429512,0.4906524206074935,0.014113687999931773,0.20179371535778046,-0.48182423760805376,0.8493675014921098,0.21545359468448858,0.13955211639404297,0.09372511984718897,-0.19451233781191715,0.9764120812180542,0.8338801860809326,0.0,0.0,0.0,1.0,0.1428568959236145,0.95332115888595581,0.26602789759635925,-0.16510511934757233,0.97102946043014526,-0.18701913952827454,0.1487477570772171,0.2037380039691925,0.19155667722225189,0.23707127571105957,-0.95241981744766235,0.8283536434173584,0,0,0,1
13.9,0.8712410722429512,0.4906524206074935,0.014113687999931773,0.20179371535778046,-0.48182423760805376,0.8493675014921098,0.21545359468448858,0.13955211639404297,0.09372511984718897,-0.19451233781191715,0.9764120812180542,0.8338801860809326,0.0,0.0,0.0,1.0,0.1428568959236145,0.95332115888595581,0.26602789759635925,-0.16510511934757233,0.97102946043014526,-0.18701913952827454,0.1487477570772171,0.2037380039691925,0.19155667722225189,0.23707127571105957,-0.95241981744766235,0.8283536434173584,0,0,0,1
13.933333333333334,0.8712410722429512,0.4906524206074935,0.014113687999931773,0.20179371535778046,-0.48182423760805376,0.8493675014921098,0.21545359468448858,0.13955211639404297,0.09372511984718897,-0.19451233781191715,0.9764120812180542,0.8338801860809326,0.0,0.0,0.0,1.0,0.1428568959236145,0.95332115888595581,0.26602789759635925,-0.16510511934757233,0.97102946043014526,-0.18701913952827454,0.1487477570772171,0.2037380039691925,0.19155667722225189,0.23707127571105957,-0.95241981744766235,0.8283536434173584,0,0,0,1
13.966666666666667,0.8712410722429512,0.4906524206074935,0.014113687999931773,0.20179371535778046,-0.48182423760805376,0.8493675014921098,0.21545359468448858,0.13955211639404297,0.09372511984718897,-0.19451233781191715,0.9764120812180542,0.8338801860809326,0.0,0.0,0.0,1.0,0.1428568959236145,0.95332115888595581,0.26602789759635925,-0.16510511934757233,0.97102946043014526,-0.18701913952827454,0.1487477570772171,0.2037380039691925,0.19155667722225189,0.23707127571105957,-0.95241981744766235,0.8283536434173584,0,0,0,1
14.0,0.8712410722429512,0.4906524206074935,0.014113687999931773,0.20179371535778046,-0.48182423760805376,0.8493675014921098,0.21545359468448858,0.13955211639404297,0.09372511984718897,-0.19451233781191715,0.9764120812180542,0.8338801860809326,0.0,0.0,0.0,1.0,0.1428568959236145,0.95332115888595581,0.26602789759635925,-0.16510511934757233,0.97102946043014526,-0.18701913952827454,0.1487477570772171,0.2037380039691925,0.19155667722225189,0.23707127571105957,-0.95241981744766235,0.8283536434173584,0,0,0,1
14.033333333333333,0.8712410722429512,0.4906524206074935,0.014113687999931773,0.20179371535778046,-0.48182423760805376,0.8493675014921098,0.21545359468448858,0.13955211639404297,0.09372511984718897,-0.19451233781191715,0.9764120812180542,0.8338801860809326,0.0,0.0,0.0,1.0,0.1428568959236145,0.95332115888595581,0.26602789759635925,-0.16510511934757233,0.97102946043014526,-0.18701913952827454,0.1487477570772171,0.2037380039691925,0.19155667722225189,0.23707127571105957,-0.95241981744766235,0.8283536434173584,0,0,0,1
14.066666666666666,0.8712410722429512,0.4906524206074935,0.014113687999931773,0.20179371535778046,-0.48182423760805376,0.8493675014921098,0.21545359468448858,0.13955211639404297,0.09372511984718897,-0.19451233781191715,0.9764120812180542,0.8338801860809326,0.0,0.0,0.0,1.0,0.1428568959236145,0.95332115888595581,0.26602789759635925,-0.16510511934757233,0.97102946043014526,-0.18701913952827454,0.1487477570772171,0.2037380039691925,0.19155667722225189,0.23707127571105957,-0.95241981744766235,0.8283536434173584,0,0,0,1
14.1,0.8712410722429512,0.4906524206074935,0.014113687999931773,0.20179371535778046,-0.48182423760805376,0.8493675014921098,0.21545359468448858,0.13955211639404297,0.09372511984718897,-0.19451233781191715,0.9764120812180542,0.8338801860809326,0.0,0.0,0.0,1.0,0.1428568959236145,0.95332115888595581,0.26602789759635925,-0.16510511934757233,0.97102946043014526,-0.18701913952827454,0.1487477570772171,0.2037380039691925,0.19155667722225189,0.23707127571105957,-0.95241981744766235,0.8283536434173584,0,0,0,1
14.133333333333333,0.8712410722429512,0.4906524206074935,0.014113687999931773,0.20179371535778046,-0.48182423760805376,0.8493675014921098,0.21545359468448858,0.13955211639404297,0.09372511984718897,-0.19451233781191715,0.9764120812180542,0.8338801860809326,0.0,0.0,0.0,1.0,0.1428568959236145,0.95332115888595581,0.26602789759635925,-0.16510511934757233,0.97102946043014526,-0.18701913952827454,0.1487477570772171,0.2037380039691925,0.19155667722225189,0.23707127571105957,-0.95241981744766235,0.8283536434173584,0,0,0,1
14.166666666666666,0.8712410722429512,0.4906524206074935,0.014113687999931773,0.20179371535778046,-0.48182423760805376,0.8493675014921098,0.21545359468448858,0.13955211639404297,0.09372511984718897,-0.19451233781191715,0.9764120812180542,0.8338801860809326,0.0,0.0,0.0,1.0,0.1428568959236145,0.95332115888595581,0.26602789759635925,-0.16510511934757233,0.97102946043014526,-0.18701913952827454,0.1487477570772171,0.2037380039691925,0.19155667722225189,0.23707127571105957,-0.95241981744766235,0.8283536434173584,0,0,0,1
14.2,0.8712410722429512,0.4906524206074935,0.014113687999931773,0.20179371535778046,-0.48182423760805376,0.8493675014921098,0.21545359468448858,0.13955211639404297,0.09372511984718897,-0.19451233781191715,0.9764120812180542,0.8338801860809326,0.0,0.0,0.0,1.0,0.1428568959236145,0.95332115888595581,0.26602789759635925,-0.16510511934757233,0.97102946043014526,-0.18701913952827454,0.1487477570772171,0.2037380039691925,0.19155667722225189,0.23707127571105957,-0.95241981744766235,0.8283536434173584,0,0,0,1
14.233333333333333,0.8712410722429512,0.4906524206074935,0.014113687999931773,0.20179371535778046,-0.48182423760805376,0.8493675014921098,0.21545359468448858,0.13955211639404297,0.09372511984718897,-0.19451233781191715,0.9764120812180542,0.8338801860809326,0.0,0.0,0.0,1.0,0.1428568959236145,0.95332115888595581,0.26602789759635925,-0.16510511934757233,0.97102946043014526,-0.18701913952827454,0.1487477570772171,0.2037380039691925,0.19155667722225189,0.23707127571105957,-0.95241981744766235,0.8283536434173584,0,0,0,1
14.266666666666667,0.8712410722429512,0.4906524206074935,0.014113687999931773,0.20179371535778046,-0.48182423760805376,0.8493675014921098,0.21545359468448858,0.13955211639404297,0.09372511984718897,-0.19451233781191715,0.9764120812180542,0.8338801860809326,0.0,0.0,0.0,1.0,0.1428568959236145,0.95332115888595581,0.26602789759635925,-0.16510511934757233,0.97102946043014526,-0.18701913952827454,0.1487477570772171,0.2037380039691925,0.19155667722225189,0.23707127571105957,-0.95241981744766235,0.8283536434173584,0,0,0,1
14.3,0.8712410722429512,0.4906524206074935,0.014113687999931773,0.20179371535778046,-0.48182423760805376,0.8493675014921098,0.21545359468448858,0.13955211639404297,0.09372511984718897,-0.19451233781191715,0.9764120812180542,0.8338801860809326,0.0,0.0,0.0,1.0,0.1428568959236145,0.95332115888595581,0.26602789759635925,-0.16510511934757233,0.97102946043014526,-0.18701913952827454,0.1487477570772171,0.2037380039691925,0.19155667722225189,0.23707127571105957,-0.95241981744766235,0.8283536434173584,0,0,0,1
14.333333333333334,0.8712410722429512,0.4906524206074935,0.014113687999931773,0.20179371535778046,-0.48182423760805376,0.8493675014921098,0.21545359468448858,0.13955211639404297,0.09372511984718897,-0.19451233781191715,0.9764120812180542,0.8338801860809326,0.0,0.0,0.0,1.0,0.1428568959236145,0.95332115888595581,0.26602789759635925,-0.16510511934757233,0.97102946043014526,-0.18701913952827454,0.1487477570772171,0.2037380039691925,0.19155667722225189,0.23707127571105957,-0.95241981744766235,0.8283536434173584,0,0,0,1
14.366666666666667,0.8712410722429512,0.4906524206074935,0.014113687999931773,0.20179371535778046,-0.48182423760805376,0.8493675014921098,0.21545359468448858,0.13955211639404297,0.09372511984718897,-0.19451233781191715,0.9764120812180542,0.8338801860809326,0.0,0.0,0.0,1.0,0.1428568959236145,0.95332115888595581,0.26602789759635925,-0.16510511934757233,0.97102946043014526,-0.18701913952827454,0.1487477570772171,0.2037380039691925,0.19155667722225189,0.23707127571105957,-0.95241981744766235,0.8283536434173584,0,0,0,1
14.4,0.8712410722429512,0.4906524206074935,0.014113687999931773,0.20179371535778046,-0.48182423760805376,0.8493675014921098,0.21545359468448858,0.13955211639404297,0.09372511984718897,-0.19451233781191715,0.9764120812180542,0.8338801860809326,0.0,0.0,0.0,1.0,0.1428568959236145,0.95332115888595581,0.26602789759635925,-0.16510511934757233,0.97102946043014526,-0.18701913952827454,0.1487477570772171,0.2037380039691925,0.19155667722225189,0.23707127571105957,-0.95241981744766235,0.8283536434173584,0,0,0,1
14.433333333333334,0.8712410722429512,0.4906524206074935,0.014113687999931773,0.20179371535778046,-0.48182423760805376,0.8493675014921098,0.21545359468448858,0.13955211639404297,0.09372511984718897,-0.19451233781191715,0.9764120812180542,0.8338801860809326,0.0,0.0,0.0,1.0,0.1428568959236145,0.95332115888595581,0.26602789759635925,-0.16510511934757233,0.97102946043014526,-0.18701913952827454,0.1487477570772171,0.2037380039691925,0.19155667722225189,0.23707127571105957,-0.95241981744766235,0.8283536434173584,0,0,0,1
14.466666666666667,0.8712410722429512,0.4906524206074935,0.014113687999931773,0.20179371535778046,-0.48182423760805376,0.8493675014921098,0.21545359468448858,0.13955211639404297,0.09372511984718897,-0.19451233781191715,0.9764120812180542,0.8338801860809326,0.0,0.0,0.0,1.0,0.1428568959236145,0.95332115888595581,0.26602789759635925,-0.16510511934757233,0.97102946043014526,-0.18701913952827454,0.1487477570772171,0.2037380039691925,0.19155667722225189,0.23707127571105957,-0.95241981744766235,0.8283536434173584,0,0,0,1
14.5,0.8712410722429512,0.4906524206074935,0.014113687999931773,0.20179371535778046,-0.48182423760805376,0.8493675014921098,0.21545359468448858,0.13955211639404297,0.09372511984718897,-0.19451233781191715,0.9764120812180542,0.8338801860809326,0.0,0.0,0.0,1.0,0.1428568959236145,0.95332115888595581,0.26602789759635925,-0.16510511934757233,0.97102946043014526,-0.18701913952827454,0.1487477570772171,0.2037380039691925,0.19155667722225189,0.23707127571105957,-0.95241981744766235,0.8283536434173584,0,0,0,1
14.533333333333333,0.8712410722429512,0.4906524206074935,0.014113687999931773,0.20179371535778046,-0.48182423760805376,0.8493675014921098,0.21545359468448858,0.13955211639404297,0.09372511984718897,-0.19451233781191715,0.9764120812180542,0.8338801860809326,0.0,0.0,0.0,1.0,0.1428568959236145,0.95332115888595581,0.26602789759635925,-0.16510511934757233,0.97102946043014526,-0.18701913952827454,0.1487477570772171,0.2037380039691925,0.19155667722225189,0.23707127571105957,-0.95241981744766235,0.8283536434173584,0,0,0,1
14.566666666666666,0.8712410722429512,0.4906524206074935,0.014113687999931773,0.20179371535778046,-0.48182423760805376,0.8493675014921098,0.21545359468448858,0.13955211639404297,0.09372511984718897,-0.19451233781191715,0.9764120812180542,0.8338801860809326,0.0,0.0,0.0,1.0,0.1428568959236145,0.95332115888595581,0.26602789759635925,-0.16510511934757233,0.97102946043014526,-0.18701913952827454,0.1487477570772171,0.2037380039691925,0.19155667722225189,0.23707127571105957,-0.95241981744766235,0.8283536434173584,0,0,0,1
14.6,0.8712410722429512,0.4906524206074935,0.014113687999931773,0.20179371535778046,-0.48182423760805376,0.8493675014921098,0.21545359468448858,0.13955211639404297,0.09372511984718897,-0.19451233781191715,0.9764120812180542,0.8338801860809326,0.0,0.0,0.0,1.0,0.1428568959236145,0.95332115888595581,0.26602789759635925,-0.16510511934757233,0.97102946043014526,-0.18701913952827454,0.1487477570772171,0.2037380039691925,0.19155667722225189,0.23707127571105957,-0.95241981744766235,0.8283536434173584,0,0,0,1
14.633333333333333,0.8712410722429512,0.4906524206074935,0.014113687999931773,0.20179371535778046,-0.48182423760805376,0.8493675014921098,0.21545359468448858,0.13955211639404297,0.09372511984718897,-0.19451233781191715,0.9764120812180542,0.8338801860809326,0.0,0.0,0.0,1.0,0.1428568959236145,0.95332115888595581,0.26602789759635925,-0.16510511934757233,0.97102946043014526,-0.18701913952827454,0.1487477570772171,0.2037380039691925,0.19155667722225189,0.23707127571105957,-0.95241981744766235,0.8283536434173584,0,0,0,1
14.666666666666666,0.8712410722429512,0.4906524206074935,0.014113687999931773,0.20179371535778046,-0.48182423760805376,0.8493675014921098,0.21545359468448858,0.13955211639404297,0.09372511984718897,-0.19451233781191715,0.9764120812180542,0.8338801860809326,0.0,0.0,0.0,1.0,0.1428568959236145,0.95332115888595581,0.26602789759635925,-0.16510511934757233,0.97102946043014526,-0.18701913952827454,0.1487477570772171,0.2037380039691925,0.19155667722225189,0.23707127571105957,-0.95241981744766235,0.8283536434173584,0,0,0,1
14.7,0.8712410722429512,0.4906524206074935,0.014113687999931773,0.20179371535778046,-0.48182423760805376,0.8493675014921098,0.21545359468448858,0.13955211639404297,0.09372511984718897,-0.19451233781191715,0.9764120812180542,0.8338801860809326,0.0,0.0,0.0,1.0,0.1428568959236145,0.95332115888595581,0.26602789759635925,-0.16510511934757233,0.97102946043014526,-0.18701913952827454,0.1487477570772171,0.2037380039691925,0.19155667722225189,0.23707127571105957,-0.95241981744766235,0.8283536434173584,0,0,0,1
14.733333333333333,0.8712410722429512,0.4906524206074935,0.014113687999931773,0.20179371535778046,-0.48182423760805376,0.8493675014921098,0.21545359468448858,0.13955211639404297,0.09372511984718897,-0.19451233781191715,0.9764120812180542,0.8338801860809326,0.0,0.0,0.0,1.0,0.1428568959236145,0.95332115888595581,0.26602789759635925,-0.16510511934757233,0.97102946043014526,-0.18701913952827454,0.1487477570772171,0.2037380039691925,0.19155667722225189,0.23707127571105957,-0.95241981744766235,0.8283536434173584,0,0,0,1
14.766666666666667,0.8712410722429512,0.4906524206074935,0.014113687999931773,0.20179371535778046,-0.48182423760805376,0.8493675014921098,0.21545359468448858,0.13955211639404297,0.09372511984718897,-0.19451233781191715,0.9764120812180542,0.8338801860809326,0.0,0.0,0.0,1.0,0.1428568959236145,0.95332115888595581,0.26602789759635925,-0.16510511934757233,0.97102946043014526,-0.18701913952827454,0.1487477570772171,0.2037380039691925,0.19155667722225189,0.23707127571105957,-0.95241981744766235,0.8283536434173584,0,0,0,1
14.8,0.8712410722429512,0.4906524206074935,0.014113687999931773,0.20179371535778046,-0.48182423760805376,0.8493675014921098,0.21545359468448858,0.13955211639404297,0.09372511984718897,-0.19451233781191715,0.9764120812180542,0.8338801860809326,0.0,0.0,0.0,1.0,0.1428568959236145,0.95332115888595581,0.26602789759635925,-0.16510511934757233,0.97102946043014526,-0.18701913952827454,0.1487477570772171,0.2037380039691925,0.19155667722225189,0.23707127571105957,-0.95241981744766235,0.8283536434173584,0,0,0,1
14.833333333333334,0.8712410722429512,0.4906524206074935,0.014113687999931773,0.20179371535778046,-0.48182423760805376,0.8493675014921098,0.21545359468448858,0.13955211639404297,0.09372511984718897,-0.19451233781191715,0.9764120812180542,0.8338801860809326,0.0,0.0,0.0,1.0,0.1428568959236145,0.95332115888595581,0.26602789759635925,-0.16510511934757233,0.97102946043014526,-0.18701913952827454,0.1487477570772171,0.2037380039691925,0.19155667722225189,0.23707127571105957,-0.95241981744766235,0.8283536434173584,0,0,0,1
14.866666666666667,0.8712410722429512,0.4906524206074935,0.014113687999931773,0.20179371535778046,-0.48182423760805376,0.8493675014921098,0.21545359468448858,0.13955211639404297,0.09372511984718897,-0.19451233781191715,0.9764120812180542,0.8338801860809326,0.0,0.0,0.0,1.0,0.1428568959236145,0.95332115888595581,0.26602789759635925,-0.16510511934757233,0.97102946043014526,-0.18701913952827454,0.1487477570772171,0.2037380039691925,0.19155667722225189,0.23707127571105957,-0.95241981744766235,0.8283536434173584,0,0,0,1
14.9,0.8712410722429512,0.4906524206074935,0.014113687999931773,0.20179371535778046,-0.48182423760805376,0.8493675014921098,0.21545359468448858,0.13955211639404297,0.09372511984718897,-0.19451233781191715,0.9764120812180542,0.8338801860809326,0.0,0.0,0.0,1.0,0.1428568959236145,0.95332115888595581,0.26602789759635925,-0.16510511934757233,0.97102946043014526,-0.18701913952827454,0.1487477570772171,0.2037380039691925,0.19155667722225189,0.23707127571105957,-0.95241981744766235,0.8283536434173584,0,0,0,1
14.933333333333334,0.8712410722429512,0.4906524206074935,0.014113687999931773,0.20179371535778046,-0.48182423760805376,0.8493675014921098,0.21545359468448858,0.13955211639404297,0.09372511984718897,-0.19451233781191715,0.9764120812180542,0.8338801860809326,0.0,0.0,0.0,1.0,0.1428568959236145,0.95332115888595581,0.26602789759635925,-0.16510511934757233,0.97102946043014526,-0.18701913952827454,0.1487477570772171,0.2037380039691925,0.19155667722225189,0.23707127571105957,-0.95241981744766235,0.8283536434173584,0,0,0,1
14.966666666666667,0.8712410722429512,0.4906524206074935,0.014113687999931773,0.20179371535778046,-0.48182423760805376,0.8493675014921098,0.21545359468448858,0.13955211639404297,0.09372511984718897,-0.19451233781191715,0.9764120812180542,0.8338801860809326,0.0,0.0,0.0,1.0,0.1428568959236145,0.95332115888595581,0.26602789759635925,-0.16510511934757233,0.97102946043014526,-0.18701913952827454,0.1487477570772171,0.2037380039691925,0.19155667722225189,0.23707127571105957,-0.95241981744766235,0.8283536434173584,0,0,0,1
15.0,0.8712410722429512,0.4906524206074935,0.014113687999931773,0.20179371535778046,-0.48182423760805376,0.8493675014921098,0.21545359468448858,0.13955211639404297,0.09372511984718897,-0.19451233781191715,0.9764120812180542,0.8338801860809326,0.0,0.0,0.0,1.0,0.1428568959236145,0.95332115888595581,0.26602789759635925,-0.16510511934757233,0.97102946043014526,-0.18701913952827454,0.1487477570772171,0.2037380039691925,0.19155667722225189,0.23707127571105957,-0.95241981744766235,0.8283536434173584,0,0,0,1
15.033333333333333,0.8712410722429512,0.4906524206074935,0.014113687999931773,0.20192935549618876,-0.48182423760805376,0.8493675014921098,0.21545359468448858,0.13955211639404297,0.09372511984718897,-0.19451233781191715,0.9764120812180542,0.8338801860809326,0.0,0.0,0.0,1.0,0.1428568959236145,0.95332115888595581,0.26602789759635925,-0.16510511934757233,0.97102946043014526,-0.18701913952827454,0.1487477570772171,0.2037380039691925,0.19155667722225189,0.23707127571105957,-0.95241981744766235,0.8283536434173584,0,0,0,1
15.066666666666666,0.8712410722429512,0.4906524206074935,0.014113687999931773,0.20233627591141368,-0.48182423760805376,0.8493675014921098,0.21545359468448858,0.13955211639404297,0.09372511984718897,-0.19451233781191715,0.9764120812180542,0.8338801860809326,0.0,0.0,0.0,1.0,0.1428568959236145,0.95332115888595581,0.26602789759635925,-0.16510511934757233,0.97102946043014526,-0.18701913952827454,0.1487477570772171,0.2037380039691925,0.19155667722225189,0.23707127571105957,-0.95241981744766235,0.8283536434173584,0,0,0,1
15.1,0.8712410722429512,0.4906524206074935,0.014113687999931773,0.2030144766034552,-0.48182423760805376,0.8493675014921098,0.21545359468448858,0.13955211639404297,0.09372511984718897,-0.19451233781191715,0.9764120812180542,0.8338801860809326,0.0,0.0,0.0,1.0,0.1428568959236145,0.95332115888595581,0.26602789759635925,-0.16510511934757233,0.97102946043014526,-0.18701913952827454,0.1487477570772171,0.2037380039691925,0.19155667722225189,0.23707127571105957,-0.95241981744766235,0.8283536434173584,0,0,0,1
15.133333333333333,0.8712410722429512,0.4906524206074935,0.014113687999931773,0.20394665653425104,-0.48182423760805376,0.8493675014921098,0.21545359468448858,0.13955211639404297,0.09372511984718897,-0.19451233781191715,0.9764120812180542,0.8338801860809326,0.0,0.0,0.0,1.0,0.1428568959236145,0.95332115888595581,0.26602789759635925,-0.16510511934757233,0.97102946043014526,-0.18701913952827454,0.1487477570772171,0.2037380039691925,0.19155667722225189,0.23707127571105957,-0.95241981744766235,0.8283536434173584,0,0,0,1
15.166666666666666,0.8712410722429512,0.4906524206074935,0.014113687999931773,0.2049348918283687,-0.48182423760805376,0.8493675014921098,0.21545359468448858,0.13955211639404297,0.09372511984718897,-0.19451233781191715,0.9764120812180542,0.8338801860809326,0.0,0.0,0.0,1.0,0.1428568959236145,0.95332115888595581,0.26602789759635925,-0.16510511934757233,0.97102946043014526,-0.18701913952827454,0.1487477570772171,0.2037380039691925,0.19155667722225189,0.23707127571105957,-0.95241981744766235,0.8283536434173584,0,0,0,1
15.2,0.8712410722429512,0.4906524206074935,0.014113687999931773,0.20592312712248634,-0.48182423760805376,0.8493675014921098,0.21545359468448858,0.13955211639404297,0.09372511984718897,-0.19451233781191715,0.9764120812180542,0.8338801860809326,0.0,0.0,0.0,1.0,0.1428568959236145,0.95332115888595581,0.26602789759635925,-0.16510511934757233,0.97102946043014526,-0.18701913952827454,0.1487477570772171,0.2037380039691925,0.19155667722225189,0.23707127571105957,-0.95241981744766235,0.8283536434173584,0,0,0,1
15.233333333333333,0.8712410722429512,0.4906524206074935,0.014113687999931773,0.206911362416604,-0.48182423760805376,0.8493675014921098,0.21545359468448858,0.13955211639404297,0.09372511984718897,-0.19451233781191715,0.9764120812180542,0.8338801860809326,0.0,0.0,0.0,1.0,0.1428568959236145,0.95332115888595581,0.26602789759635925,-0.16510511934757233,0.97102946043014526,-0.18701913952827454,0.1487477570772171,0.2037380039691925,0.19155667722225189,0.23707127571105957,-0.95241981744766235,0.8283536434173584,0,0,0,1
15.266666666666667,0.8712410722429512,0.4906524206074935,0.014113687999931773,0.20789959771072164,-0.48182423760805376,0.8493675014921098,0.21545359468448858,0.13955211639404297,0.09372511984718897,-0.19451233781191715,0.9764120812180542,0.8338801860809326,0.0,0.0,0.0,1.0,0.1428568959236145,0.95332115888595581,0.26602789759635925,-0.16510511934757233,0.97102946043014526,-0.18701913952827454,0.1487477570772171,0.2037380039691925,0.19155667722225189,0.23707127571105957,-0.95241981744766235,0.8283536434173584,0,0,0,1
15.3,0.8712410722429512,0.4906524206074935,0.014113687999931773,0.2088878330048393,-0.48182423760805376,0.8493675014921098,0.21545359468448858,0.13955211639404297,0.09372511984718897,-0.19451233781191715,0.9764120812180542,0.8338801860809326,0.0,0.0,0.0,1.0,0.1428568959236145,0.95332115888595581,0.26602789759635925,-0.16510511934757233,0.97102946043014526,-0.18701913952827454,0.1487477570772171,0.2037380039691925,0.19155667722225189,0.23707127571105957,-0.95241981744766235,0.8283536434173584,0,0,0,1
15.333333333333334,0.8712410722429512,0.4906524206074935,0.014113687999931773,0.20987606829895694,-0.48182423760805376,0.8493675014921098,0.21545359468448858,0.13955211639404297,0.09372511984718897,-0.19451233781191715,0.9764120812180542,0.8338801860809326,0.0,0.0,0.0,1.0,0.1428568959236145,0.95332115888595581,0.26602789759635925,-0.16510511934757233,0.97102946043014526,-0.18701913952827454,0.1487477570772171,0.2037380039691925,0.19155667722225189,0.23707127571105957,-0.95241981744766235,0.8283536434173584,0,0,0,1
15.366666666666667,0.8712410722429512,0.4906524206074935,0.014113687999931773,0.21086430359307456,-0.48182423760805376,0.8493675014921098,0.21545359468448858,0.13955211639404297,0.09372511984718897,-0.19451233781191715,0.9764120812180542,0.8338801860809326,0.0,0.0,0.0,1.0,0.1428568959236145,0.95332115888595581,0.26602789759635925,-0.16510511934757233,0.97102946043014526,-0.18701913952827454,0.1487477570772171,0.2037380039691925,0.19155667722225189,0.23707127571105957,-0.95241981744766235,0.8283536434173584,0,0,0,1
15.4,0.8712410722429512,0.4906524206074935,0.014113687999931773,0.21185253888719222,-0.48182423760805376,0.8493675014921098,0.21545359468448858,0.13955211639404297,0.09372511984718897,-0.19451233781191715,0.9764120812180542,0.8338801860809326,0.0,0.0,0.0,1.0,0.1428568959236145,0.95332115888595581,0.26602789759635925,-0.16510511934757233,0.97102946043014526,-0.18701913952827454,0.1487477570772171,0.2037380039691925,0.19155667722225189,0.23707127571105957,-0.95241981744766235,0.8283536434173584,0,0,0,1
15.433333333333334,0.8712410722429512,0.4906524206074935,0.014113687999931773,0.21284077418130987,-0.48182423760805376,0.8493675014921098,0.21545359468448858,0.13955211639404297,0.09372511984718897,-0.19451233781191715,0.9764120812180542,0.8338801860809326,0.0,0.0,0.0,1.0,0.1428568959236145,0.95332115888595581,0.26602789759635925,-0.16510511934757233,0.97102946043014526,-0.18701913952827454,0.1487477570772171,0.2037380039691925,0.19155667722225189,0.23707127571105957,-0.95241981744766235,0.8283536434173584,0,0,0,1
15.466666666666667,0.8712410722429512,0.4906524206074935,0.014113687999931773,0.21382900947542752,-0.48182423760805376,0.8493675014921098,0.21545359468448858,0.13955211639404297,0.09372511984718897,-0.19451233781191715,0.9764120812180542,0.8338801860809326,0.0,0.0,0.0,1.0,0.1428568959236145,0.95332115888595581,0.26602789759635925,-0.16510511934757233,0.97102946043014526,-0.18701913952827454,0.1487477570772171,0.2037380039691925,0.19155667722225189,0.23707127571105957,-0.95241981744766235,0.8283536434173584,0,0,0,1
15.5,0.8712410722429512,0.4906524206074935,0.014113687999931773,0.21481724476954517,-0.48182423760805376,0.8493675014921098,0.21545359468448858,0.13955211639404297,0.09372511984718897,-0.19451233781191715,0.9764120812180542,0.8338801860809326,0.0,0.0,0.0,1.0,0.1428568959236145,0.95332115888595581,0.26602789759635925,-0.16510511934757233,0.97102946043014526,-0.18701913952827454,0.1487477570772171,0.2037380039691925,0.19155667722225189,0.23707127571105957,-0.95241981744766235,0.8283536434173584,0,0,0,1
15.533333333333333,0.8712410722429512,0.4906524206074935,0.014113687999931773,0.21580548006366282,-0.48182423760805376,0.8493675014921098,0.21545359468448858,0.13955211639404297,0.09372511984718897,-0.19451233781191715,0.9764120812180542,0.8338801860809326,0.0,0.0,0.0,1.0,0.1428568959236145,0.95332115888595581,0.26602789759635925,-0.16510511934757233,0.97102946043014526,-0.18701913952827454,0.1487477570772171,0.2037380039691925,0.19155667722225189,0.23707127571105957,-0.95241981744766235,0.8283536434173584,0,0,0,1
15.566666666666666,0.8712410722429512,0.4906524206074935,0.014113687999931773,0.21679371535778047,-0.48182423760805376,0.8493675014921098,0.21545359468448858,0.13955211639404297,0.09372511984718897,-0.19451233781191715,0.9764120812180542,0.8338801860809326,0.0,0.0,0.0,1.0,0.1428568959236145,0.95332115888595581,0.26602789759635925,-0.16510511934757233,0.97102946043014526,-0.18701913952827454,0.1487477570772171,0.2037380039691925,0.19155667722225189,0.23707127571105957,-0.95241981744766235,0.8283536434173584,0,0,0,1
15.6,0.8712410722429512,0.4906524206074935,0.014113687999931773,0.2177819506518981,-0.48182423760805376,0.8493675014921098,0.21545359468448858,0.13955211639404297,0.09372511984718897,-0.19451233781191715,0.9764120812180542,0.8338801860809326,0.0,0.0,0.0,1.0,0.1428568959236145,0.95332115888595581,0.26602789759635925,-0.16510511934757233,0.97102946043014526,-0.18701913952827454,0.1487477570772171,0.2037380039691925,0.19155667722225189,0.23707127571105957,-0.95241981744766235,0.8283536434173584,0,0,0,1
15.633333333333333,0.8712410722429512,0.4906524206074935,0.014113687999931773,0.21877018594601574,-0.48182423760805376,0.8493675014921098,0.21545359468448858,0.13955211639404297,0.09372511984718897,-0.19451233781191715,0.9764120812180542,0.8338801860809326,0.0,0.0,0.0,1.0,0.1428568959236145,0.95332115888595581,0.26602789759635925,-0.16510511934757233,0.97102946043014526,-0.18701913952827454,0.1487477570772171,0.2037380039691925,0.19155667722225189,0.23707127571105957,-0.95241981744766235,0.8283536434173584,0,0,0,1
15.666666666666666,0.8712410722429512,0.4906524206074935,0.014113687999931773,0.2197584212401334,-0.48182423760805376,0.8493675014921098,0.21545359468448858,0.13955211639404297,0.09372511984718897,-0.19451233781191715,0.9764120812180542,0.8338801860809326,0.0,0.0,0.0,1.0,0.1428568959236145,0.95332115888595581,0.26602789759635925,-0.16510511934757233,0.97102946043014526,-0.18701913952827454,0.1487477570772171,0.2037380039691925,0.19155667722225189,0.23707127571105957,-0.95241981744766235,0.8283536434173584,0,0,0,1
15.7,0.8712410722429512,0.4906524206074935,0.014113687999931773,0.22074665653425105,-0.48182423760805376,0.8493675014921098,0.21545359468448858,0.13955211639404297,0.09372511984718897,-0.19451233781191715,0.9764120812180542,0.8338801860809326,0.0,0.0,0.0,1.0,0.1428568959236145,0.95332115888595581,0.26602789759635925,-0.16510511934757233,0.97102946043014526,-0.18701913952827454,0.1487477570772171,0.2037380039691925,0.19155667722225189,0.23707127571105957,-0.95241981744766235,0.8283536434173584,0,0,0,1
15.733333333333333,0.8712410722429512,0.4906524206074935,0.014113687999931773,0.2217348918283687,-0.48182423760805376,0.8493675014921098,0.21545359468448858,0.13955211639404297,0.09372511984718897,-0.19451233781191715,0.9764120812180542,0.8338801860809326,0.0,0.0,0.0,1.0,0.1428568959236145,0.95332115888595581,0.26602789759635925,-0.16510511934757233,0.97102946043014526,-0.18701913952827454,0.1487477570772171,0.2037380039691925,0.19155667722225189,0.23707127571105957,-0.95241981744766235,0.8283536434173584,0,0,0,1
15.766666666666667,0.8712410722429512,0.4906524206074935,0.014113687999931773,0.22272312712248635,-0.48182423760805376,0.8493675014921098,0.21545359468448858,0.13955211639404297,0.09372511984718897,-0.19451233781191715,0.9764120812180542,0.8338801860809326,0.0,0.0,0.0,1.0,0.1428568959236145,0.95332115888595581,0.26602789759635925,-0.16510511934757233,0.97102946043014526,-0.18701913952827454,0.1487477570772171,0.2037380039691925,0.19155667722225189,0.23707127571105957,-0.95241981744766235,0.8283536434173584,0,0,0,1
15.8,0.8712410722429512,0.4906524206074935,0.014113687999931773,0.223711362416604,-0.48182423760805376,0.8493675014921098,0.21545359468448858,0.13955211639404297,0.09372511984718897,-0.19451233781191715,0.9764120812180542,0.8338801860809326,0.0,0.0,0.0,1.0,0.1428568959236145,0.95332115888595581,0.26602789759635925,-0.16510511934757233,0.97102946043014526,-0.18701913952827454,0.1487477570772171,0.2037380039691925,0.19155667722225189,0.23707127571105957,-0.95241981744766235,0.8283536434173584,0,0,0,1
15.833333333333334,0.8712410722429512,0.4906524206074935,0.014113687999931773,0.22469959771072165,-0.48182423760805376,0.8493675014921098,0.21545359468448858,0.13955211639404297,0.09372511984718897,-0.19451233781191715,0.9764120812180542,0.8338801860809326,0.0,0.0,0.0,1.0,0.1428568959236145,0.95332115888595581,0.26602789759635925,-0.16510511934757233,0.97102946043014526,-0.18701913952827454,0.1487477570772171,0.2037380039691925,0.19155667722225189,0.23707127571105957,-0.95241981744766235,0.8283536434173584,0,0,0,1
15.866666666666667,0.8712410722429512,0.4906524206074935,0.014113687999931773,0.22568783300483927,-0.48182423760805376,0.8493675014921098,0.21545359468448858,0.13955211639404297,0.09372511984718897,-0.19451233781191715,0.9764120812180542,0.8338801860809326,0.0,0.0,0.0,1.0,0.1428568959236145,0.95332115888595581,0.26602789759635925,-0.16510511934757233,0.97102946043014526,-0.18701913952827454,0.1487477570772171,0.2037380039691925,0.19155667722225189,0.23707127571105957,-0.95241981744766235,0.8283536434173584,0,0,0,1
15.9,0.8712410722429512,0.4906524206074935,0.014113687999931773,0.22667606829895692,-0.48182423760805376,0.8493675014921098,0.21545359468448858,0.13955211639404297,0.09372511984718897,-0.19451233781191715,0.9764120812180542,0.8338801860809326,0.0,0.0,0.0,1.0,0.1428568959236145,0.95332115888595581,0.26602789759635925,-0.16510511934757233,0.97102946043014526,-0.18701913952827454,0.1487477570772171,0.2037380039691925,0.19155667722225189,0.23707127571105957,-0.95241981744766235,0.8283536434173584,0,0,0,1
15.933333333333334,0.8712410722429512,0.4906524206074935,0.014113687999931773,0.22766430359307457,-0.48182423760805376,0.8493675014921098,0.21545359468448858,0.13955211639404297,0.09372511984718897,-0.19451233781191715,0.9764120812180542,0.8338801860809326,0.0,0.0,0.0,1.0,0.1428568959236145,0.95332115888595581,0.26602789759635925,-0.16510511934757233,0.97102946043014526,-0.18701913952827454,0.1487477570772171,0.2037380039691925,0.19155667722225189,0.23707127571105957,-0.95241981744766235,0.8283536434173584,0,0,0,1
15.966666666666667,0.8712410722429512,0.4906524206074935,0.014113687999931773,0.22865253888719222,-0.48182423760805376,0.8493675014921098,0.21545359468448858,0.13955211639404297,0.09372511984718897,-0.19451233781191715,0.9764120812180542,0.8338801860809326,0.0,0.0,0.0,1.0,0.1428568959236145,0.95332115888595581,0.26602789759635925,-0.16510511934757233,0.97102946043014526,-0.18701913952827454,0.1487477570772171,0.2037380039691925,0.19155667722225189,0.23707127571105957,-0.95241981744766235,0.8283536434173584,0,0,0,1
16.0,0.8712410722429512,0.4906524206074935,0.014113687999931773,0.22964077418130988,-0.48182423760805376,0.8493675014921098,0.21545359468448858,0.13955211639404297,0.09372511984718897,-0.19451233781191715,0.9764120812180542,0.8338801860809326,0.0,0.0,0.0,1.0,0.1428568959236145,0.95332115888595581,0.26602789759635925,-0.16510511934757233,0.97102946043014526,-0.18701913952827454,0.1487477570772171,0.2037380039691925,0.19155667722225189,0.23707127571105957,-0.95241981744766235,0.8283536434173584,0,0,0,1
16.033333333333335,0.8712410722429512,0.4906524206074935,0.014113687999931773,0.2305729541121057,-0.48182423760805376,0.8493675014921098,0.21545359468448858,0.13955211639404297,0.09372511984718897,-0.19451233781191715,0.9764120812180542,0.8338801860809326,0.0,0.0,0.0,1.0,0.1428568959236145,0.95332115888595581,0.26602789759635925,-0.16510511934757233,0.97102946043014526,-0.18701913952827454,0.1487477570772171,0.2037380039691925,0.19155667722225189,0.23707127571105957,-0.95241981744766235,0.8283536434173584,0,0,0,1
16.066666666666666,0.8712410722429512,0.4906524206074935,0.014113687999931773,0.23125115480414724,-0.48182423760805376,0.8493675014921098,0.21545359468448858,0.13955211639404297,0.09372511984718897,-0.19451233781191715,0.9764120812180542,0.8338801860809326,0.0,0.0,0.0,1.0,0.1428568959236145,0.95332115888595581,0.26602789759635925,-0.16510511934757233,0.97102946043014526,-0.18701913952827454,0.1487477570772171,0.2037380039691925,0.19155667722225189,0.23707127571105957,-0.95241981744766235,0.8283536434173584,0,0,0,1
16.1,0.8712410722429512,0.4906524206074935,0.014113687999931773,0.23165807521937215,-0.48182423760805376,0.8493675014921098,0.21545359468448858,0.13955211639404297,0.09372511984718897,-0.19451233781191715,0.9764120812180542,0.8338801860809326,0.0,0.0,0.0,1.0,0.1428568959236145,0.95332115888595581,0.26602789759635925,-0.16510511934757233,0.97102946043014526,-0.18701913952827454,0.1487477570772171,0.2037380039691925,0.19155667722225189,0.23707127571105957,-0.95241981744766235,0.8283536434173584,0,0,0,1
16.133333333333333,0.8712410722429512,0.4906524206074935,0.014113687999931773,0.23179371535778046,-0.48182423760805376,0.8493675014921098,0.21545359468448858,0.13955211639404297,0.09372511984718897,-0.19451233781191715,0.9764120812180542,0.8338801860809326,0.0,0.0,0.0,1.0,0.1428568959236145,0.95332115888595581,0.26602789759635925,-0.16510511934757233,0.97102946043014526,-0.18701913952827454,0.1487477570772171,0.2037380039691925,0.19155667722225189,0.23707127571105957,-0.95241981744766235,0.8283536434173584,0,0,0,1
16.166666666666668,0.8712410722429512,0.4906524206074935,0.014113687999931773,0.23179339984056535,-0.48182423760805376,0.8493675014921098,0.21545359468448858,0.13955211639404297,0.09372511984718897,-0.19451233781191715,0.9764120812180542,0.8340177758093134,0.0,0.0,0.0,1.0,0.1428568959236145,0.95332115888595581,0.26602789759635925,-0.16510511934757233,0.97102946043014526,-0.18701913952827454,0.1487477570772171,0.2037380039691925,0.19155667722225189,0.23707127571105957,-0.95241981744766235,0.8283536434173584,0,0,0,1
16.2,0.8712410722429512,0.4906524206074935,0.014113687999931773,0.2317886672150723,-0.48182423760805376,0.8493675014921098,0.21545359468448858,0.13955211639404297,0.09372511984718897,-0.19451233781191715,0.9764120812180542,0.8344305160535354,0.0,0.0,0.0,1.0,0.1428568959236145,0.95332115888595581,0.26602789759635925,-0.16510511934757233,0.97102946043014526,-0.18701913952827454,0.1487477570772171,0.2037380039691925,0.19155667722225189,0.23707127571105957,-0.95241981744766235,0.8283536434173584,0,0,0,1
16.233333333333334,0.8712410722429512,0.4906524206074935,0.014113687999931773,0.23176816204700262,-0.48182423760805376,0.8493675014921098,0.21545359468448858,0.13955211639404297,0.09372511984718897,-0.19451233781191715,0.9764120812180542,0.8351181463690593,0.0,0.0,0.0,1.0,0.1428568959236145,0.95332115888595581,0.26602789759635925,-0.16510511934757233,0.97102946043014526,-0.18701913952827454,0.1487477570772171,0.2037380039691925,0.19155667722225189,0.23707127571105957,-0.95241981744766235,0.8283536434173584,0,0,0,1
16.266666666666666,0.8712410722429512,0.4906524206074935,0.014113687999931773,0.23171445238800875,-0.48182423760805376,0.8493675014921098,0.21545359468448858,0.13955211639404297,0.09372511984718897,-0.19451233781191715,0.9764120812180542,0.8360595198249761,0.0,0.0,0.0,1.0,0.1428568959236145,0.95332115888595581,0.26602789759635925,-0.16510511934757233,0.97102946043014526,-0.18701913952827454,0.1487477570772171,0.2037380039691925,0.19155667722225189,0.23707127571105957,-0.95241981744766235,0.8283536434173584,0,0,0,1
16.3,0.8712410722429512,0.4906524206074935,0.014113687999931773,0.2316256959299892,-0.48182423760805376,0.8493675014921098,0.21545359468448858,0.13955211639404297,0.09372511984718897,-0.19451233781191715,0.9764120812180542,0.8370508224743654,0.0,0.0,0.0,1.0,0.1428568959236145,0.95332115888595581,0.26602789759635925,-0.16510511934757233,0.97102946043014526,-0.18701913952827454,0.1487477570772171,0.2037380039691925,0.19155667722225189,0.23707127571105957,-0.95241981744766235,0.8283536434173584,0,0,0,1
16.333333333333332,0.8712410722429512,0.4906524206074935,0.014113687999931773,0.23150410577591635,-0.48182423760805376,0.8493675014921098,0.21545359468448858,0.13955211639404297,0.09372511984718897,-0.19451233781191715,0.9764120812180542,0.8380386354556322,0.0,0.0,0.0,1.0,0.1428568959236145,0.95332115888595581,0.26602789759635925,-0.16510511934757233,0.97102946043014526,-0.18701913952827454,0.1487477570772171,0.2037380039691925,0.19155667722225189,0.23707127571105957,-0.95241981744766235,0.8283536434173584,0,0,0,1
16.366666666666667,0.8712410722429512,0.4906524206074935,0.014113687999931773,0.2313498157504336,-0.48182423760805376,0.8493675014921098,0.21545359468448858,0.13955211639404297,0.09372511984718897,-0.19451233781191715,0.9764120812180542,0.8390218715613377,0.0,0.0,0.0,1.0,0.1428568959236145,0.95332115888595581,0.26602789759635925,-0.16510511934757233,0.97102946043014526,-0.18701913952827454,0.1487477570772171,0.2037380039691925,0.19155667722225189,0.23707127571105957,-0.95241981744766235,0.8283536434173584,0,0,0,1
16.4,0.8712410722429512,0.4906524206074935,0.014113687999931773,0.23116299566834048,-0.48182423760805376,0.8493675014921098,0.21545359468448858,0.13955211639404297,0.09372511984718897,-0.19451233781191715,0.9764120812180542,0.8399994486214477,0.0,0.0,0.0,1.0,0.1428568959236145,0.95332115888595581,0.26602789759635925,-0.16510511934757233,0.97102946043014526,-0.18701913952827454,0.1487477570772171,0.2037380039691925,0.19155667722225189,0.23707127571105957,-0.95241981744766235,0.8283536434173584,0,0,0,1
16.433333333333334,0.8712410722429512,0.4906524206074935,0.014113687999931773,0.230943851147691,-0.48182423760805376,0.8493675014921098,0.21545359468448858,0.13955211639404297,0.09372511984718897,-0.19451233781191715,0.9764120812180542,0.8409702906943904,0.0,0.0,0.0,1.0,0.1428568959236145,0.95332115888595581,0.26602789759635925,-0.16510511934757233,0.97102946043014526,-0.18701913952827454,0.1487477570772171,0.2037380039691925,0.19155667722225189,0.23707127571105957,-0.95241981744766235,0.8283536434173584,0,0,0,1
16.466666666666665,0.8712410722429512,0.4906524206074935,0.014113687999931773,0.23069262338348612,-0.48182423760805376,0.8493675014921098,0.21545359468448858,0.13955211639404297,0.09372511984718897,-0.19451233781191715,0.9764120812180542,0.841933329251261,0.0,0.0,0.0,1.0,0.1428568959236145,0.95332115888595581,0.26602789759635925,-0.16510511934757233,0.97102946043014526,-0.18701913952827454,0.1487477570772171,0.2037380039691925,0.19155667722225189,0.23707127571105957,-0.95241981744766235,0.8283536434173584,0,0,0,1
16.5,0.8712410722429512,0.4906524206074935,0.014113687999931773,0.2304095888822095,-0.48182423760805376,0.8493675014921098,0.21545359468448858,0.13955211639404297,0.09372511984718897,-0.19451233781191715,0.9764120812180542,0.8428875043518654,0.0,0.0,0.0,1.0,0.1428568959236145,0.95332115888595581,0.26602789759635925,-0.16510511934757233,0.97102946043014526,-0.18701913952827454,0.1487477570772171,0.2037380039691925,0.19155667722225189,0.23707127571105957,-0.95241981744766235,0.8283536434173584,0,0,0,1
16.533333333333335,0.8712410722429512,0.4906524206074935,0.014113687999931773,0.2300950591574989,-0.48182423760805376,0.8493675014921098,0.21545359468448858,0.13955211639404297,0.09372511984718897,-0.19451233781191715,0.9764120812180542,0.843831765811314,0.0,0.0,0.0,1.0,0.1428568959236145,0.95332115888595581,0.26602789759635925,-0.16510511934757233,0.97102946043014526,-0.18701913952827454,0.1487477570772171,0.2037380039691925,0.19155667722225189,0.23707127571105957,-0.95241981744766235,0.8283536434173584,0,0,0,1
16.566666666666666,0.8712410722429512,0.4906524206074935,0.014113687999931773,0.22974938038728757,-0.48182423760805376,0.8493675014921098,0.21545359468448858,0.13955211639404297,0.09372511984718897,-0.19451233781191715,0.9764120812180542,0.8447650743558757,0.0,0.0,0.0,1.0,0.1428568959236145,0.95332115888595581,0.26602789759635925,-0.16510511934757233,0.97102946043014526,-0.18701913952827454,0.1487477570772171,0.2037380039691925,0.19155667722225189,0.23707127571105957,-0.95241981744766235,0.8283536434173584,0,0,0,1
16.6,0.8712410722429512,0.4906524206074935,0.014113687999931773,0.22937293303279385,-0.48182423760805376,0.8493675014921098,0.21545359468448858,0.13955211639404297,0.09372511984718897,-0.19451233781191715,0.9764120812180542,0.8456864027668244,0.0,0.0,0.0,1.0,0.1428568959236145,0.95332115888595581,0.26602789759635925,-0.16510511934757233,0.97102946043014526,-0.18701913952827454,0.1487477570772171,0.2037380039691925,0.19155667722225189,0.23707127571105957,-0.95241981744766235,0.8283536434173584,0,0,0,1
16.633333333333333,0.8712410722429512,0.4906524206074935,0.014113687999931773,0.22896613141977756,-0.48182423760805376,0.8493675014921098,0.21545359468448858,0.13955211639404297,0.09372511984718897,-0.19451233781191715,0.9764120812180542,0.8465947370110175,0.0,0.0,0.0,1.0,0.1428568959236145,0.95332115888595581,0.26602789759635925,-0.16510511934757233,0.97102946043014526,-0.18701913952827454,0.1487477570772171,0.2037380039691925,0.19155667722225189,0.23707127571105957,-0.95241981744766235,0.8283536434173584,0,0,0,1
16.666666666666668,0.8712410722429512,0.4906524206074935,0.014113687999931773,0.22852942328252449,-0.48182423760805376,0.8493675014921098,0.21545359468448858,0.13955211639404297,0.09372511984718897,-0.19451233781191715,0.9764120812180542,0.8474890773569617,0.0,0.0,0.0,1.0,0.1428568959236145,0.95332115888595581,0.26602789759635925,-0.16510511934757233,0.97102946043014526,-0.18701913952827454,0.1487477570772171,0.2037380039691925,0.19155667722225189,0.23707127571105957,-0.95241981744766235,0.8283536434173584,0,0,0,1
16.7,0.8712410722429512,0.4906524206074935,0.014113687999931773,0.22806328927106084,-0.48182423760805376,0.8493675014921098,0.21545359468448858,0.13955211639404297,0.09372511984718897,-0.19451233781191715,0.9764120812180542,0.8483684394751378,0.0,0.0,0.0,1.0,0.1428568959236145,0.95332115888595581,0.26602789759635925,-0.16510511934757233,0.97102946043014526,-0.18701913952827454,0.1487477570772171,0.2037380039691925,0.19155667722225189,0.23707127571105957,-0.95241981744766235,0.8283536434173584,0,0,0,1
16.733333333333334,0.8712410722429512,0.4906524206074935,0.014113687999931773,0.2275682424221397,-0.48182423760805376,0.8493675014921098,0.21545359468448858,0.13955211639404297,0.09372511984718897,-0.19451233781191715,0.9764120812180542,0.849231855521375,0.0,0.0,0.0,1.0,0.1428568959236145,0.95332115888595581,0.26602789759635925,-0.16510511934757233,0.97102946043014526,-0.18701913952827454,0.1487477570772171,0.2037380039691925,0.19155667722225189,0.23707127571105957,-0.95241981744766235,0.8283536434173584,0,0,0,1
16.766666666666666,0.8712410722429512,0.4906524206074935,0.014113687999931773,0.22704482759458233,-0.48182423760805376,0.8493675014921098,0.21545359468448858,0.13955211639404297,0.09372511984718897,-0.19451233781191715,0.9764120812180542,0.8500783752020793,0.0,0.0,0.0,1.0,0.1428568959236145,0.95332115888595581,0.26602789759635925,-0.16510511934757233,0.97102946043014526,-0.18701913952827454,0.1487477570772171,0.2037380039691925,0.19155667722225189,0.23707127571105957,-0.95241981744766235,0.8283536434173584,0,0,0,1
16.8,0.8712410722429512,0.4906524206074935,0.014113687999931773,0.22649362086959518,-0.48182423760805376,0.8493675014921098,0.21545359468448858,0.13955211639404297,0.09372511984718897,-0.19451233781191715,0.9764120812180542,0.8509070668201468,0.0,0.0,0.0,1.0,0.1428568959236145,0.95332115888595581,0.26602789759635925,-0.16510511934757233,0.97102946043014526,-0.18701913952827454,0.1487477570772171,0.2037380039691925,0.19155667722225189,0.23707127571105957,-0.95241981744766235,0.8283536434173584,0,0,0,1
16.833333333333332,0.8712410722429512,0.4906524206074935,0.014113687999931773,0.2259152289167229,-0.48182423760805376,0.8493675014921098,0.21545359468448858,0.13955211639404297,0.09372511984718897,-0.19451233781191715,0.9764120812180542,0.8517170183004091,0.0,0.0,0.0,1.0,0.1428568959236145,0.95332115888595581,0.26602789759635925,-0.16510511934757233,0.97102946043014526,-0.18701913952827454,0.1487477570772171,0.2037380039691925,0.19155667722225189,0.23707127571105957,-0.95241981744766235,0.8283536434173584,0,0,0,1
16.866666666666667,0.8712410722429512,0.4906524206074935,0.014113687999931773,0.22531028832613534,-0.48182423760805376,0.8493675014921098,0.21545359468448858,0.13955211639404297,0.09372511984718897,-0.19451233781191715,0.9764120812180542,0.8525073381934817,0.0,0.0,0.0,1.0,0.1428568959236145,0.95332115888595581,0.26602789759635925,-0.16510511934757233,0.97102946043014526,-0.18701913952827454,0.1487477570772171,0.2037380039691925,0.19155667722225189,0.23707127571105957,-0.95241981744766235,0.8283536434173584,0,0,0,1
16.9,0.8712410722429512,0.4906524206074935,0.014113687999931773,0.22467946490798327,-0.48182423760805376,0.8493675014921098,0.21545359468448858,0.13955211639404297,0.09372511984718897,-0.19451233781191715,0.9764120812180542,0.8532771566569115,0.0,0.0,0.0,1.0,0.1428568959236145,0.95332115888595581,0.26602789759635925,-0.16510511934757233,0.97102946043014526,-0.18701913952827454,0.1487477570772171,0.2037380039691925,0.19155667722225189,0.23707127571105957,-0.95241981744766235,0.8283536434173584,0,0,0,1
16.933333333333334,0.8712410722429512,0.4906524206074935,0.014113687999931773,0.22402345295959386,-0.48182423760805376,0.8493675014921098,0.21545359468448858,0.13955211639404297,0.09372511984718897,-0.19451233781191715,0.9764120812180542,0.8540256264125442,0.0,0.0,0.0,1.0,0.1428568959236145,0.95332115888595581,0.26602789759635925,-0.16510511934757233,0.97102946043014526,-0.18701913952827454,0.1487477570772171,0.2037380039691925,0.19155667722225189,0.23707127571105957,-0.95241981744766235,0.8283536434173584,0,0,0,1
16.966666666666665,0.8712410722429512,0.4906524206074935,0.014113687999931773,0.22334297450131263,-0.48182423760805376,0.8493675014921098,0.21545359468448858,0.13955211639404297,0.09372511984718897,-0.19451233781191715,0.9764120812180542,0.8547519236790555,0.0,0.0,0.0,1.0,0.1428568959236145,0.95332115888595581,0.26602789759635925,-0.16510511934757233,0.97102946043014526,-0.18701913952827454,0.1487477570772171,0.2037380039691925,0.19155667722225189,0.23707127571105957,-0.95241981744766235,0.8283536434173584,0,0,0,1
17.0,0.8712410722429512,0.4906524206074935,0.014113687999931773,0.22263877848183292,-0.48182423760805376,0.8493675014921098,0.21545359468448858,0.13955211639404297,0.09372511984718897,-0.19451233781191715,0.9764120812180542,0.855455249078622,0.0,0.0,0.0,1.0,0.1428568959236145,0.95332115888595581,0.26602789759635925,-0.16510511934757233,0.97102946043014526,-0.18701913952827454,0.1487477570772171,0.2037380039691925,0.19155667722225189,0.23707127571105957,-0.95241981744766235,0.8283536434173584,0,0,0,1
17.033333333333335,0.8712410722429512,0.4906524206074935,0.014113687999931773,0.2219116399538875,-0.48182423760805376,0.8493675014921098,0.21545359468448858,0.13955211639404297,0.09372511984718897,-0.19451233781191715,0.9764120812180542,0.8561348285167335,0.0,0.0,0.0,1.0,0.1428568959236145,0.95332115888595581,0.26602789759635925,-0.16510511934757233,0.97102946043014526,-0.18701913952827454,0.1487477570772171,0.2037380039691925,0.19155667722225189,0.23707127571105957,-0.95241981744766235,0.8283536434173584,0,0,0,1
17.066666666666666,0.8712410722429512,0.4906524206074935,0.014113687999931773,0.2211623592212094,-0.48182423760805376,0.8493675014921098,0.21545359468448858,0.13955211639404297,0.09372511984718897,-0.19451233781191715,0.9764120812180542,0.8567899140341768,0.0,0.0,0.0,1.0,0.1428568959236145,0.95332115888595581,0.26602789759635925,-0.16510511934757233,0.97102946043014526,-0.18701913952827454,0.1487477570772171,0.2037380039691925,0.19155667722225189,0.23707127571105957,-0.95241981744766235,0.8283536434173584,0,0,0,1
17.1,0.8712410722429512,0.4906524206074935,0.014113687999931773,0.22039176095770097,-0.48182423760805376,0.8493675014921098,0.21545359468448858,0.13955211639404297,0.09372511984718897,-0.19451233781191715,0.9764120812180542,0.8574197846302554,0.0,0.0,0.0,1.0,0.1428568959236145,0.95332115888595581,0.26602789759635925,-0.16510511934757233,0.97102946043014526,-0.18701913952827454,0.1487477570772171,0.2037380039691925,0.19155667722225189,0.23707127571105957,-0.95241981744766235,0.8283536434173584,0,0,0,1
17.133333333333333,0.8712410722429512,0.4906524206074935,0.014113687999931773,0.2196006932997809,-0.48182423760805376,0.8493675014921098,0.21545359468448858,0.13955211639404297,0.09372511984718897,-0.19451233781191715,0.9764120812180542,0.8580237470563378,0.0,0.0,0.0,1.0,0.1428568959236145,0.95332115888595581,0.26602789759635925,-0.16510511934757233,0.97102946043014526,-0.18701913952827454,0.1487477570772171,0.2037380039691925,0.19155667722225189,0.23707127571105957,-0.95241981744766235,0.8283536434173584,0,0,0,1
17.166666666666668,0.8712410722429512,0.4906524206074935,0.014113687999931773,0.21879002691290753,-0.48182423760805376,0.8493675014921098,0.21545359468448858,0.13955211639404297,0.09372511984718897,-0.19451233781191715,0.9764120812180542,0.8586011365788616,0.0,0.0,0.0,1.0,0.1428568959236145,0.95332115888595581,0.26602789759635925,-0.16510511934757233,0.97102946043014526,-0.18701913952827454,0.1487477570772171,0.2037380039691925,0.19155667722225189,0.23707127571105957,-0.95241981744766235,0.8283536434173584,0,0,0,1
17.2,0.8712410722429512,0.4906524206074935,0.014113687999931773,0.21796065403330642,-0.48182423760805376,0.8493675014921098,0.21545359468448858,0.13955211639404297,0.09372511984718897,-0.19451233781191715,0.9764120812180542,0.8591513177109523,0.0,0.0,0.0,1.0,0.1428568959236145,0.95332115888595581,0.26602789759635925,-0.16510511934757233,0.97102946043014526,-0.18701913952827454,0.1487477570772171,0.2037380039691925,0.19155667722225189,0.23707127571105957,-0.95241981744766235,0.8283536434173584,0,0,0,1
17.233333333333334,0.8712410722429512,0.4906524206074935,0.014113687999931773,0.21711348748595669,-0.48182423760805376,0.8493675014921098,0.21545359468448858,0.13955211639404297,0.09372511984718897,-0.19451233781191715,0.9764120812180542,0.8596736849118543,0.0,0.0,0.0,1.0,0.1428568959236145,0.95332115888595581,0.26602789759635925,-0.16510511934757233,0.97102946043014526,-0.18701913952827454,0.1487477570772171,0.2037380039691925,0.19155667722225189,0.23707127571105957,-0.95241981744766235,0.8283536434173584,0,0,0,1
17.266666666666666,0.8712410722429512,0.4906524206074935,0.014113687999931773,0.21624945967991696,-0.48182423760805376,0.8493675014921098,0.21545359468448858,0.13955211639404297,0.09372511984718897,-0.19451233781191715,0.9764120812180542,0.8601676632534004,0.0,0.0,0.0,1.0,0.1428568959236145,0.95332115888595581,0.26602789759635925,-0.16510511934757233,0.97102946043014526,-0.18701913952827454,0.1487477570772171,0.2037380039691925,0.19155667722225189,0.23707127571105957,-0.95241981744766235,0.8283536434173584,0,0,0,1
17.3,0.8712410722429512,0.4906524206074935,0.014113687999931773,0.21536952158209666,-0.48182423760805376,0.8493675014921098,0.21545359468448858,0.13955211639404297,0.09372511984718897,-0.19451233781191715,0.9764120812180542,0.8606327090527911,0.0,0.0,0.0,1.0,0.1428568959236145,0.95332115888595581,0.26602789759635925,-0.16510511934757233,0.97102946043014526,-0.18701913952827454,0.1487477570772171,0.2037380039691925,0.19155667722225189,0.23707127571105957,-0.95241981744766235,0.8283536434173584,0,0,0,1
17.333333333333332,0.8712410722429512,0.4906524206074935,0.014113687999931773,0.21447464167060193,-0.48182423760805376,0.8493675014921098,0.21545359468448858,0.13955211639404297,0.09372511984718897,-0.19451233781191715,0.9764120812180542,0.8610683104709819,0.0,0.0,0.0,1.0,0.1428568959236145,0.95332115888595581,0.26602789759635925,-0.16510511934757233,0.97102946043014526,-0.18701913952827454,0.1487477570772171,0.2037380039691925,0.19155667722225189,0.23707127571105957,-0.95241981744766235,0.8283536434173584,0,0,0,1
17.366666666666667,0.8712410722429512,0.4906524206074935,0.014113687999931773,0.21356580486880888,-0.48182423760805376,0.8493675014921098,0.21545359468448858,0.13955211639404297,0.09372511984718897,-0.19451233781191715,0.9764120812180542,0.8614739880760245,0.0,0.0,0.0,1.0,0.1428568959236145,0.95332115888595581,0.26602789759635925,-0.16510511934757233,0.97102946043014526,-0.18701913952827454,0.1487477570772171,0.2037380039691925,0.19155667722225189,0.23707127571105957,-0.95241981744766235,0.8283536434173584,0,0,0,1
17.4,0.8712410722429512,0.4906524206074935,0.014113687999931773,0.21264401146133613,-0.48182423760805376,0.8493675014921098,0.21545359468448858,0.13955211639404297,0.09372511984718897,-0.19451233781191715,0.9764120812180542,0.8618492953707395,0.0,0.0,0.0,1.0,0.1428568959236145,0.95332115888595581,0.26602789759635925,-0.16510511934757233,0.97102946043014526,-0.18701913952827454,0.1487477570772171,0.2037380039691925,0.19155667722225189,0.23707127571105957,-0.95241981744766235,0.8283536434173584,0,0,0,1
17.433333333333334,0.8712410722429512,0.4906524206074935,0.014113687999931773,0.21171027599311118,-0.48182423760805376,0.8493675014921098,0.21545359468448858,0.13955211639404297,0.09372511984718897,-0.19451233781191715,0.9764120812180542,0.8621938192841407,0.0,0.0,0.0,1.0,0.1428568959236145,0.95332115888595581,0.26602789759635925,-0.16510511934757233,0.97102946043014526,-0.18701913952827454,0.1487477570772171,0.2037380039691925,0.19155667722225189,0.23707127571105957,-0.95241981744766235,0.8283536434173584,0,0,0,1
17.466666666666665,0.8712410722429512,0.4906524206074935,0.014113687999931773,0.210765626152741,-0.48182423760805376,0.8493675014921098,0.21545359468448858,0.13955211639404297,0.09372511984718897,-0.19451233781191715,0.9764120812180542,0.862507180626069,0.0,0.0,0.0,1.0,0.1428568959236145,0.95332115888595581,0.26602789759635925,-0.16510511934757233,0.97102946043014526,-0.18701913952827454,0.1487477570772171,0.2037380039691925,0.19155667722225189,0.23707127571105957,-0.95241981744766235,0.8283536434173584,0,0,0,1
17.5,0.8712410722429512,0.4906524206074935,0.014113687999931773,0.20981110164141673,-0.48182423760805376,0.8493675014921098,0.21545359468448858,0.13955211639404297,0.09372511984718897,-0.19451233781191715,0.9764120812180542,0.8627890345045375,0.0,0.0,0.0,1.0,0.1428568959236145,0.95332115888595581,0.26602789759635925,-0.16510511934757233,0.97102946043014526,-0.18701913952827454,0.1487477570772171,0.2037380039691925,0.19155667722225189,0.23707127571105957,-0.95241981744766235,0.8283536434173584,0,0,0,1
17.533333333333335,0.8712410722429512,0.4906524206074935,0.014113687999931773,0.208847753028597,-0.48182423760805376,0.8493675014921098,0.21545359468448858,0.13955211639404297,0.09372511984718897,-0.19451233781191715,0.9764120812180542,0.8630390707053263,0.0,0.0,0.0,1.0,0.1428568959236145,0.95332115888595581,0.26602789759635925,-0.16510511934757233,0.97102946043014526,-0.18701913952827454,0.1487477570772171,0.2037380039691925,0.19155667722225189,0.23707127571105957,-0.95241981744766235,0.8283536434173584,0,0,0,1
17.566666666666666,0.8712410722429512,0.4906524206074935,0.014113687999931773,0.20787664059572952,-0.48182423760805376,0.8493675014921098,0.21545359468448858,0.13955211639404297,0.09372511984718897,-0.19451233781191715,0.9764120812180542,0.8632570140334112,0.0,0.0,0.0,1.0,0.1428568959236145,0.95332115888595581,0.26602789759635925,-0.16510511934757233,0.97102946043014526,-0.18701913952827454,0.1487477570772171,0.2037380039691925,0.19155667722225189,0.23707127571105957,-0.95241981744766235,0.8283536434173584,0,0,0,1
17.6,0.8712410722429512,0.4906524206074935,0.014113687999931773,0.20689883316928306,-0.48182423760805376,0.8493675014921098,0.21545359468448858,0.13955211639404297,0.09372511984718897,-0.19451233781191715,0.9764120812180542,0.8634426246158485,0.0,0.0,0.0,1.0,0.1428568959236145,0.95332115888595581,0.26602789759635925,-0.16510511934757233,0.97102946043014526,-0.18701913952827454,0.1487477570772171,0.2037380039691925,0.19155667722225189,0.23707127571105957,-0.95241981744766235,0.8283536434173584,0,0,0,1
17.633333333333333,0.8712410722429512,0.4906524206074935,0.014113687999931773,0.20591540694437524,-0.48182423760805376,0.8493675014921098,0.21545359468448858,0.13955211639404297,0.09372511984718897,-0.19451233781191715,0.9764120812180542,0.8635956981657847,0.0,0.0,0.0,1.0,0.1428568959236145,0.95332115888595581,0.26602789759635925,-0.16510511934757233,0.97102946043014526,-0.18701913952827454,0.1487477570772171,0.2037380039691925,0.19155667722225189,0.23707127571105957,-0.95241981744766235,0.8283536434173584,0,0,0,1
17.666666666666668,0.8712410722429512,0.4906524206074935,0.014113687999931773,0.2049274443002896,-0.48182423760805376,0.8493675014921098,0.21545359468448858,0.13955211639404297,0.09372511984718897,-0.19451233781191715,0.9764120812180542,0.8637160662072986,0.0,0.0,0.0,1.0,0.1428568959236145,0.95332115888595581,0.26602789759635925,-0.16510511934757233,0.97102946043014526,-0.18701913952827454,0.1487477570772171,0.2037380039691925,0.19155667722225189,0.23707127571105957,-0.95241981744766235,0.8283536434173584,0,0,0,1
17.7,0.8712410722429512,0.4906524206074935,0.014113687999931773,0.20393603260918672,-0.48182423760805376,0.8493675014921098,0.21545359468448858,0.13955211639404297,0.09372511984718897,-0.19451233781191715,0.9764120812180542,0.863803596260829,0.0,0.0,0.0,1.0,0.1428568959236145,0.95332115888595581,0.26602789759635925,-0.16510511934757233,0.97102946043014526,-0.18701913952827454,0.1487477570772171,0.2037380039691925,0.19155667722225189,0.23707127571105957,-0.95241981744766235,0.8283536434173584,0,0,0,1
17.733333333333334,0.8712410722429512,0.4906524206074935,0.014113687999931773,0.20294226303931973,-0.48182423760805376,0.8493675014921098,0.21545359468448858,0.13955211639404297,0.09372511984718897,-0.19451233781191715,0.9764120812180542,0.8638581919889852,0.0,0.0,0.0,1.0,0.1428568959236145,0.95332115888595581,0.26602789759635925,-0.16510511934757233,0.97102946043014526,-0.18701913952827454,0.1487477570772171,0.2037380039691925,0.19155667722225189,0.23707127571105957,-0.95241981744766235,0.8283536434173584,0,0,0,1
17.766666666666666,0.8712410722429512,0.4906524206074935,0.014113687999931773,0.201947229354072,-0.48182423760805376,0.8493675014921098,0.21545359468448858,0.13955211639404297,0.09372511984718897,-0.19451233781191715,0.9764120812180542,0.863879793302577,0.0,0.0,0.0,1.0,0.1428568959236145,0.95332115888595581,0.26602789759635925,-0.16510511934757233,0.97102946043014526,-0.18701913952827454,0.1487477570772171,0.2037380039691925,0.19155667722225189,0.23707127571105957,-0.95241981744766235,0.8283536434173584,0,0,0,1
17.8,0.8712410722429512,0.4906524206074935,0.014113687999931773,0.20095202670813855,-0.48182423760805376,0.8493675014921098,0.21545359468448858,0.13955211639404297,0.09372511984718897,-0.19451233781191715,0.9764120812180542,0.8638683764267515,0.0,0.0,0.0,1.0,0.1428568959236145,0.95332115888595581,0.26602789759635925,-0.16510511934757233,0.97102946043014526,-0.18701913952827454,0.1487477570772171,0.2037380039691925,0.19155667722225189,0.23707127571105957,-0.95241981744766235,0.8283536434173584,0,0,0,1
17.833333333333332,0.8712410722429512,0.4906524206074935,0.014113687999931773,0.199957750442176,-0.48182423760805376,0.8493675014921098,0.21545359468448858,0.13955211639404297,0.09372511984718897,-0.19451233781191715,0.9764120812180542,0.8638239539271585,0.0,0.0,0.0,1.0,0.1428568959236145,0.95332115888595581,0.26602789759635925,-0.16510511934757233,0.97102946043014526,-0.18701913952827454,0.1487477570772171,0.2037380039691925,0.19155667722225189,0.23707127571105957,-0.95241981744766235,0.8283536434173584,0,0,0,1
17.866666666666667,0.8712410722429512,0.4906524206074935,0.014113687999931773,0.19896549487724793,-0.48182423760805376,0.8493675014921098,0.21545359468448858,0.13955211639404297,0.09372511984718897,-0.19451233781191715,0.9764120812180542,0.8637465746961217,0.0,0.0,0.0,1.0,0.1428568959236145,0.95332115888595581,0.26602789759635925,-0.16510511934757233,0.97102946043014526,-0.18701913952827454,0.1487477570772171,0.2037380039691925,0.19155667722225189,0.23707127571105957,-0.95241981744766235,0.8283536434173584,0,0,0,1
17.9,0.8712410722429512,0.4906524206074935,0.014113687999931773,0.19797635211039255,-0.48182423760805376,0.8493675014921098,0.21545359468448858,0.13955211639404297,0.09372511984718897,-0.19451233781191715,0.9764120812180542,0.8636363238988265,0.0,0.0,0.0,1.0,0.1428568959236145,0.95332115888595581,0.26602789759635925,-0.16510511934757233,0.97102946043014526,-0.18701913952827454,0.1487477570772171,0.2037380039691925,0.19155667722225189,0.23707127571105957,-0.95241981744766235,0.8283536434173584,0,0,0,1
17.933333333333334,0.8712410722429512,0.4906524206074935,0.014113687999931773,0.196991410812638,-0.48182423760805376,0.8493675014921098,0.21545359468448858,0.13955211639404297,0.09372511984718897,-0.19451233781191715,0.9764120812180542,0.863493322879585,0.0,0.0,0.0,1.0,0.1428568959236145,0.95332115888595581,0.26602789759635925,-0.16510511934757233,0.97102946043014526,-0.18701913952827454,0.1487477570772171,0.2037380039691925,0.19155667722225189,0.23707127571105957,-0.95241981744766235,0.8283536434173584,0,0,0,1
17.966666666666665,0.8712410722429512,0.4906524206074935,0.014113687999931773,0.19601175503078835,-0.48182423760805376,0.8493675014921098,0.21545359468448858,0.13955211639404297,0.09372511984718897,-0.19451233781191715,0.9764120812180542,0.8633177290282829,0.0,0.0,0.0,1.0,0.1428568959236145,0.95332115888595581,0.26602789759635925,-0.16510511934757233,0.97102946043014526,-0.18701913952827454,0.1487477570772171,0.2037380039691925,0.19155667722225189,0.23707127571105957,-0.95241981744766235,0.8283536434173584,0,0,0,1
18.0,0.8712410722429512,0.4906524206074935,0.014113687999931773,0.1950384629942995,-0.48182423760805376,0.8493675014921098,0.21545359468448858,0.13955211639404297,0.09372511984718897,-0.19451233781191715,0.9764120812180542,0.8631097356071515,0.0,0.0,0.0,1.0,0.1428568959236145,0.95332115888595581,0.26602789759635925,-0.16510511934757233,0.97102946043014526,-0.18701913952827454,0.1487477570772171,0.2037380039691925,0.19155667722225189,0.23707127571105957,-0.95241981744766235,0.8283536434173584,0,0,0,1
18.033333333333335,0.8712410722429512,0.4906524206074935,0.014113687999931773,0.19407260592855718,-0.48182423760805376,0.8493675014921098,0.21545359468448858,0.13955211639404297,0.09372511984718897,-0.19451233781191715,0.9764120812180542,0.8628695715380609,0.0,0.0,0.0,1.0,0.1428568959236145,0.95332115888595581,0.26602789759635925,-0.16510511934757233,0.97102946043014526,-0.18701913952827454,0.1487477570772171,0.2037380039691925,0.19155667722225189,0.23707127571105957,-0.95241981744766235,0.8283536434173584,0,0,0,1
18.066666666666666,0.8712410722429512,0.4906524206074935,0.014113687999931773,0.19311524687586432,-0.48182423760805376,0.8493675014921098,0.21545359468448858,0.13955211639404297,0.09372511984718897,-0.19451233781191715,0.9764120812180542,0.8625975011505624,0.0,0.0,0.0,1.0,0.1428568959236145,0.95332115888595581,0.26602789759635925,-0.16510511934757233,0.97102946043014526,-0.18701913952827454,0.1487477570772171,0.2037380039691925,0.19155667722225189,0.23707127571105957,-0.95241981744766235,0.8283536434173584,0,0,0,1
18.1,0.8712410722429512,0.4906524206074935,0.014113687999931773,0.1921674395254345,-0.48182423760805376,0.8493675014921098,0.21545359468448858,0.13955211639404297,0.09372511984718897,-0.19451233781191715,0.9764120812180542,0.8622938238909631,0.0,0.0,0.0,1.0,0.1428568959236145,0.95332115888595581,0.26602789759635925,-0.16510511934757233,0.97102946043014526,-0.18701913952827454,0.1487477570772171,0.2037380039691925,0.19155667722225189,0.23707127571105957,-0.95241981744766235,0.8283536434173584,0,0,0,1
18.133333333333333,0.8712410722429512,0.4906524206074935,0.014113687999931773,0.19123022705367992,-0.48182423760805376,0.8493675014921098,0.21545359468448858,0.13955211639404297,0.09372511984718897,-0.19451233781191715,0.9764120812180542,0.8619588739927481,0.0,0.0,0.0,1.0,0.1428568959236145,0.95332115888595581,0.26602789759635925,-0.16510511934757233,0.97102946043014526,-0.18701913952827454,0.1487477570772171,0.2037380039691925,0.19155667722225189,0.23707127571105957,-0.95241981744766235,0.8283536434173584,0,0,0,1
18.166666666666668,0.8712410722429512,0.4906524206074935,0.014113687999931773,0.19030464097606972,-0.48182423760805376,0.8493675014921098,0.21545359468448858,0.13955211639404297,0.09372511984718897,-0.19451233781191715,0.9764120812180542,0.8615930201087169,0.0,0.0,0.0,1.0,0.1428568959236145,0.95332115888595581,0.26602789759635925,-0.16510511934757233,0.97102946043014526,-0.18701913952827454,0.1487477570772171,0.2037380039691925,0.19155667722225189,0.23707127571105957,-0.95241981744766235,0.8283536434173584,0,0,0,1
18.2,0.8712410722429512,0.4906524206074935,0.014113687999931773,0.18939170001182268,-0.48182423760805376,0.8493675014921098,0.21545359468448858,0.13955211639404297,0.09372511984718897,-0.19451233781191715,0.9764120812180542,0.8611966649052363,0.0,0.0,0.0,1.0,0.1428568959236145,0.95332115888595581,0.26602789759635925,-0.16510511934757233,0.97102946043014526,-0.18701913952827454,0.1487477570772171,0.2037380039691925,0.19155667722225189,0.23707127571105957,-0.95241981744766235,0.8283536434173584,0,0,0,1
18.233333333333334,0.8712410722429512,0.4906524206074935,0.014113687999931773,0.18849240896268374,-0.48182423760805376,0.8493675014921098,0.21545359468448858,0.13955211639404297,0.09372511984718897,-0.19451233781191715,0.9764120812180542,0.860770244619057,0.0,0.0,0.0,1.0,0.1428568959236145,0.95332115888595581,0.26602789759635925,-0.16510511934757233,0.97102946043014526,-0.18701913952827454,0.1487477570772171,0.2037380039691925,0.19155667722225189,0.23707127571105957,-0.95241981744766235,0.8283536434173584,0,0,0,1
18.266666666666666,0.8712410722429512,0.4906524206074935,0.014113687999931773,0.18760775760701842,-0.48182423760805376,0.8493675014921098,0.21545359468448858,0.13955211639404297,0.09372511984718897,-0.19451233781191715,0.9764120812180542,0.8603142285771834,0.0,0.0,0.0,1.0,0.1428568959236145,0.95332115888595581,0.26602789759635925,-0.16510511934757233,0.97102946043014526,-0.18701913952827454,0.1487477570772171,0.2037380039691925,0.19155667722225189,0.23707127571105957,-0.95241981744766235,0.8283536434173584,0,0,0,1
18.3,0.8712410722429512,0.4906524206074935,0.014113687999931773,0.18673871961044225,-0.48182423760805376,0.8493675014921098,0.21545359468448858,0.13955211639404297,0.09372511984718897,-0.19451233781191715,0.9764120812180542,0.8598291186803215,0.0,0.0,0.0,1.0,0.1428568959236145,0.95332115888595581,0.26602789759635925,-0.16510511934757233,0.97102946043014526,-0.18701913952827454,0.1487477570772171,0.2037380039691925,0.19155667722225189,0.23707127571105957,-0.95241981744766235,0.8283536434173584,0,0,0,1
18.333333333333332,0.8712410722429512,0.4906524206074935,0.014113687999931773,0.18588625145418408,-0.48182423760805376,0.8493675014921098,0.21545359468448858,0.13955211639404297,0.09372511984718897,-0.19451233781191715,0.9764120812180542,0.8593154488504772,0.0,0.0,0.0,1.0,0.1428568959236145,0.95332115888595581,0.26602789759635925,-0.16510511934757233,0.97102946043014526,-0.18701913952827454,0.1487477570772171,0.2037380039691925,0.19155667722225189,0.23707127571105957,-0.95241981744766235,0.8283536434173584,0,0,0,1
18.366666666666667,0.8712410722429512,0.4906524206074935,0.014113687999931773,0.1850512913823632,-0.48182423760805376,0.8493675014921098,0.21545359468448858,0.13955211639404297,0.09372511984718897,-0.19451233781191715,0.9764120812180542,0.8587737844433103,0.0,0.0,0.0,1.0,0.1428568959236145,0.95332115888595581,0.26602789759635925,-0.16510511934757233,0.97102946043014526,-0.18701913952827454,0.1487477570772171,0.2037380039691925,0.19155667722225189,0.23707127571105957,-0.95241981744766235,0.8283536434173584,0,0,0,1
18.4,0.8712410722429512,0.4906524206074935,0.014113687999931773,0.18423475836933828,-0.48182423760805376,0.8493675014921098,0.21545359468448858,0.13955211639404297,0.09372511984718897,-0.19451233781191715,0.9764120812180542,0.8582047216258929,0.0,0.0,0.0,1.0,0.1428568959236145,0.95332115888595581,0.26602789759635925,-0.16510511934757233,0.97102946043014526,-0.18701913952827454,0.1487477570772171,0.2037380039691925,0.19155667722225189,0.23707127571105957,-0.95241981744766235,0.8283536434173584,0,0,0,1
18.433333333333334,0.8712410722429512,0.4906524206074935,0.014113687999931773,0.18343755110826523,-0.48182423760805376,0.8493675014921098,0.21545359468448858,0.13955211639404297,0.09372511984718897,-0.19451233781191715,0.9764120812180542,0.857608886720555,0.0,0.0,0.0,1.0,0.1428568959236145,0.95332115888595581,0.26602789759635925,-0.16510511934757233,0.97102946043014526,-0.18701913952827454,0.1487477570772171,0.2037380039691925,0.19155667722225189,0.23707127571105957,-0.95241981744766235,0.8283536434173584,0,0,0,1
18.466666666666665,0.8712410722429512,0.4906524206074935,0.014113687999931773,0.18266054702197687,-0.48182423760805376,0.8493675014921098,0.21545359468448858,0.13955211639404297,0.09372511984718897,-0.19451233781191715,0.9764120812180542,0.8569869355155416,0.0,0.0,0.0,1.0,0.1428568959236145,0.95332115888595581,0.26602789759635925,-0.16510511934757233,0.97102946043014526,-0.18701913952827454,0.1487477570772171,0.2037380039691925,0.19155667722225189,0.23707127571105957,-0.95241981744766235,0.8283536434173584,0,0,0,1
18.5,0.8712410722429512,0.4906524206074935,0.014113687999931773,0.1819046012972731,-0.48182423760805376,0.8493675014921098,0.21545359468448858,0.13955211639404297,0.09372511984718897,-0.19451233781191715,0.9764120812180542,0.856339552543238,0.0,0.0,0.0,1.0,0.1428568959236145,0.95332115888595581,0.26602789759635925,-0.16510511934757233,0.97102946043014526,-0.18701913952827454,0.1487477570772171,0.2037380039691925,0.19155667722225189,0.23707127571105957,-0.95241981744766235,0.8283536434173584,0,0,0,1
18.533333333333335,0.8712410722429512,0.4906524206074935,0.014113687999931773,0.18117054594368467,-0.48182423760805376,0.8493675014921098,0.21545359468448858,0.13955211639404297,0.09372511984718897,-0.19451233781191715,0.9764120812180542,0.85566745032676,0.0,0.0,0.0,1.0,0.1428568959236145,0.95332115888595581,0.26602789759635925,-0.16510511934757233,0.97102946043014526,-0.18701913952827454,0.1487477570772171,0.2037380039691925,0.19155667722225189,0.23707127571105957,-0.95241981744766235,0.8283536434173584,0,0,0,1
18.566666666666666,0.8712410722429512,0.4906524206074935,0.014113687999931773,0.1804591888777463,-0.48182423760805376,0.8493675014921098,0.21545359468448858,0.13955211639404297,0.09372511984718897,-0.19451233781191715,0.9764120812180542,0.8549713685957354,0.0,0.0,0.0,1.0,0.1428568959236145,0.95332115888595581,0.26602789759635925,-0.16510511934757233,0.97102946043014526,-0.18701913952827454,0.1487477570772171,0.2037380039691925,0.19155667722225189,0.23707127571105957,-0.95241981744766235,0.8283536434173584,0,0,0,1
18.6,0.8712410722429512,0.4906524206074935,0.014113687999931773,0.17977131303378688,-0.48182423760805376,0.8493675014921098,0.21545359468448858,0.13955211639404297,0.09372511984718897,-0.19451233781191715,0.9764120812180542,0.8542520734721432,0.0,0.0,0.0,1.0,0.1428568959236145,0.95332115888595581,0.26602789759635925,-0.16510511934757233,0.97102946043014526,-0.18701913952827454,0.1487477570772171,0.2037380039691925,0.19155667722225189,0.23707127571105957,-0.95241981744766235,0.8283536434173584,0,0,0,1
18.633333333333333,0.8712410722429512,0.4906524206074935,0.014113687999931773,0.17910767550221568,-0.48182423760805376,0.8493675014921098,0.21545359468448858,0.13955211639404297,0.09372511984718897,-0.19451233781191715,0.9764120812180542,0.8535103566271027,0.0,0.0,0.0,1.0,0.1428568959236145,0.95332115888595581,0.26602789759635925,-0.16510511934757233,0.97102946043014526,-0.18701913952827454,0.1487477570772171,0.2037380039691925,0.19155667722225189,0.23707127571105957,-0.95241981744766235,0.8283536434173584,0,0,0,1
18.666666666666668,0.8712410722429512,0.4906524206074935,0.014113687999931773,0.17846900669625312,-0.48182423760805376,0.8493675014921098,0.21545359468448858,0.13955211639404297,0.09372511984718897,-0.19451233781191715,0.9764120812180542,0.8527470344095452,0.0,0.0,0.0,1.0,0.1428568959236145,0.95332115888595581,0.26602789759635925,-0.16510511934757233,0.97102946043014526,-0.18701913952827454,0.1487477570772171,0.2037380039691925,0.19155667722225189,0.23707127571105957,-0.95241981744766235,0.8283536434173584,0,0,0,1
18.7,0.8712410722429512,0.4906524206074935,0.014113687999931773,0.17785600954802286,-0.48182423760805376,0.8493675014921098,0.21545359468448858,0.13955211639404297,0.09372511984718897,-0.19451233781191715,0.9764120812180542,0.8519629469477222,0.0,0.0,0.0,1.0,0.1428568959236145,0.95332115888595581,0.26602789759635925,-0.16510511934757233,0.97102946043014526,-0.18701913952827454,0.1487477570772171,0.2037380039691925,0.19155667722225189,0.23707127571105957,-0.95241981744766235,0.8283536434173584,0,0,0,1
18.733333333333334,0.8712410722429512,0.4906524206074935,0.014113687999931773,0.17726935873488983,-0.48182423760805376,0.8493675014921098,0.21545359468448858,0.13955211639404297,0.09372511984718897,-0.19451233781191715,0.9764120812180542,0.8511589572245435,0.0,0.0,0.0,1.0,0.1428568959236145,0.95332115888595581,0.26602789759635925,-0.16510511934757233,0.97102946043014526,-0.18701913952827454,0.1487477570772171,0.2037380039691925,0.19155667722225189,0.23707127571105957,-0.95241981744766235,0.8283536434173584,0,0,0,1
18.766666666666666,0.8712410722429512,0.4906524206074935,0.014113687999931773,0.17670969993689675,-0.48182423760805376,0.8493675014921098,0.21545359468448858,0.13955211639404297,0.09372511984718897,-0.19451233781191715,0.9764120812180542,0.8503359501277603,0.0,0.0,0.0,1.0,0.1428568959236145,0.95332115888595581,0.26602789759635925,-0.16510511934757233,0.97102946043014526,-0.18701913952827454,0.1487477570772171,0.2037380039691925,0.19155667722225189,0.23707127571105957,-0.95241981744766235,0.8283536434173584,0,0,0,1
18.8,0.8712410722429512,0.4906524206074935,0.014113687999931773,0.17617764912611497,-0.48182423760805376,0.8493675014921098,0.21545359468448858,0.13955211639404297,0.09372511984718897,-0.19451233781191715,0.9764120812180542,0.8494948314760393,0.0,0.0,0.0,1.0,0.1428568959236145,0.95332115888595581,0.26602789759635925,-0.16510511934757233,0.97102946043014526,-0.18701913952827454,0.1487477570772171,0.2037380039691925,0.19155667722225189,0.23707127571105957,-0.95241981744766235,0.8283536434173584,0,0,0,1
18.833333333333332,0.8712410722429512,0.4906524206074935,0.014113687999931773,0.17567379188869303,-0.48182423760805376,0.8493675014921098,0.21545359468448858,0.13955211639404297,0.09372511984718897,-0.19451233781191715,0.9764120812180542,0.8486365270219998,0.0,0.0,0.0,1.0,0.1428568959236145,0.95332115888595581,0.26602789759635925,-0.16510511934757233,0.97102946043014526,-0.18701913952827454,0.1487477570772171,0.2037380039691925,0.19155667722225189,0.23707127571105957,-0.95241981744766235,0.8283536434173584,0,0,0,1
18.866666666666667,0.8712410722429512,0.4906524206074935,0.014113687999931773,0.17519868278034834,-0.48182423760805376,0.8493675014921098,0.21545359468448858,0.13955211639404297,0.09372511984718897,-0.19451233781191715,0.9764120812180542,0.8477619814333114,0.0,0.0,0.0,1.0,0.1428568959236145,0.95332115888595581,0.26602789759635925,-0.16510511934757233,0.97102946043014526,-0.18701913952827454,0.1487477570772171,0.2037380039691925,0.19155667722225189,0.23707127571105957,-0.95241981744766235,0.8283536434173584,0,0,0,1
18.9,0.8712410722429512,0.4906524206074935,0.014113687999931773,0.17475284471601163,-0.48182423760805376,0.8493675014921098,0.21545359468448858,0.13955211639404297,0.09372511984718897,-0.19451233781191715,0.9764120812180542,0.8468721572529728,0.0,0.0,0.0,1.0,0.1428568959236145,0.95332115888595581,0.26602789759635925,-0.16510511934757233,0.97102946043014526,-0.18701913952827454,0.1487477570772171,0.2037380039691925,0.19155667722225189,0.23707127571105957,-0.95241981744766235,0.8283536434173584,0,0,0,1
18.933333333333334,0.8712410722429512,0.4906524206074935,0.014113687999931773,0.17433676839429607,-0.48182423760805376,0.8493675014921098,0.21545359468448858,0.13955211639404297,0.09372511984718897,-0.19451233781191715,0.9764120812180542,0.8459680338399179,0.0,0.0,0.0,1.0,0.1428568959236145,0.95332115888595581,0.26602789759635925,-0.16510511934757233,0.97102946043014526,-0.18701913952827454,0.1487477570772171,0.2037380039691925,0.19155667722225189,0.23707127571105957,-0.95241981744766235,0.8283536434173584,0,0,0,1
18.966666666666665,0.8712410722429512,0.4906524206074935,0.014113687999931773,0.17395091175742403,-0.48182423760805376,0.8493675014921098,0.21545359468448858,0.13955211639404297,0.09372511984718897,-0.19451233781191715,0.9764120812180542,0.8450506062911118,0.0,0.0,0.0,1.0,0.1428568959236145,0.95332115888595581,0.26602789759635925,-0.16510511934757233,0.97102946043014526,-0.18701913952827454,0.1487477570772171,0.2037380039691925,0.19155667722225189,0.23707127571105957,-0.95241981744766235,0.8283536434173584,0,0,0,1
19.0,0.8712410722429512,0.4906524206074935,0.014113687999931773,0.17359569948720655,-0.48182423760805376,0.8493675014921098,0.21545359468448858,0.13955211639404297,0.09372511984718897,-0.19451233781191715,0.9764120812180542,0.8441208843463275,0.0,0.0,0.0,1.0,0.1428568959236145,0.95332115888595581,0.26602789759635925,-0.16510511934757233,0.97102946043014526,-0.18701913952827454,0.1487477570772171,0.2037380039691925,0.19155667722225189,0.23707127571105957,-0.95241981744766235,0.8283536434173584,0,0,0,1
19.033333333333335,0.8712410722429512,0.4906524206074935,0.014113687999931773,0.1732715225376296,-0.48182423760805376,0.8493675014921098,0.21545359468448858,0.13955211639404297,0.09372511984718897,-0.19451233781191715,0.9764120812180542,0.8431798912768049,0.0,0.0,0.0,1.0,0.1428568959236145,0.95332115888595581,0.26602789759635925,-0.16510511934757233,0.97102946043014526,-0.18701913952827454,0.1487477570772171,0.2037380039691925,0.19155667722225189,0.23707127571105957,-0.95241981744766235,0.8283536434173584,0,0,0,1
19.066666666666666,0.8712410722429512,0.4906524206074935,0.014113687999931773,0.1729787377045621,-0.48182423760805376,0.8493675014921098,0.21545359468448858,0.13955211639404297,0.09372511984718897,-0.19451233781191715,0.9764120812180542,0.8422286627590174,0.0,0.0,0.0,1.0,0.1428568959236145,0.95332115888595581,0.26602789759635925,-0.16510511934757233,0.97102946043014526,-0.18701913952827454,0.1487477570772171,0.2037380039691925,0.19155667722225189,0.23707127571105957,-0.95241981744766235,0.8283536434173584,0,0,0,1
19.1,0.8712410722429512,0.4906524206074935,0.014113687999931773,0.17271766723305898,-0.48182423760805376,0.8493675014921098,0.21545359468448858,0.13955211639404297,0.09372511984718897,-0.19451233781191715,0.9764120812180542,0.8412682457347849,0.0,0.0,0.0,1.0,0.1428568959236145,0.95332115888595581,0.26602789759635925,-0.16510511934757233,0.97102946043014526,-0.18701913952827454,0.1487477570772171,0.2037380039691925,0.19155667722225189,0.23707127571105957,-0.95241981744766235,0.8283536434173584,0,0,0,1
19.133333333333333,0.8712410722429512,0.4906524206074935,0.014113687999931773,0.17248859846269157,-0.48182423760805376,0.8493675014921098,0.21545359468448858,0.13955211639404297,0.09372511984718897,-0.19451233781191715,0.9764120812180542,0.8402996972589878,0.0,0.0,0.0,1.0,0.1428568959236145,0.95332115888595581,0.26602789759635925,-0.16510511934757233,0.97102946043014526,-0.18701913952827454,0.1487477570772171,0.2037380039691925,0.19155667722225189,0.23707127571105957,-0.95241981744766235,0.8283536434173584,0,0,0,1
19.166666666666668,0.8712410722429512,0.4906524206074935,0.014113687999931773,0.17229178351129573,-0.48182423760805376,0.8493675014921098,0.21545359468448858,0.13955211639404297,0.09372511984718897,-0.19451233781191715,0.9764120812180542,0.8393240833361507,0.0,0.0,0.0,1.0,0.1428568959236145,0.95332115888595581,0.26602789759635925,-0.16510511934757233,0.97102946043014526,-0.18701913952827454,0.1487477570772171,0.2037380039691925,0.19155667722225189,0.23707127571105957,-0.95241981744766235,0.8283536434173584,0,0,0,1
19.2,0.8712410722429512,0.4906524206074935,0.014113687999931773,0.17212743899748578,-0.48182423760805376,0.8493675014921098,0.21545359468448858,0.13955211639404297,0.09372511984718897,-0.19451233781191715,0.9764120812180542,0.8383424777471756,0.0,0.0,0.0,1.0,0.1428568959236145,0.95332115888595581,0.26602789759635925,-0.16510511934757233,0.97102946043014526,-0.18701913952827454,0.1487477570772171,0.2037380039691925,0.19155667722225189,0.23707127571105957,-0.95241981744766235,0.8283536434173584,0,0,0,1
19.233333333333334,0.8712410722429512,0.4906524206074935,0.014113687999931773,0.17199574580223947,-0.48182423760805376,0.8493675014921098,0.21545359468448858,0.13955211639404297,0.09372511984718897,-0.19451233781191715,0.9764120812180542,0.8373559608675165,0.0,0.0,0.0,1.0,0.1428568959236145,0.95332115888595581,0.26602789759635925,-0.16510511934757233,0.97102946043014526,-0.18701913952827454,0.1487477570772171,0.2037380039691925,0.19155667722225189,0.23707127571105957,-0.95241981744766235,0.8283536434173584,0,0,0,1
19.266666666666666,0.8712410722429512,0.4906524206074935,0.014113687999931773,0.17189684886981665,-0.48182423760805376,0.8493675014921098,0.21545359468448858,0.13955211639404297,0.09372511984718897,-0.19451233781191715,0.9764120812180542,0.8363656184780955,0.0,0.0,0.0,1.0,0.1428568959236145,0.95332115888595581,0.26602789759635925,-0.16510511934757233,0.97102946043014526,-0.18701913952827454,0.1487477570772171,0.2037380039691925,0.19155667722225189,0.23707127571105957,-0.95241981744766235,0.8283536434173584,0,0,0,1
19.3,0.8712410722429512,0.4906524206074935,0.014113687999931773,0.17183085704823073,-0.48182423760805376,0.8493675014921098,0.21545359468448858,0.13955211639404297,0.09372511984718897,-0.19451233781191715,0.9764120812180542,0.8353725405702704,0.0,0.0,0.0,1.0,0.1428568959236145,0.95332115888595581,0.26602789759635925,-0.16510511934757233,0.97102946043014526,-0.18701913952827454,0.1487477570772171,0.2037380039691925,0.19155667722225189,0.23707127571105957,-0.95241981744766235,0.8283536434173584,0,0,0,1
19.333333333333332,0.8712410722429512,0.4906524206074935,0.014113687999931773,0.1717978429694481,-0.48182423760805376,0.8493675014921098,0.21545359468448858,0.13955211639404297,0.09372511984718897,-0.19451233781191715,0.9764120812180542,0.8343778201461669,0.0,0.0,0.0,1.0,0.1428568959236145,0.95332115888595581,0.26602789759635925,-0.16510511934757233,0.97102946043014526,-0.18701913952827454,0.1487477570772171,0.2037380039691925,0.19155667722225189,0.23707127571105957,-0.95241981744766235,0.8283536434173584,0,0,0,1
19.366666666666667,0.8712410722429512,0.4906524206074935,0.014113687999931773,0.1717978429694481,-0.48182423760805376,0.8493675014921098,0.21545359468448858,0.13955211639404297,0.09372511984718897,-0.19451233781191715,0.9764120812180542,0.8333825520156983,0.0,0.0,0.0,1.0,0.1428568959236145,0.95332115888595581,0.26602789759635925,-0.16510511934757233,0.97102946043014526,-0.18701913952827454,0.1487477570772171,0.2037380039691925,0.19155667722225189,0.23707127571105957,-0.95241981744766235,0.8283536434173584,0,0,0,1
19.4,0.8712410722429512,0.4906524206074935,0.014113687999931773,0.17183085704823073,-0.48182423760805376,0.8493675014921098,0.21545359468448858,0.13955211639404297,0.09372511984718897,-0.19451233781191715,0.9764120812180542,0.8323878315915948,0.0,0.0,0.0,1.0,0.1428568959236145,0.95332115888595581,0.26602789759635925,-0.16510511934757233,0.97102946043014526,-0.18701913952827454,0.1487477570772171,0.2037380039691925,0.19155667722225189,0.23707127571105957,-0.95241981744766235,0.8283536434173584,0,0,0,1
19.433333333333334,0.8712410722429512,0.4906524206074935,0.014113687999931773,0.17189684886981665,-0.48182423760805376,0.8493675014921098,0.21545359468448858,0.13955211639404297,0.09372511984718897,-0.19451233781191715,0.9764120812180542,0.8313947536837697,0.0,0.0,0.0,1.0,0.1428568959236145,0.95332115888595581,0.26602789759635925,-0.16510511934757233,0.97102946043014526,-0.18701913952827454,0.1487477570772171,0.2037380039691925,0.19155667722225189,0.23707127571105957,-0.95241981744766235,0.8283536434173584,0,0,0,1
19.466666666666665,0.8712410722429512,0.4906524206074935,0.014113687999931773,0.17199574580223947,-0.48182423760805376,0.8493675014921098,0.21545359468448858,0.13955211639404297,0.09372511984718897,-0.19451233781191715,0.9764120812180542,0.8304044112943487,0.0,0.0,0.0,1.0,0.1428568959236145,0.95332115888595581,0.26602789759635925,-0.16510511934757233,0.97102946043014526,-0.18701913952827454,0.1487477570772171,0.2037380039691925,0.19155667722225189,0.23707127571105957,-0.95241981744766235,0.8283536434173584,0,0,0,1
19.5,0.8712410722429512,0.4906524206074935,0.014113687999931773,0.17212743899748578,-0.48182423760805376,0.8493675014921098,0.21545359468448858,0.13955211639404297,0.09372511984718897,-0.19451233781191715,0.9764120812180542,0.8294178944146896,0.0,0.0,0.0,1.0,0.1428568959236145,0.95332115888595581,0.26602789759635925,-0.16510511934757233,0.97102946043014526,-0.18701913952827454,0.1487477570772171,0.2037380039691925,0.19155667722225189,0.23707127571105957,-0.95241981744766235,0.8283536434173584,0,0,0,1
19.533333333333335,0.8712410722429512,0.4906524206074935,0.014113687999931773,0.17229178351129573,-0.48182423760805376,0.8493675014921098,0.21545359468448858,0.13955211639404297,0.09372511984718897,-0.19451233781191715,0.9764120812180542,0.8284362888257145,0.0,0.0,0.0,1.0,0.1428568959236145,0.95332115888595581,0.26602789759635925,-0.16510511934757233,0.97102946043014526,-0.18701913952827454,0.1487477570772171,0.2037380039691925,0.19155667722225189,0.23707127571105957,-0.95241981744766235,0.8283536434173584,0,0,0,1
19.566666666666666,0.8712410722429512,0.4906524206074935,0.014113687999931773,0.17248859846269154,-0.48182423760805376,0.8493675014921098,0.21545359468448858,0.13955211639404297,0.09372511984718897,-0.19451233781191715,0.9764120812180542,0.8274606749028774,0.0,0.0,0.0,1.0,0.1428568959236145,0.95332115888595581,0.26602789759635925,-0.16510511934757233,0.97102946043014526,-0.18701913952827454,0.1487477570772171,0.2037380039691925,0.19155667722225189,0.23707127571105957,-0.95241981744766235,0.8283536434173584,0,0,0,1
19.6,0.8712410722429512,0.4906524206074935,0.014113687999931773,0.17271766723305895,-0.48182423760805376,0.8493675014921098,0.21545359468448858,0.13955211639404297,0.09372511984718897,-0.19451233781191715,0.9764120812180542,0.8264921264270804,0.0,0.0,0.0,1.0,0.1428568959236145,0.95332115888595581,0.26602789759635925,-0.16510511934757233,0.97102946043014526,-0.18701913952827454,0.1487477570772171,0.2037380039691925,0.19155667722225189,0.23707127571105957,-0.95241981744766235,0.8283536434173584,0,0,0,1
19.633333333333333,0.8712410722429512,0.4906524206074935,0.014113687999931773,0.1729787377045621,-0.48182423760805376,0.8493675014921098,0.21545359468448858,0.13955211639404297,0.09372511984718897,-0.19451233781191715,0.9764120812180542,0.8255317094028478,0.0,0.0,0.0,1.0,0.1428568959236145,0.95332115888595581,0.26602789759635925,-0.16510511934757233,0.97102946043014526,-0.18701913952827454,0.1487477570772171,0.2037380039691925,0.19155667722225189,0.23707127571105957,-0.95241981744766235,0.8283536434173584,0,0,0,1
19.666666666666668,0.8712410722429512,0.4906524206074935,0.014113687999931773,0.1732715225376296,-0.48182423760805376,0.8493675014921098,0.21545359468448858,0.13955211639404297,0.09372511984718897,-0.19451233781191715,0.9764120812180542,0.8245804808850603,0.0,0.0,0.0,1.0,0.1428568959236145,0.95332115888595581,0.26602789759635925,-0.16510511934757233,0.97102946043014526,-0.18701913952827454,0.1487477570772171,0.2037380039691925,0.19155667722225189,0.23707127571105957,-0.95241981744766235,0.8283536434173584,0,0,0,1
19.7,0.8712410722429512,0.4906524206074935,0.014113687999931773,0.17359569948720655,-0.48182423760805376,0.8493675014921098,0.21545359468448858,0.13955211639404297,0.09372511984718897,-0.19451233781191715,0.9764120812180542,0.8236394878155378,0.0,0.0,0.0,1.0,0.1428568959236145,0.95332115888595581,0.26602789759635925,-0.16510511934757233,0.97102946043014526,-0.18701913952827454,0.1487477570772171,0.2037380039691925,0.19155667722225189,0.23707127571105957,-0.95241981744766235,0.8283536434173584,0,0,0,1
19.733333333333334,0.8712410722429512,0.4906524206074935,0.014113687999931773,0.17395091175742403,-0.48182423760805376,0.8493675014921098,0.21545359468448858,0.13955211639404297,0.09372511984718897,-0.19451233781191715,0.9764120812180542,0.8227097658707535,0.0,0.0,0.0,1.0,0.1428568959236145,0.95332115888595581,0.26602789759635925,-0.16510511934757233,0.97102946043014526,-0.18701913952827454,0.1487477570772171,0.2037380039691925,0.19155667722225189,0.23707127571105957,-0.95241981744766235,0.8283536434173584,0,0,0,1
19.766666666666666,0.8712410722429512,0.4906524206074935,0.014113687999931773,0.17433676839429607,-0.48182423760805376,0.8493675014921098,0.21545359468448858,0.13955211639404297,0.09372511984718897,-0.19451233781191715,0.9764120812180542,0.8217923383219473,0.0,0.0,0.0,1.0,0.1428568959236145,0.95332115888595581,0.26602789759635925,-0.16510511934757233,0.97102946043014526,-0.18701913952827454,0.1487477570772171,0.2037380039691925,0.19155667722225189,0.23707127571105957,-0.95241981744766235,0.8283536434173584,0,0,0,1
19.8,0.8712410722429512,0.4906524206074935,0.014113687999931773,0.17475284471601163,-0.48182423760805376,0.8493675014921098,0.21545359468448858,0.13955211639404297,0.09372511984718897,-0.19451233781191715,0.9764120812180542,0.8208882149088924,0.0,0.0,0.0,1.0,0.1428568959236145,0.95332115888595581,0.26602789759635925,-0.16510511934757233,0.97102946043014526,-0.18701913952827454,0.1487477570772171,0.2037380039691925,0.19155667722225189,0.23707127571105957,-0.95241981744766235,0.8283536434173584,0,0,0,1
19.833333333333332,0.8712410722429512,0.4906524206074935,0.014113687999931773,0.1751986827803483,-0.48182423760805376,0.8493675014921098,0.21545359468448858,0.13955211639404297,0.09372511984718897,-0.19451233781191715,0.9764120812180542,0.8199983907285538,0.0,0.0,0.0,1.0,0.1428568959236145,0.95332115888595581,0.26602789759635925,-0.16510511934757233,0.97102946043014526,-0.18701913952827454,0.1487477570772171,0.2037380039691925,0.19155667722225189,0.23707127571105957,-0.95241981744766235,0.8283536434173584,0,0,0,1
19.866666666666667,0.8712410722429512,0.4906524206074935,0.014113687999931773,0.17567379188869303,-0.48182423760805376,0.8493675014921098,0.21545359468448858,0.13955211639404297,0.09372511984718897,-0.19451233781191715,0.9764120812180542,0.8191238451398655,0.0,0.0,0.0,1.0,0.1428568959236145,0.95332115888595581,0.26602789759635925,-0.16510511934757233,0.97102946043014526,-0.18701913952827454,0.1487477570772171,0.2037380039691925,0.19155667722225189,0.23707127571105957,-0.95241981744766235,0.8283536434173584,0,0,0,1
19.9,0.8712410722429512,0.4906524206074935,0.014113687999931773,0.17617764912611497,-0.48182423760805376,0.8493675014921098,0.21545359468448858,0.13955211639404297,0.09372511984718897,-0.19451233781191715,0.9764120812180542,0.8182655406858259,0.0,0.0,0.0,1.0,0.1428568959236145,0.95332115888595581,0.26602789759635925,-0.16510511934757233,0.97102946043014526,-0.18701913952827454,0.1487477570772171,0.2037380039691925,0.19155667722225189,0.23707127571105957,-0.95241981744766235,0.8283536434173584,0,0,0,1
19.933333333333334,0.8712410722429512,0.4906524206074935,0.014113687999931773,0.17670969993689672,-0.48182423760805376,0.8493675014921098,0.21545359468448858,0.13955211639404297,0.09372511984718897,-0.19451233781191715,0.9764120812180542,0.8174244220341049,0.0,0.0,0.0,1.0,0.1428568959236145,0.95332115888595581,0.26602789759635925,-0.16510511934757233,0.97102946043014526,-0.18701913952827454,0.1487477570772171,0.2037380039691925,0.19155667722225189,0.23707127571105957,-0.95241981744766235,0.8283536434173584,0,0,0,1
19.966666666666665,0.8712410722429512,0.4906524206074935,0.014113687999931773,0.17726935873488983,-0.48182423760805376,0.8493675014921098,0.21545359468448858,0.13955211639404297,0.09372511984718897,-0.19451233781191715,0.9764120812180542,0.8166014149373217,0.0,0.0,0.0,1.0,0.1428568959236145,0.95332115888595581,0.26602789759635925,-0.16510511934757233,0.97102946043014526,-0.18701913952827454,0.1487477570772171,0.2037380039691925,0.19155667722225189,0.23707127571105957,-0.95241981744766235,0.8283536434173584,0,0,0,1
20.0,0.8712410722429512,0.4906524206074935,0.014113687999931773,0.17785600954802286,-0.48182423760805376,0.8493675014921098,0.21545359468448858,0.13955211639404297,0.09372511984718897,-0.19451233781191715,0.9764120812180542,0.815797425214143,0.0,0.0,0.0,1.0,0.1428568959236145,0.95332115888595581,0.26602789759635925,-0.16510511934757233,0.97102946043014526,-0.18701913952827454,0.1487477570772171,0.2037380039691925,0.19155667722225189,0.23707127571105957,-0.95241981744766235,0.8283536434173584,0,0,0,1
20.033333333333335,0.8712410722429512,0.4906524206074935,0.014113687999931773,0.17846900669625315,-0.48182423760805376,0.8493675014921098,0.21545359468448858,0.13955211639404297,0.09372511984718897,-0.19451233781191715,0.9764120812180542,0.81501333775232,0.0,0.0,0.0,1.0,0.1428568959236145,0.95332115888595581,0.26602789759635925,-0.16510511934757233,0.97102946043014526,-0.18701913952827454,0.1487477570772171,0.2037380039691925,0.19155667722225189,0.23707127571105957,-0.95241981744766235,0.8283536434173584,0,0,0,1
20.066666666666666,0.8712410722429512,0.4906524206074935,0.014113687999931773,0.17910767550221565,-0.48182423760805376,0.8493675014921098,0.21545359468448858,0.13955211639404297,0.09372511984718897,-0.19451233781191715,0.9764120812180542,0.8142500155347625,0.0,0.0,0.0,1.0,0.1428568959236145,0.95332115888595581,0.26602789759635925,-0.16510511934757233,0.97102946043014526,-0.18701913952827454,0.1487477570772171,0.2037380039691925,0.19155667722225189,0.23707127571105957,-0.95241981744766235,0.8283536434173584,0,0,0,1
20.1,0.8712410722429512,0.4906524206074935,0.014113687999931773,0.17977131303378685,-0.48182423760805376,0.8493675014921098,0.21545359468448858,0.13955211639404297,0.09372511984718897,-0.19451233781191715,0.9764120812180542,0.8135082986897221,0.0,0.0,0.0,1.0,0.1428568959236145,0.95332115888595581,0.26602789759635925,-0.16510511934757233,0.97102946043014526,-0.18701913952827454,0.1487477570772171,0.2037380039691925,0.19155667722225189,0.23707127571105957,-0.95241981744766235,0.8283536434173584,0,0,0,1
20.133333333333333,0.8712410722429512,0.4906524206074935,0.014113687999931773,0.1804591888777463,-0.48182423760805376,0.8493675014921098,0.21545359468448858,0.13955211639404297,0.09372511984718897,-0.19451233781191715,0.9764120812180542,0.8127890035661298,0.0,0.0,0.0,1.0,0.1428568959236145,0.95332115888595581,0.26602789759635925,-0.16510511934757233,0.97102946043014526,-0.18701913952827454,0.1487477570772171,0.2037380039691925,0.19155667722225189,0.23707127571105957,-0.95241981744766235,0.8283536434173584,0,0,0,1
20.166666666666668,0.8712410722429512,0.4906524206074935,0.014113687999931773,0.1811705459436847,-0.48182423760805376,0.8493675014921098,0.21545359468448858,0.13955211639404297,0.09372511984718897,-0.19451233781191715,0.9764120812180542,0.8120929218351053,0.0,0.0,0.0,1.0,0.1428568959236145,0.95332115888595581,0.26602789759635925,-0.16510511934757233,0.97102946043014526,-0.18701913952827454,0.1487477570772171,0.2037380039691925,0.19155667722225189,0.23707127571105957,-0.95241981744766235,0.8283536434173584,0,0,0,1
20.2,0.8712410722429512,0.4906524206074935,0.014113687999931773,0.1819046012972731,-0.48182423760805376,0.8493675014921098,0.21545359468448858,0.13955211639404297,0.09372511984718897,-0.19451233781191715,0.9764120812180542,0.8114208196186272,0.0,0.0,0.0,1.0,0.1428568959236145,0.95332115888595581,0.26602789759635925,-0.16510511934757233,0.97102946043014526,-0.18701913952827454,0.1487477570772171,0.2037380039691925,0.19155667722225189,0.23707127571105957,-0.95241981744766235,0.8283536434173584,0,0,0,1
20.233333333333334,0.8712410722429512,0.4906524206074935,0.014113687999931773,0.18266054702197684,-0.48182423760805376,0.8493675014921098,0.21545359468448858,0.13955211639404297,0.09372511984718897,-0.19451233781191715,0.9764120812180542,0.8107734366463236,0.0,0.0,0.0,1.0,0.1428568959236145,0.95332115888595581,0.26602789759635925,-0.16510511934757233,0.97102946043014526,-0.18701913952827454,0.1487477570772171,0.2037380039691925,0.19155667722225189,0.23707127571105957,-0.95241981744766235,0.8283536434173584,0,0,0,1
20.266666666666666,0.8712410722429512,0.4906524206074935,0.014113687999931773,0.1834375511082652,-0.48182423760805376,0.8493675014921098,0.21545359468448858,0.13955211639404297,0.09372511984718897,-0.19451233781191715,0.9764120812180542,0.8101514854413102,0.0,0.0,0.0,1.0,0.1428568959236145,0.95332115888595581,0.26602789759635925,-0.16510511934757233,0.97102946043014526,-0.18701913952827454,0.1487477570772171,0.2037380039691925,0.19155667722225189,0.23707127571105957,-0.95241981744766235,0.8283536434173584,0,0,0,1
20.3,0.8712410722429512,0.4906524206074935,0.014113687999931773,0.18423475836933825,-0.48182423760805376,0.8493675014921098,0.21545359468448858,0.13955211639404297,0.09372511984718897,-0.19451233781191715,0.9764120812180542,0.8095556505359723,0.0,0.0,0.0,1.0,0.1428568959236145,0.95332115888595581,0.26602789759635925,-0.16510511934757233,0.97102946043014526,-0.18701913952827454,0.1487477570772171,0.2037380039691925,0.19155667722225189,0.23707127571105957,-0.95241981744766235,0.8283536434173584,0,0,0,1
20.333333333333332,0.8712410722429512,0.4906524206074935,0.014113687999931773,0.18505129138236315,-0.48182423760805376,0.8493675014921098,0.21545359468448858,0.13955211639404297,0.09372511984718897,-0.19451233781191715,0.9764120812180542,0.8089865877185549,0.0,0.0,0.0,1.0,0.1428568959236145,0.95332115888595581,0.26602789759635925,-0.16510511934757233,0.97102946043014526,-0.18701913952827454,0.1487477570772171,0.2037380039691925,0.19155667722225189,0.23707127571105957,-0.95241981744766235,0.8283536434173584,0,0,0,1
20.366666666666667,0.8712410722429512,0.4906524206074935,0.014113687999931773,0.18588625145418408,-0.48182423760805376,0.8493675014921098,0.21545359468448858,0.13955211639404297,0.09372511984718897,-0.19451233781191715,0.9764120812180542,0.8084449233113881,0.0,0.0,0.0,1.0,0.1428568959236145,0.95332115888595581,0.26602789759635925,-0.16510511934757233,0.97102946043014526,-0.18701913952827454,0.1487477570772171,0.2037380039691925,0.19155667722225189,0.23707127571105957,-0.95241981744766235,0.8283536434173584,0,0,0,1
20.4,0.8712410722429512,0.4906524206074935,0.014113687999931773,0.18673871961044225,-0.48182423760805376,0.8493675014921098,0.21545359468448858,0.13955211639404297,0.09372511984718897,-0.19451233781191715,0.9764120812180542,0.8079312534815437,0.0,0.0,0.0,1.0,0.1428568959236145,0.95332115888595581,0.26602789759635925,-0.16510511934757233,0.97102946043014526,-0.18701913952827454,0.1487477570772171,0.2037380039691925,0.19155667722225189,0.23707127571105957,-0.95241981744766235,0.8283536434173584,0,0,0,1
20.433333333333334,0.8712410722429512,0.4906524206074935,0.014113687999931773,0.18760775760701842,-0.48182423760805376,0.8493675014921098,0.21545359468448858,0.13955211639404297,0.09372511984718897,-0.19451233781191715,0.9764120812180542,0.8074461435846818,0.0,0.0,0.0,1.0,0.1428568959236145,0.95332115888595581,0.26602789759635925,-0.16510511934757233,0.97102946043014526,-0.18701913952827454,0.1487477570772171,0.2037380039691925,0.19155667722225189,0.23707127571105957,-0.95241981744766235,0.8283536434173584,0,0,0,1
20.466666666666665,0.8712410722429512,0.4906524206074935,0.014113687999931773,0.18849240896268374,-0.48182423760805376,0.8493675014921098,0.21545359468448858,0.13955211639404297,0.09372511984718897,-0.19451233781191715,0.9764120812180542,0.8069901275428082,0.0,0.0,0.0,1.0,0.1428568959236145,0.95332115888595581,0.26602789759635925,-0.16510511934757233,0.97102946043014526,-0.18701913952827454,0.1487477570772171,0.2037380039691925,0.19155667722225189,0.23707127571105957,-0.95241981744766235,0.8283536434173584,0,0,0,1
20.5,0.8712410722429512,0.4906524206074935,0.014113687999931773,0.18939170001182268,-0.48182423760805376,0.8493675014921098,0.21545359468448858,0.13955211639404297,0.09372511984718897,-0.19451233781191715,0.9764120812180542,0.806563707256629,0.0,0.0,0.0,1.0,0.1428568959236145,0.95332115888595581,0.26602789759635925,-0.16510511934757233,0.97102946043014526,-0.18701913952827454,0.1487477570772171,0.2037380039691925,0.19155667722225189,0.23707127571105957,-0.95241981744766235,0.8283536434173584,0,0,0,1
20.533333333333335,0.8712410722429512,0.4906524206074935,0.014113687999931773,0.19030464097606972,-0.48182423760805376,0.8493675014921098,0.21545359468448858,0.13955211639404297,0.09372511984718897,-0.19451233781191715,0.9764120812180542,0.8061673520531484,0.0,0.0,0.0,1.0,0.1428568959236145,0.95332115888595581,0.26602789759635925,-0.16510511934757233,0.97102946043014526,-0.18701913952827454,0.1487477570772171,0.2037380039691925,0.19155667722225189,0.23707127571105957,-0.95241981744766235,0.8283536434173584,0,0,0,1
20.566666666666666,0.8712410722429512,0.4906524206074935,0.014113687999931773,0.19123022705367992,-0.48182423760805376,0.8493675014921098,0.21545359468448858,0.13955211639404297,0.09372511984718897,-0.19451233781191715,0.9764120812180542,0.8058014981691172,0.0,0.0,0.0,1.0,0.1428568959236145,0.95332115888595581,0.26602789759635925,-0.16510511934757233,0.97102946043014526,-0.18701913952827454,0.1487477570772171,0.2037380039691925,0.19155667722225189,0.23707127571105957,-0.95241981744766235,0.8283536434173584,0,0,0,1
20.6,0.8712410722429512,0.4906524206074935,0.014113687999931773,0.19216743952543452,-0.48182423760805376,0.8493675014921098,0.21545359468448858,0.13955211639404297,0.09372511984718897,-0.19451233781191715,0.9764120812180542,0.8054665482709021,0.0,0.0,0.0,1.0,0.1428568959236145,0.95332115888595581,0.26602789759635925,-0.16510511934757233,0.97102946043014526,-0.18701913952827454,0.1487477570772171,0.2037380039691925,0.19155667722225189,0.23707127571105957,-0.95241981744766235,0.8283536434173584,0,0,0,1
20.633333333333333,0.8712410722429512,0.4906524206074935,0.014113687999931773,0.1931152468758643,-0.48182423760805376,0.8493675014921098,0.21545359468448858,0.13955211639404297,0.09372511984718897,-0.19451233781191715,0.9764120812180542,0.8051628710113028,0.0,0.0,0.0,1.0,0.1428568959236145,0.95332115888595581,0.26602789759635925,-0.16510511934757233,0.97102946043014526,-0.18701913952827454,0.1487477570772171,0.2037380039691925,0.19155667722225189,0.23707127571105957,-0.95241981744766235,0.8283536434173584,0,0,0,1
20.666666666666668,0.8712410722429512,0.4906524206074935,0.014113687999931773,0.19407260592855718,-0.48182423760805376,0.8493675014921098,0.21545359468448858,0.13955211639404297,0.09372511984718897,-0.19451233781191715,0.9764120812180542,0.8048908006238044,0.0,0.0,0.0,1.0,0.1428568959236145,0.95332115888595581,0.26602789759635925,-0.16510511934757233,0.97102946043014526,-0.18701913952827454,0.1487477570772171,0.2037380039691925,0.19155667722225189,0.23707127571105957,-0.95241981744766235,0.8283536434173584,0,0,0,1
20.7,0.8712410722429512,0.4906524206074935,0.014113687999931773,0.1950384629942995,-0.48182423760805376,0.8493675014921098,0.21545359468448858,0.13955211639404297,0.09372511984718897,-0.19451233781191715,0.9764120812180542,0.8046506365547137,0.0,0.0,0.0,1.0,0.1428568959236145,0.95332115888595581,0.26602789759635925,-0.16510511934757233,0.97102946043014526,-0.18701913952827454,0.1487477570772171,0.2037380039691925,0.19155667722225189,0.23707127571105957,-0.95241981744766235,0.8283536434173584,0,0,0,1
20.733333333333334,0.8712410722429512,0.4906524206074935,0.014113687999931773,0.19601175503078835,-0.48182423760805376,0.8493675014921098,0.21545359468448858,0.13955211639404297,0.09372511984718897,-0.19451233781191715,0.9764120812180542,0.8044426431335824,0.0,0.0,0.0,1.0,0.1428568959236145,0.95332115888595581,0.26602789759635925,-0.16510511934757233,0.97102946043014526,-0.18701913952827454,0.1487477570772171,0.2037380039691925,0.19155667722225189,0.23707127571105957,-0.95241981744766235,0.8283536434173584,0,0,0,1
20.766666666666666,0.8712410722429512,0.4906524206074935,0.014113687999931773,0.19699141081263796,-0.48182423760805376,0.8493675014921098,0.21545359468448858,0.13955211639404297,0.09372511984718897,-0.19451233781191715,0.9764120812180542,0.8042670492822802,0.0,0.0,0.0,1.0,0.1428568959236145,0.95332115888595581,0.26602789759635925,-0.16510511934757233,0.97102946043014526,-0.18701913952827454,0.1487477570772171,0.2037380039691925,0.19155667722225189,0.23707127571105957,-0.95241981744766235,0.8283536434173584,0,0,0,1
20.8,0.8712410722429512,0.4906524206074935,0.014113687999931773,0.19797635211039258,-0.48182423760805376,0.8493675014921098,0.21545359468448858,0.13955211639404297,0.09372511984718897,-0.19451233781191715,0.9764120812180542,0.8041240482630387,0.0,0.0,0.0,1.0,0.1428568959236145,0.95332115888595581,0.26602789759635925,-0.16510511934757233,0.97102946043014526,-0.18701913952827454,0.1487477570772171,0.2037380039691925,0.19155667722225189,0.23707127571105957,-0.95241981744766235,0.8283536434173584,0,0,0,1
20.833333333333332,0.8712410722429512,0.4906524206074935,0.014113687999931773,0.19896549487724793,-0.48182423760805376,0.8493675014921098,0.21545359468448858,0.13955211639404297,0.09372511984718897,-0.19451233781191715,0.9764120812180542,0.8040137974657435,0.0,0.0,0.0,1.0,0.1428568959236145,0.95332115888595581,0.26602789759635925,-0.16510511934757233,0.97102946043014526,-0.18701913952827454,0.1487477570772171,0.2037380039691925,0.19155667722225189,0.23707127571105957,-0.95241981744766235,0.8283536434173584,0,0,0,1
20.866666666666667,0.8712410722429512,0.4906524206074935,0.014113687999931773,0.19995775044217598,-0.48182423760805376,0.8493675014921098,0.21545359468448858,0.13955211639404297,0.09372511984718897,-0.19451233781191715,0.9764120812180542,0.8039364182347067,0.0,0.0,0.0,1.0,0.1428568959236145,0.95332115888595581,0.26602789759635925,-0.16510511934757233,0.97102946043014526,-0.18701913952827454,0.1487477570772171,0.2037380039691925,0.19155667722225189,0.23707127571105957,-0.95241981744766235,0.8283536434173584,0,0,0,1
20.9,0.8712410722429512,0.4906524206074935,0.014113687999931773,0.20095202670813855,-0.48182423760805376,0.8493675014921098,0.21545359468448858,0.13955211639404297,0.09372511984718897,-0.19451233781191715,0.9764120812180542,0.8038919957351137,0.0,0.0,0.0,1.0,0.1428568959236145,0.95332115888595581,0.26602789759635925,-0.16510511934757233,0.97102946043014526,-0.18701913952827454,0.1487477570772171,0.2037380039691925,0.19155667722225189,0.23707127571105957,-0.95241981744766235,0.8283536434173584,0,0,0,1
20.933333333333334,0.8712410722429512,0.4906524206074935,0.014113687999931773,0.201947229354072,-0.48182423760805376,0.8493675014921098,0.21545359468448858,0.13955211639404297,0.09372511984718897,-0.19451233781191715,0.9764120812180542,0.8038805788592882,0.0,0.0,0.0,1.0,0.1428568959236145,0.95332115888595581,0.26602789759635925,-0.16510511934757233,0.97102946043014526,-0.18701913952827454,0.1487477570772171,0.2037380039691925,0.19155667722225189,0.23707127571105957,-0.95241981744766235,0.8283536434173584,0,0,0,1
20.966666666666665,0.8712410722429512,0.4906524206074935,0.014113687999931773,0.20294226303931973,-0.48182423760805376,0.8493675014921098,0.21545359468448858,0.13955211639404297,0.09372511984718897,-0.19451233781191715,0.9764120812180542,0.8039021801728801,0.0,0.0,0.0,1.0,0.1428568959236145,0.95332115888595581,0.26602789759635925,-0.16510511934757233,0.97102946043014526,-0.18701913952827454,0.1487477570772171,0.2037380039691925,0.19155667722225189,0.23707127571105957,-0.95241981744766235,0.8283536434173584,0,0,0,1
21.0,0.8712410722429512,0.4906524206074935,0.014113687999931773,0.20393603260918672,-0.48182423760805376,0.8493675014921098,0.21545359468448858,0.13955211639404297,0.09372511984718897,-0.19451233781191715,0.9764120812180542,0.8039567759010362,0.0,0.0,0.0,1.0,0.1428568959236145,0.95332115888595581,0.26602789759635925,-0.16510511934757233,0.97102946043014526,-0.18701913952827454,0.1487477570772171,0.2037380039691925,0.19155667722225189,0.23707127571105957,-0.95241981744766235,0.8283536434173584,0,0,0,1
21.033333333333335,0.8712410722429512,0.4906524206074935,0.014113687999931773,0.2049274443002896,-0.48182423760805376,0.8493675014921098,0.21545359468448858,0.13955211639404297,0.09372511984718897,-0.19451233781191715,0.9764120812180542,0.8040443059545667,0.0,0.0,0.0,1.0,0.1428568959236145,0.95332115888595581,0.26602789759635925,-0.16510511934757233,0.97102946043014526,-0.18701913952827454,0.1487477570772171,0.2037380039691925,0.19155667722225189,0.23707127571105957,-0.95241981744766235,0.8283536434173584,0,0,0,1
21.066666666666666,0.8712410722429512,0.4906524206074935,0.014113687999931773,0.20591540694437524,-0.48182423760805376,0.8493675014921098,0.21545359468448858,0.13955211639404297,0.09372511984718897,-0.19451233781191715,0.9764120812180542,0.8041646739960805,0.0,0.0,0.0,1.0,0.1428568959236145,0.95332115888595581,0.26602789759635925,-0.16510511934757233,0.97102946043014526,-0.18701913952827454,0.1487477570772171,0.2037380039691925,0.19155667722225189,0.23707127571105957,-0.95241981744766235,0.8283536434173584,0,0,0,1
21.1,0.8712410722429512,0.4906524206074935,0.014113687999931773,0.2068988331692831,-0.48182423760805376,0.8493675014921098,0.21545359468448858,0.13955211639404297,0.09372511984718897,-0.19451233781191715,0.9764120812180542,0.8043177475460167,0.0,0.0,0.0,1.0,0.1428568959236145,0.95332115888595581,0.26602789759635925,-0.16510511934757233,0.97102946043014526,-0.18701913952827454,0.1487477570772171,0.2037380039691925,0.19155667722225189,0.23707127571105957,-0.95241981744766235,0.8283536434173584,0,0,0,1
21.133333333333333,0.8712410722429512,0.4906524206074935,0.014113687999931773,0.2078766405957295,-0.48182423760805376,0.8493675014921098,0.21545359468448858,0.13955211639404297,0.09372511984718897,-0.19451233781191715,0.9764120812180542,0.8045033581284541,0.0,0.0,0.0,1.0,0.1428568959236145,0.95332115888595581,0.26602789759635925,-0.16510511934757233,0.97102946043014526,-0.18701913952827454,0.1487477570772171,0.2037380039691925,0.19155667722225189,0.23707127571105957,-0.95241981744766235,0.8283536434173584,0,0,0,1
21.166666666666668,0.8712410722429512,0.4906524206074935,0.014113687999931773,0.208847753028597,-0.48182423760805376,0.8493675014921098,0.21545359468448858,0.13955211639404297,0.09372511984718897,-0.19451233781191715,0.9764120812180542,0.804721301456539,0.0,0.0,0.0,1.0,0.1428568959236145,0.95332115888595581,0.26602789759635925,-0.16510511934757233,0.97102946043014526,-0.18701913952827454,0.1487477570772171,0.2037380039691925,0.19155667722225189,0.23707127571105957,-0.95241981744766235,0.8283536434173584,0,0,0,1
21.2,0.8712410722429512,0.4906524206074935,0.014113687999931773,0.20981110164141675,-0.48182423760805376,0.8493675014921098,0.21545359468448858,0.13955211639404297,0.09372511984718897,-0.19451233781191715,0.9764120812180542,0.8049713376573278,0.0,0.0,0.0,1.0,0.1428568959236145,0.95332115888595581,0.26602789759635925,-0.16510511934757233,0.97102946043014526,-0.18701913952827454,0.1487477570772171,0.2037380039691925,0.19155667722225189,0.23707127571105957,-0.95241981744766235,0.8283536434173584,0,0,0,1
21.233333333333334,0.8712410722429512,0.4906524206074935,0.014113687999931773,0.210765626152741,-0.48182423760805376,0.8493675014921098,0.21545359468448858,0.13955211639404297,0.09372511984718897,-0.19451233781191715,0.9764120812180542,0.8052531915357962,0.0,0.0,0.0,1.0,0.1428568959236145,0.95332115888595581,0.26602789759635925,-0.16510511934757233,0.97102946043014526,-0.18701913952827454,0.1487477570772171,0.2037380039691925,0.19155667722225189,0.23707127571105957,-0.95241981744766235,0.8283536434173584,0,0,0,1
21.266666666666666,0.8712410722429512,0.4906524206074935,0.014113687999931773,0.21171027599311115,-0.48182423760805376,0.8493675014921098,0.21545359468448858,0.13955211639404297,0.09372511984718897,-0.19451233781191715,0.9764120812180542,0.8055665528777245,0.0,0.0,0.0,1.0,0.1428568959236145,0.95332115888595581,0.26602789759635925,-0.16510511934757233,0.97102946043014526,-0.18701913952827454,0.1487477570772171,0.2037380039691925,0.19155667722225189,0.23707127571105957,-0.95241981744766235,0.8283536434173584,0,0,0,1
21.3,0.8712410722429512,0.4906524206074935,0.014113687999931773,0.21264401146133616,-0.48182423760805376,0.8493675014921098,0.21545359468448858,0.13955211639404297,0.09372511984718897,-0.19451233781191715,0.9764120812180542,0.8059110767911257,0.0,0.0,0.0,1.0,0.1428568959236145,0.95332115888595581,0.26602789759635925,-0.16510511934757233,0.97102946043014526,-0.18701913952827454,0.1487477570772171,0.2037380039691925,0.19155667722225189,0.23707127571105957,-0.95241981744766235,0.8283536434173584,0,0,0,1
21.333333333333332,0.8712410722429512,0.4906524206074935,0.014113687999931773,0.21356580486880886,-0.48182423760805376,0.8493675014921098,0.21545359468448858,0.13955211639404297,0.09372511984718897,-0.19451233781191715,0.9764120812180542,0.8062863840858407,0.0,0.0,0.0,1.0,0.1428568959236145,0.95332115888595581,0.26602789759635925,-0.16510511934757233,0.97102946043014526,-0.18701913952827454,0.1487477570772171,0.2037380039691925,0.19155667722225189,0.23707127571105957,-0.95241981744766235,0.8283536434173584,0,0,0,1
21.366666666666667,0.8712410722429512,0.4906524206074935,0.014113687999931773,0.21447464167060196,-0.48182423760805376,0.8493675014921098,0.21545359468448858,0.13955211639404297,0.09372511984718897,-0.19451233781191715,0.9764120812180542,0.8066920616908834,0.0,0.0,0.0,1.0,0.1428568959236145,0.95332115888595581,0.26602789759635925,-0.16510511934757233,0.97102946043014526,-0.18701913952827454,0.1487477570772171,0.2037380039691925,0.19155667722225189,0.23707127571105957,-0.95241981744766235,0.8283536434173584,0,0,0,1
21.4,0.8712410722429512,0.4906524206074935,0.014113687999931773,0.21536952158209666,-0.48182423760805376,0.8493675014921098,0.21545359468448858,0.13955211639404297,0.09372511984718897,-0.19451233781191715,0.9764120812180542,0.8071276631090741,0.0,0.0,0.0,1.0,0.1428568959236145,0.95332115888595581,0.26602789759635925,-0.16510511934757233,0.97102946043014526,-0.18701913952827454,0.1487477570772171,0.2037380039691925,0.19155667722225189,0.23707127571105957,-0.95241981744766235,0.8283536434173584,0,0,0,1
21.433333333333334,0.8712410722429512,0.4906524206074935,0.014113687999931773,0.21624945967991696,-0.48182423760805376,0.8493675014921098,0.21545359468448858,0.13955211639404297,0.09372511984718897,-0.19451233781191715,0.9764120812180542,0.8075927089084648,0.0,0.0,0.0,1.0,0.1428568959236145,0.95332115888595581,0.26602789759635925,-0.16510511934757233,0.97102946043014526,-0.18701913952827454,0.1487477570772171,0.2037380039691925,0.19155667722225189,0.23707127571105957,-0.95241981744766235,0.8283536434173584,0,0,0,1
21.466666666666665,0.8712410722429512,0.4906524206074935,0.014113687999931773,0.21711348748595663,-0.48182423760805376,0.8493675014921098,0.21545359468448858,0.13955211639404297,0.09372511984718897,-0.19451233781191715,0.9764120812180542,0.808086687250011,0.0,0.0,0.0,1.0,0.1428568959236145,0.95332115888595581,0.26602789759635925,-0.16510511934757233,0.97102946043014526,-0.18701913952827454,0.1487477570772171,0.2037380039691925,0.19155667722225189,0.23707127571105957,-0.95241981744766235,0.8283536434173584,0,0,0,1
21.5,0.8712410722429512,0.4906524206074935,0.014113687999931773,0.2179606540333064,-0.48182423760805376,0.8493675014921098,0.21545359468448858,0.13955211639404297,0.09372511984718897,-0.19451233781191715,0.9764120812180542,0.8086090544509129,0.0,0.0,0.0,1.0,0.1428568959236145,0.95332115888595581,0.26602789759635925,-0.16510511934757233,0.97102946043014526,-0.18701913952827454,0.1487477570772171,0.2037380039691925,0.19155667722225189,0.23707127571105957,-0.95241981744766235,0.8283536434173584,0,0,0,1
21.533333333333335,0.8712410722429512,0.4906524206074935,0.014113687999931773,0.2187900269129075,-0.48182423760805376,0.8493675014921098,0.21545359468448858,0.13955211639404297,0.09372511984718897,-0.19451233781191715,0.9764120812180542,0.8091592355830036,0.0,0.0,0.0,1.0,0.1428568959236145,0.95332115888595581,0.26602789759635925,-0.16510511934757233,0.97102946043014526,-0.18701913952827454,0.1487477570772171,0.2037380039691925,0.19155667722225189,0.23707127571105957,-0.95241981744766235,0.8283536434173584,0,0,0,1
21.566666666666666,0.8712410722429512,0.4906524206074935,0.014113687999931773,0.21960069329978088,-0.48182423760805376,0.8493675014921098,0.21545359468448858,0.13955211639404297,0.09372511984718897,-0.19451233781191715,0.9764120812180542,0.8097366251055274,0.0,0.0,0.0,1.0,0.1428568959236145,0.95332115888595581,0.26602789759635925,-0.16510511934757233,0.97102946043014526,-0.18701913952827454,0.1487477570772171,0.2037380039691925,0.19155667722225189,0.23707127571105957,-0.95241981744766235,0.8283536434173584,0,0,0,1
21.6,0.8712410722429512,0.4906524206074935,0.014113687999931773,0.220391760957701,-0.48182423760805376,0.8493675014921098,0.21545359468448858,0.13955211639404297,0.09372511984718897,-0.19451233781191715,0.9764120812180542,0.8103405875316099,0.0,0.0,0.0,1.0,0.1428568959236145,0.95332115888595581,0.26602789759635925,-0.16510511934757233,0.97102946043014526,-0.18701913952827454,0.1487477570772171,0.2037380039691925,0.19155667722225189,0.23707127571105957,-0.95241981744766235,0.8283536434173584,0,0,0,1
21.633333333333333,0.8712410722429512,0.4906524206074935,0.014113687999931773,0.22116235922120936,-0.48182423760805376,0.8493675014921098,0.21545359468448858,0.13955211639404297,0.09372511984718897,-0.19451233781191715,0.9764120812180542,0.8109704581276884,0.0,0.0,0.0,1.0,0.1428568959236145,0.95332115888595581,0.26602789759635925,-0.16510511934757233,0.97102946043014526,-0.18701913952827454,0.1487477570772171,0.2037380039691925,0.19155667722225189,0.23707127571105957,-0.95241981744766235,0.8283536434173584,0,0,0,1
21.666666666666668,0.8712410722429512,0.4906524206074935,0.014113687999931773,0.22191163995388752,-0.48182423760805376,0.8493675014921098,0.21545359468448858,0.13955211639404297,0.09372511984718897,-0.19451233781191715,0.9764120812180542,0.8116255436451317,0.0,0.0,0.0,1.0,0.1428568959236145,0.95332115888595581,0.26602789759635925,-0.16510511934757233,0.97102946043014526,-0.18701913952827454,0.1487477570772171,0.2037380039691925,0.19155667722225189,0.23707127571105957,-0.95241981744766235,0.8283536434173584,0,0,0,1
21.7,0.8712410722429512,0.4906524206074935,0.014113687999931773,0.22263877848183292,-0.48182423760805376,0.8493675014921098,0.21545359468448858,0.13955211639404297,0.09372511984718897,-0.19451233781191715,0.9764120812180542,0.8123051230832432,0.0,0.0,0.0,1.0,0.1428568959236145,0.95332115888595581,0.26602789759635925,-0.16510511934757233,0.97102946043014526,-0.18701913952827454,0.1487477570772171,0.2037380039691925,0.19155667722225189,0.23707127571105957,-0.95241981744766235,0.8283536434173584,0,0,0,1
21.733333333333334,0.8712410722429512,0.4906524206074935,0.014113687999931773,0.2233429745013126,-0.48182423760805376,0.8493675014921098,0.21545359468448858,0.13955211639404297,0.09372511984718897,-0.19451233781191715,0.9764120812180542,0.8130084484828097,0.0,0.0,0.0,1.0,0.1428568959236145,0.95332115888595581,0.26602789759635925,-0.16510511934757233,0.97102946043014526,-0.18701913952827454,0.1487477570772171,0.2037380039691925,0.19155667722225189,0.23707127571105957,-0.95241981744766235,0.8283536434173584,0,0,0,1
21.766666666666666,0.8712410722429512,0.4906524206074935,0.014113687999931773,0.22402345295959386,-0.48182423760805376,0.8493675014921098,0.21545359468448858,0.13955211639404297,0.09372511984718897,-0.19451233781191715,0.9764120812180542,0.813734745749321,0.0,0.0,0.0,1.0,0.1428568959236145,0.95332115888595581,0.26602789759635925,-0.16510511934757233,0.97102946043014526,-0.18701913952827454,0.1487477570772171,0.2037380039691925,0.19155667722225189,0.23707127571105957,-0.95241981744766235,0.8283536434173584,0,0,0,1
21.8,0.8712410722429512,0.4906524206074935,0.014113687999931773,0.22467946490798327,-0.48182423760805376,0.8493675014921098,0.21545359468448858,0.13955211639404297,0.09372511984718897,-0.19451233781191715,0.9764120812180542,0.8144832155049537,0.0,0.0,0.0,1.0,0.1428568959236145,0.95332115888595581,0.26602789759635925,-0.16510511934757233,0.97102946043014526,-0.18701913952827454,0.1487477570772171,0.2037380039691925,0.19155667722225189,0.23707127571105957,-0.95241981744766235,0.8283536434173584,0,0,0,1
21.833333333333332,0.8712410722429512,0.4906524206074935,0.014113687999931773,0.2253102883261353,-0.48182423760805376,0.8493675014921098,0.21545359468448858,0.13955211639404297,0.09372511984718897,-0.19451233781191715,0.9764120812180542,0.8152530339683836,0.0,0.0,0.0,1.0,0.1428568959236145,0.95332115888595581,0.26602789759635925,-0.16510511934757233,0.97102946043014526,-0.18701913952827454,0.1487477570772171,0.2037380039691925,0.19155667722225189,0.23707127571105957,-0.95241981744766235,0.8283536434173584,0,0,0,1
21.866666666666667,0.8712410722429512,0.4906524206074935,0.014113687999931773,0.22591522891672286,-0.48182423760805376,0.8493675014921098,0.21545359468448858,0.13955211639404297,0.09372511984718897,-0.19451233781191715,0.9764120812180542,0.8160433538614561,0.0,0.0,0.0,1.0,0.1428568959236145,0.95332115888595581,0.26602789759635925,-0.16510511934757233,0.97102946043014526,-0.18701913952827454,0.1487477570772171,0.2037380039691925,0.19155667722225189,0.23707127571105957,-0.95241981744766235,0.8283536434173584,0,0,0,1
21.9,0.8712410722429512,0.4906524206074935,0.014113687999931773,0.22649362086959518,-0.48182423760805376,0.8493675014921098,0.21545359468448858,0.13955211639404297,0.09372511984718897,-0.19451233781191715,0.9764120812180542,0.8168533053417184,0.0,0.0,0.0,1.0,0.1428568959236145,0.95332115888595581,0.26602789759635925,-0.16510511934757233,0.97102946043014526,-0.18701913952827454,0.1487477570772171,0.2037380039691925,0.19155667722225189,0.23707127571105957,-0.95241981744766235,0.8283536434173584,0,0,0,1
21.933333333333334,0.8712410722429512,0.4906524206074935,0.014113687999931773,0.22704482759458233,-0.48182423760805376,0.8493675014921098,0.21545359468448858,0.13955211639404297,0.09372511984718897,-0.19451233781191715,0.9764120812180542,0.8176819969597859,0.0,0.0,0.0,1.0,0.1428568959236145,0.95332115888595581,0.26602789759635925,-0.16510511934757233,0.97102946043014526,-0.18701913952827454,0.1487477570772171,0.2037380039691925,0.19155667722225189,0.23707127571105957,-0.95241981744766235,0.8283536434173584,0,0,0,1
21.966666666666665,0.8712410722429512,0.4906524206074935,0.014113687999931773,0.2275682424221397,-0.48182423760805376,0.8493675014921098,0.21545359468448858,0.13955211639404297,0.09372511984718897,-0.19451233781191715,0.9764120812180542,0.8185285166404902,0.0,0.0,0.0,1.0,0.1428568959236145,0.95332115888595581,0.26602789759635925,-0.16510511934757233,0.97102946043014526,-0.18701913952827454,0.1487477570772171,0.2037380039691925,0.19155667722225189,0.23707127571105957,-0.95241981744766235,0.8283536434173584,0,0,0,1
22.0,0.8712410722429512,0.4906524206074935,0.014113687999931773,0.22806328927106084,-0.48182423760805376,0.8493675014921098,0.21545359468448858,0.13955211639404297,0.09372511984718897,-0.19451233781191715,0.9764120812180542,0.8193919326867274,0.0,0.0,0.0,1.0,0.1428568959236145,0.95332115888595581,0.26602789759635925,-0.16510511934757233,0.97102946043014526,-0.18701913952827454,0.1487477570772171,0.2037380039691925,0.19155667722225189,0.23707127571105957,-0.95241981744766235,0.8283536434173584,0,0,0,1
22.033333333333335,0.8712410722429512,0.4906524206074935,0.014113687999931773,0.22852942328252449,-0.48182423760805376,0.8493675014921098,0.21545359468448858,0.13955211639404297,0.09372511984718897,-0.19451233781191715,0.9764120812180542,0.8202712948049036,0.0,0.0,0.0,1.0,0.1428568959236145,0.95332115888595581,0.26602789759635925,-0.16510511934757233,0.97102946043014526,-0.18701913952827454,0.1487477570772171,0.2037380039691925,0.19155667722225189,0.23707127571105957,-0.95241981744766235,0.8283536434173584,0,0,0,1
22.066666666666666,0.8712410722429512,0.4906524206074935,0.014113687999931773,0.22896613141977754,-0.48182423760805376,0.8493675014921098,0.21545359468448858,0.13955211639404297,0.09372511984718897,-0.19451233781191715,0.9764120812180542,0.8211656351508477,0.0,0.0,0.0,1.0,0.1428568959236145,0.95332115888595581,0.26602789759635925,-0.16510511934757233,0.97102946043014526,-0.18701913952827454,0.1487477570772171,0.2037380039691925,0.19155667722225189,0.23707127571105957,-0.95241981744766235,0.8283536434173584,0,0,0,1
22.1,0.8712410722429512,0.4906524206074935,0.014113687999931773,0.22937293303279385,-0.48182423760805376,0.8493675014921098,0.21545359468448858,0.13955211639404297,0.09372511984718897,-0.19451233781191715,0.9764120812180542,0.8220739693950408,0.0,0.0,0.0,1.0,0.1428568959236145,0.95332115888595581,0.26602789759635925,-0.16510511934757233,0.97102946043014526,-0.18701913952827454,0.1487477570772171,0.2037380039691925,0.19155667722225189,0.23707127571105957,-0.95241981744766235,0.8283536434173584,0,0,0,1
22.133333333333333,0.8712410722429512,0.4906524206074935,0.014113687999931773,0.22974938038728757,-0.48182423760805376,0.8493675014921098,0.21545359468448858,0.13955211639404297,0.09372511984718897,-0.19451233781191715,0.9764120812180542,0.8229952978059896,0.0,0.0,0.0,1.0,0.1428568959236145,0.95332115888595581,0.26602789759635925,-0.16510511934757233,0.97102946043014526,-0.18701913952827454,0.1487477570772171,0.2037380039691925,0.19155667722225189,0.23707127571105957,-0.95241981744766235,0.8283536434173584,0,0,0,1
22.166666666666668,0.8712410722429512,0.4906524206074935,0.014113687999931773,0.2300950591574989,-0.48182423760805376,0.8493675014921098,0.21545359468448858,0.13955211639404297,0.09372511984718897,-0.19451233781191715,0.9764120812180542,0.8239286063505512,0.0,0.0,0.0,1.0,0.1428568959236145,0.95332115888595581,0.26602789759635925,-0.16510511934757233,0.97102946043014526,-0.18701913952827454,0.1487477570772171,0.2037380039691925,0.19155667722225189,0.23707127571105957,-0.95241981744766235,0.8283536434173584,0,0,0,1
22.2,0.8712410722429512,0.4906524206074935,0.014113687999931773,0.2304095888822095,-0.48182423760805376,0.8493675014921098,0.21545359468448858,0.13955211639404297,0.09372511984718897,-0.19451233781191715,0.9764120812180542,0.8248728678099998,0.0,0.0,0.0,1.0,0.1428568959236145,0.95332115888595581,0.26602789759635925,-0.16510511934757233,0.97102946043014526,-0.18701913952827454,0.1487477570772171,0.2037380039691925,0.19155667722225189,0.23707127571105957,-0.95241981744766235,0.8283536434173584,0,0,0,1
22.233333333333334,0.8712410722429512,0.4906524206074935,0.014113687999931773,0.2306926233834861,-0.48182423760805376,0.8493675014921098,0.21545359468448858,0.13955211639404297,0.09372511984718897,-0.19451233781191715,0.9764120812180542,0.8258270429106043,0.0,0.0,0.0,1.0,0.1428568959236145,0.95332115888595581,0.26602789759635925,-0.16510511934757233,0.97102946043014526,-0.18701913952827454,0.1487477570772171,0.2037380039691925,0.19155667722225189,0.23707127571105957,-0.95241981744766235,0.8283536434173584,0,0,0,1
22.266666666666666,0.8712410722429512,0.4906524206074935,0.014113687999931773,0.230943851147691,-0.48182423760805376,0.8493675014921098,0.21545359468448858,0.13955211639404297,0.09372511984718897,-0.19451233781191715,0.9764120812180542,0.8267900814674748,0.0,0.0,0.0,1.0,0.1428568959236145,0.95332115888595581,0.26602789759635925,-0.16510511934757233,0.97102946043014526,-0.18701913952827454,0.1487477570772171,0.2037380039691925,0.19155667722225189,0.23707127571105957,-0.95241981744766235,0.8283536434173584,0,0,0,1
22.3,0.8712410722429512,0.4906524206074935,0.014113687999931773,0.23116299566834048,-0.48182423760805376,0.8493675014921098,0.21545359468448858,0.13955211639404297,0.09372511984718897,-0.19451233781191715,0.9764120812180542,0.8277609235404175,0.0,0.0,0.0,1.0,0.1428568959236145,0.95332115888595581,0.26602789759635925,-0.16510511934757233,0.97102946043014526,-0.18701913952827454,0.1487477570772171,0.2037380039691925,0.19155667722225189,0.23707127571105957,-0.95241981744766235,0.8283536434173584,0,0,0,1
22.333333333333332,0.8712410722429512,0.4906524206074935,0.014113687999931773,0.2313498157504336,-0.48182423760805376,0.8493675014921098,0.21545359468448858,0.13955211639404297,0.09372511984718897,-0.19451233781191715,0.9764120812180542,0.8287385006005276,0.0,0.0,0.0,1.0,0.1428568959236145,0.95332115888595581,0.26602789759635925,-0.16510511934757233,0.97102946043014526,-0.18701913952827454,0.1487477570772171,0.2037380039691925,0.19155667722225189,0.23707127571105957,-0.95241981744766235,0.8283536434173584,0,0,0,1
22.366666666666667,0.8712410722429512,0.4906524206074935,0.014113687999931773,0.23150410577591635,-0.48182423760805376,0.8493675014921098,0.21545359468448858,0.13955211639404297,0.09372511984718897,-0.19451233781191715,0.9764120812180542,0.8297217367062331,0.0,0.0,0.0,1.0,0.1428568959236145,0.95332115888595581,0.26602789759635925,-0.16510511934757233,0.97102946043014526,-0.18701913952827454,0.1487477570772171,0.2037380039691925,0.19155667722225189,0.23707127571105957,-0.95241981744766235,0.8283536434173584,0,0,0,1
22.4,0.8712410722429512,0.4906524206074935,0.014113687999931773,0.2316256959299892,-0.48182423760805376,0.8493675014921098,0.21545359468448858,0.13955211639404297,0.09372511984718897,-0.19451233781191715,0.9764120812180542,0.8307095496874999,0.0,0.0,0.0,1.0,0.1428568959236145,0.95332115888595581,0.26602789759635925,-0.16510511934757233,0.97102946043014526,-0.18701913952827454,0.1487477570772171,0.2037380039691925,0.19155667722225189,0.23707127571105957,-0.95241981744766235,0.8283536434173584,0,0,0,1
22.433333333333334,0.8712410722429512,0.4906524206074935,0.014113687999931773,0.23171445238800875,-0.48182423760805376,0.8493675014921098,0.21545359468448858,0.13955211639404297,0.09372511984718897,-0.19451233781191715,0.9764120812180542,0.8317008523368892,0.0,0.0,0.0,1.0,0.1428568959236145,0.95332115888595581,0.26602789759635925,-0.16510511934757233,0.97102946043014526,-0.18701913952827454,0.1487477570772171,0.2037380039691925,0.19155667722225189,0.23707127571105957,-0.95241981744766235,0.8283536434173584,0,0,0,1
22.466666666666665,0.8712410722429512,0.4906524206074935,0.014113687999931773,0.23176816204700262,-0.48182423760805376,0.8493675014921098,0.21545359468448858,0.13955211639404297,0.09372511984718897,-0.19451233781191715,0.9764120812180542,0.8326422257928059,0.0,0.0,0.0,1.0,0.1428568959236145,0.95332115888595581,0.26602789759635925,-0.16510511934757233,0.97102946043014526,-0.18701913952827454,0.1487477570772171,0.2037380039691925,0.19155667722225189,0.23707127571105957,-0.95241981744766235,0.8283536434173584,0,0,0,1
22.5,0.8712410722429512,0.4906524206074935,0.014113687999931773,0.2317886672150723,-0.48182423760805376,0.8493675014921098,0.21545359468448858,0.13955211639404297,0.09372511984718897,-0.19451233781191715,0.9764120812180542,0.8333298561083299,0.0,0.0,0.0,1.0,0.1428568959236145,0.95332115888595581,0.26602789759635925,-0.16510511934757233,0.97102946043014526,-0.18701913952827454,0.1487477570772171,0.2037380039691925,0.19155667722225189,0.23707127571105957,-0.95241981744766235,0.8283536434173584,0,0,0,1
22.533333333333335,0.8712410722429512,0.4906524206074935,0.014113687999931773,0.23179339984056535,-0.48182423760805376,0.8493675014921098,0.21545359468448858,0.13955211639404297,0.09372511984718897,-0.19451233781191715,0.9764120812180542,0.833742596352552,0.0,0.0,0.0,1.0,0.1428568959236145,0.95332115888595581,0.26602789759635925,-0.16510511934757233,0.97102946043014526,-0.18701913952827454,0.1487477570772171,0.2037380039691925,0.19155667722225189,0.23707127571105957,-0.95241981744766235,0.8283536434173584,0,0,0,1
22.566666666666666,0.8712410722429512,0.4906524206074935,0.014113687999931773,0.23179371535778046,-0.48182423760805376,0.8493675014921098,0.21545359468448858,0.13955211639404297,0.09372511984718897,-0.19451233781191715,0.9764120812180542,0.8338801860809326,0.0,0.0,0.0,1.0,0.1428568959236145,0.95332115888595581,0.26602789759635925,-0.16510511934757233,0.97102946043014526,-0.18701913952827454,0.1487477570772171,0.2037380039691925,0.19155667722225189,0.23707127571105957,-0.95241981744766235,0.8283536434173584,0,0,0,1
22.6,0.8712410722429512,0.4906524206074935,0.014113687999931773,0.23165807521937215,-0.48182423760805376,0.8493675014921098,0.21545359468448858,0.13955211639404297,0.09372511984718897,-0.19451233781191715,0.9764120812180542,0.8338801860809326,0.0,0.0,0.0,1.0,0.1428568959236145,0.95332115888595581,0.26602789759635925,-0.16510511934757233,0.97102946043014526,-0.18701913952827454,0.1487477570772171,0.2037380039691925,0.19155667722225189,0.23707127571105957,-0.95241981744766235,0.8283536434173584,0,0,0,1
22.633333333333333,0.8712410722429512,0.4906524206074935,0.014113687999931773,0.23125115480414724,-0.48182423760805376,0.8493675014921098,0.21545359468448858,0.13955211639404297,0.09372511984718897,-0.19451233781191715,0.9764120812180542,0.8338801860809326,0.0,0.0,0.0,1.0,0.1428568959236145,0.95332115888595581,0.26602789759635925,-0.16510511934757233,0.97102946043014526,-0.18701913952827454,0.1487477570772171,0.2037380039691925,0.19155667722225189,0.23707127571105957,-0.95241981744766235,0.8283536434173584,0,0,0,1
22.666666666666668,0.8712410722429512,0.4906524206074935,0.014113687999931773,0.2305729541121057,-0.48182423760805376,0.8493675014921098,0.21545359468448858,0.13955211639404297,0.09372511984718897,-0.19451233781191715,0.9764120812180542,0.8338801860809326,0.0,0.0,0.0,1.0,0.1428568959236145,0.95332115888595581,0.26602789759635925,-0.16510511934757233,0.97102946043014526,-0.18701913952827454,0.1487477570772171,0.2037380039691925,0.19155667722225189,0.23707127571105957,-0.95241981744766235,0.8283536434173584,0,0,0,1
22.7,0.8712410722429512,0.4906524206074935,0.014113687999931773,0.22964077418130988,-0.48182423760805376,0.8493675014921098,0.21545359468448858,0.13955211639404297,0.09372511984718897,-0.19451233781191715,0.9764120812180542,0.8338801860809326,0.0,0.0,0.0,1.0,0.1428568959236145,0.95332115888595581,0.26602789759635925,-0.16510511934757233,0.97102946043014526,-0.18701913952827454,0.1487477570772171,0.2037380039691925,0.19155667722225189,0.23707127571105957,-0.95241981744766235,0.8283536434173584,0,0,0,1
22.733333333333334,0.8712410722429512,0.4906524206074935,0.014113687999931773,0.22865253888719222,-0.48182423760805376,0.8493675014921098,0.21545359468448858,0.13955211639404297,0.09372511984718897,-0.19451233781191715,0.9764120812180542,0.8338801860809326,0.0,0.0,0.0,1.0,0.1428568959236145,0.95332115888595581,0.26602789759635925,-0.16510511934757233,0.97102946043014526,-0.18701913952827454,0.1487477570772171,0.2037380039691925,0.19155667722225189,0.23707127571105957,-0.95241981744766235,0.8283536434173584,0,0,0,1
22.766666666666666,0.8712410722429512,0.4906524206074935,0.014113687999931773,0.22766430359307457,-0.48182423760805376,0.8493675014921098,0.21545359468448858,0.13955211639404297,0.09372511984718897,-0.19451233781191715,0.9764120812180542,0.8338801860809326,0.0,0.0,0.0,1.0,0.1428568959236145,0.95332115888595581,0.26602789759635925,-0.16510511934757233,0.97102946043014526,-0.18701913952827454,0.1487477570772171,0.2037380039691925,0.19155667722225189,0.23707127571105957,-0.95241981744766235,0.8283536434173584,0,0,0,1
22.8,0.8712410722429512,0.4906524206074935,0.014113687999931773,0.22667606829895692,-0.48182423760805376,0.8493675014921098,0.21545359468448858,0.13955211639404297,0.09372511984718897,-0.19451233781191715,0.9764120812180542,0.8338801860809326,0.0,0.0,0.0,1.0,0.1428568959236145,0.95332115888595581,0.26602789759635925,-0.16510511934757233,0.97102946043014526,-0.18701913952827454,0.1487477570772171,0.2037380039691925,0.19155667722225189,0.23707127571105957,-0.95241981744766235,0.8283536434173584,0,0,0,1
22.833333333333332,0.8712410722429512,0.4906524206074935,0.014113687999931773,0.22568783300483927,-0.48182423760805376,0.8493675014921098,0.21545359468448858,0.13955211639404297,0.09372511984718897,-0.19451233781191715,0.9764120812180542,0.8338801860809326,0.0,0.0,0.0,1.0,0.1428568959236145,0.95332115888595581,0.26602789759635925,-0.16510511934757233,0.97102946043014526,-0.18701913952827454,0.1487477570772171,0.2037380039691925,0.19155667722225189,0.23707127571105957,-0.95241981744766235,0.8283536434173584,0,0,0,1
22.866666666666667,0.8712410722429512,0.4906524206074935,0.014113687999931773,0.22469959771072162,-0.48182423760805376,0.8493675014921098,0.21545359468448858,0.13955211639404297,0.09372511984718897,-0.19451233781191715,0.9764120812180542,0.8338801860809326,0.0,0.0,0.0,1.0,0.1428568959236145,0.95332115888595581,0.26602789759635925,-0.16510511934757233,0.97102946043014526,-0.18701913952827454,0.1487477570772171,0.2037380039691925,0.19155667722225189,0.23707127571105957,-0.95241981744766235,0.8283536434173584,0,0,0,1
22.9,0.8712410722429512,0.4906524206074935,0.014113687999931773,0.223711362416604,-0.48182423760805376,0.8493675014921098,0.21545359468448858,0.13955211639404297,0.09372511984718897,-0.19451233781191715,0.9764120812180542,0.8338801860809326,0.0,0.0,0.0,1.0,0.1428568959236145,0.95332115888595581,0.26602789759635925,-0.16510511934757233,0.97102946043014526,-0.18701913952827454,0.1487477570772171,0.2037380039691925,0.19155667722225189,0.23707127571105957,-0.95241981744766235,0.8283536434173584,0,0,0,1
22.933333333333334,0.8712410722429512,0.4906524206074935,0.014113687999931773,0.22272312712248632,-0.48182423760805376,0.8493675014921098,0.21545359468448858,0.13955211639404297,0.09372511984718897,-0.19451233781191715,0.9764120812180542,0.8338801860809326,0.0,0.0,0.0,1.0,0.1428568959236145,0.95332115888595581,0.26602789759635925,-0.16510511934757233,0.97102946043014526,-0.18701913952827454,0.1487477570772171,0.2037380039691925,0.19155667722225189,0.23707127571105957,-0.95241981744766235,0.8283536434173584,0,0,0,1
22.966666666666665,0.8712410722429512,0.4906524206074935,0.014113687999931773,0.2217348918283687,-0.48182423760805376,0.8493675014921098,0.21545359468448858,0.13955211639404297,0.09372511984718897,-0.19451233781191715,0.9764120812180542,0.8338801860809326,0.0,0.0,0.0,1.0,0.1428568959236145,0.95332115888595581,0.26602789759635925,-0.16510511934757233,0.97102946043014526,-0.18701913952827454,0.1487477570772171,0.2037380039691925,0.19155667722225189,0.23707127571105957,-0.95241981744766235,0.8283536434173584,0,0,0,1
23.0,0.8712410722429512,0.4906524206074935,0.014113687999931773,0.22074665653425105,-0.48182423760805376,0.8493675014921098,0.21545359468448858,0.13955211639404297,0.09372511984718897,-0.19451233781191715,0.9764120812180542,0.8338801860809326,0.0,0.0,0.0,1.0,0.1428568959236145,0.95332115888595581,0.26602789759635925,-0.16510511934757233,0.97102946043014526,-0.18701913952827454,0.1487477570772171,0.2037380039691925,0.19155667722225189,0.23707127571105957,-0.95241981744766235,0.8283536434173584,0,0,0,1
23.033333333333335,0.8712410722429512,0.4906524206074935,0.014113687999931773,0.2197584212401334,-0.48182423760805376,0.8493675014921098,0.21545359468448858,0.13955211639404297,0.09372511984718897,-0.19451233781191715,0.9764120812180542,0.8338801860809326,0.0,0.0,0.0,1.0,0.1428568959236145,0.95332115888595581,0.26602789759635925,-0.16510511934757233,0.97102946043014526,-0.18701913952827454,0.1487477570772171,0.2037380039691925,0.19155667722225189,0.23707127571105957,-0.95241981744766235,0.8283536434173584,0,0,0,1
23.066666666666666,0.8712410722429512,0.4906524206074935,0.014113687999931773,0.21877018594601574,-0.48182423760805376,0.8493675014921098,0.21545359468448858,0.13955211639404297,0.09372511984718897,-0.19451233781191715,0.9764120812180542,0.8338801860809326,0.0,0.0,0.0,1.0,0.1428568959236145,0.95332115888595581,0.26602789759635925,-0.16510511934757233,0.97102946043014526,-0.18701913952827454,0.1487477570772171,0.2037380039691925,0.19155667722225189,0.23707127571105957,-0.95241981744766235,0.8283536434173584,0,0,0,1
23.1,0.8712410722429512,0.4906524206074935,0.014113687999931773,0.2177819506518981,-0.48182423760805376,0.8493675014921098,0.21545359468448858,0.13955211639404297,0.09372511984718897,-0.19451233781191715,0.9764120812180542,0.8338801860809326,0.0,0.0,0.0,1.0,0.1428568959236145,0.95332115888595581,0.26602789759635925,-0.16510511934757233,0.97102946043014526,-0.18701913952827454,0.1487477570772171,0.2037380039691925,0.19155667722225189,0.23707127571105957,-0.95241981744766235,0.8283536434173584,0,0,0,1
23.133333333333333,0.8712410722429512,0.4906524206074935,0.014113687999931773,0.21679371535778044,-0.48182423760805376,0.8493675014921098,0.21545359468448858,0.13955211639404297,0.09372511984718897,-0.19451233781191715,0.9764120812180542,0.8338801860809326,0.0,0.0,0.0,1.0,0.1428568959236145,0.95332115888595581,0.26602789759635925,-0.16510511934757233,0.97102946043014526,-0.18701913952827454,0.1487477570772171,0.2037380039691925,0.19155667722225189,0.23707127571105957,-0.95241981744766235,0.8283536434173584,0,0,0,1
23.166666666666668,0.8712410722429512,0.4906524206074935,0.014113687999931773,0.2158054800636628,-0.48182423760805376,0.8493675014921098,0.21545359468448858,0.13955211639404297,0.09372511984718897,-0.19451233781191715,0.9764120812180542,0.8338801860809326,0.0,0.0,0.0,1.0,0.1428568959236145,0.95332115888595581,0.26602789759635925,-0.16510511934757233,0.97102946043014526,-0.18701913952827454,0.1487477570772171,0.2037380039691925,0.19155667722225189,0.23707127571105957,-0.95241981744766235,0.8283536434173584,0,0,0,1
23.2,0.8712410722429512,0.4906524206074935,0.014113687999931773,0.21481724476954517,-0.48182423760805376,0.8493675014921098,0.21545359468448858,0.13955211639404297,0.09372511984718897,-0.19451233781191715,0.9764120812180542,0.8338801860809326,0.0,0.0,0.0,1.0,0.1428568959236145,0.95332115888595581,0.26602789759635925,-0.16510511934757233,0.97102946043014526,-0.18701913952827454,0.1487477570772171,0.2037380039691925,0.19155667722225189,0.23707127571105957,-0.95241981744766235,0.8283536434173584,0,0,0,1
23.233333333333334,0.8712410722429512,0.4906524206074935,0.014113687999931773,0.21382900947542752,-0.48182423760805376,0.8493675014921098,0.21545359468448858,0.13955211639404297,0.09372511984718897,-0.19451233781191715,0.9764120812180542,0.8338801860809326,0.0,0.0,0.0,1.0,0.1428568959236145,0.95332115888595581,0.26602789759635925,-0.16510511934757233,0.97102946043014526,-0.18701913952827454,0.1487477570772171,0.2037380039691925,0.19155667722225189,0.23707127571105957,-0.95241981744766235,0.8283536434173584,0,0,0,1
23.266666666666666,0.8712410722429512,0.4906524206074935,0.014113687999931773,0.21284077418130987,-0.48182423760805376,0.8493675014921098,0.21545359468448858,0.13955211639404297,0.09372511984718897,-0.19451233781191715,0.9764120812180542,0.8338801860809326,0.0,0.0,0.0,1.0,0.1428568959236145,0.95332115888595581,0.26602789759635925,-0.16510511934757233,0.97102946043014526,-0.18701913952827454,0.1487477570772171,0.2037380039691925,0.19155667722225189,0.23707127571105957,-0.95241981744766235,0.8283536434173584,0,0,0,1
23.3,0.8712410722429512,0.4906524206074935,0.014113687999931773,0.21185253888719222,-0.48182423760805376,0.8493675014921098,0.21545359468448858,0.13955211639404297,0.09372511984718897,-0.19451233781191715,0.9764120812180542,0.8338801860809326,0.0,0.0,0.0,1.0,0.1428568959236145,0.95332115888595581,0.26602789759635925,-0.16510511934757233,0.97102946043014526,-0.18701913952827454,0.1487477570772171,0.2037380039691925,0.19155667722225189,0.23707127571105957,-0.95241981744766235,0.8283536434173584,0,0,0,1
23.333333333333332,0.8712410722429512,0.4906524206074935,0.014113687999931773,0.21086430359307456,-0.48182423760805376,0.8493675014921098,0.21545359468448858,0.13955211639404297,0.09372511984718897,-0.19451233781191715,0.9764120812180542,0.8338801860809326,0.0,0.0,0.0,1.0,0.1428568959236145,0.95332115888595581,0.26602789759635925,-0.16510511934757233,0.97102946043014526,-0.18701913952827454,0.1487477570772171,0.2037380039691925,0.19155667722225189,0.23707127571105957,-0.95241981744766235,0.8283536434173584,0,0,0,1
23.366666666666667,0.8712410722429512,0.4906524206074935,0.014113687999931773,0.2098760682989569,-0.48182423760805376,0.8493675014921098,0.21545359468448858,0.13955211639404297,0.09372511984718897,-0.19451233781191715,0.9764120812180542,0.8338801860809326,0.0,0.0,0.0,1.0,0.1428568959236145,0.95332115888595581,0.26602789759635925,-0.16510511934757233,0.97102946043014526,-0.18701913952827454,0.1487477570772171,0.2037380039691925,0.19155667722225189,0.23707127571105957,-0.95241981744766235,0.8283536434173584,0,0,0,1
23.4,0.8712410722429512,0.4906524206074935,0.014113687999931773,0.20888783300483926,-0.48182423760805376,0.8493675014921098,0.21545359468448858,0.13955211639404297,0.09372511984718897,-0.19451233781191715,0.9764120812180542,0.8338801860809326,0.0,0.0,0.0,1.0,0.1428568959236145,0.95332115888595581,0.26602789759635925,-0.16510511934757233,0.97102946043014526,-0.18701913952827454,0.1487477570772171,0.2037380039691925,0.19155667722225189,0.23707127571105957,-0.95241981744766235,0.8283536434173584,0,0,0,1
23.433333333333334,0.8712410722429512,0.4906524206074935,0.014113687999931773,0.20789959771072164,-0.48182423760805376,0.8493675014921098,0.21545359468448858,0.13955211639404297,0.09372511984718897,-0.19451233781191715,0.9764120812180542,0.8338801860809326,0.0,0.0,0.0,1.0,0.1428568959236145,0.95332115888595581,0.26602789759635925,-0.16510511934757233,0.97102946043014526,-0.18701913952827454,0.1487477570772171,0.2037380039691925,0.19155667722225189,0.23707127571105957,-0.95241981744766235,0.8283536434173584,0,0,0,1
23.466666666666665,0.8712410722429512,0.4906524206074935,0.014113687999931773,0.206911362416604,-0.48182423760805376,0.8493675014921098,0.21545359468448858,0.13955211639404297,0.09372511984718897,-0.19451233781191715,0.9764120812180542,0.8338801860809326,0.0,0.0,0.0,1.0,0.1428568959236145,0.95332115888595581,0.26602789759635925,-0.16510511934757233,0.97102946043014526,-0.18701913952827454,0.1487477570772171,0.2037380039691925,0.19155667722225189,0.23707127571105957,-0.95241981744766235,0.8283536434173584,0,0,0,1
23.5,0.8712410722429512,0.4906524206074935,0.014113687999931773,0.20592312712248634,-0.48182423760805376,0.8493675014921098,0.21545359468448858,0.13955211639404297,0.09372511984718897,-0.19451233781191715,0.9764120812180542,0.8338801860809326,0.0,0.0,0.0,1.0,0.1428568959236145,0.95332115888595581,0.26602789759635925,-0.16510511934757233,0.97102946043014526,-0.18701913952827454,0.1487477570772171,0.2037380039691925,0.19155667722225189,0.23707127571105957,-0.95241981744766235,0.8283536434173584,0,0,0,1
23.533333333333335,0.8712410722429512,0.4906524206074935,0.014113687999931773,0.2049348918283687,-0.48182423760805376,0.8493675014921098,0.21545359468448858,0.13955211639404297,0.09372511984718897,-0.19451233781191715,0.9764120812180542,0.8338801860809326,0.0,0.0,0.0,1.0,0.1428568959236145,0.95332115888595581,0.26602789759635925,-0.16510511934757233,0.97102946043014526,-0.18701913952827454,0.1487477570772171,0.2037380039691925,0.19155667722225189,0.23707127571105957,-0.95241981744766235,0.8283536434173584,0,0,0,1
23.566666666666666,0.8712410722429512,0.4906524206074935,0.014113687999931773,0.20394665653425104,-0.48182423760805376,0.8493675014921098,0.21545359468448858,0.13955211639404297,0.09372511984718897,-0.19451233781191715,0.9764120812180542,0.8338801860809326,0.0,0.0,0.0,1.0,0.1428568959236145,0.95332115888595581,0.26602789759635925,-0.16510511934757233,0.97102946043014526,-0.18701913952827454,0.1487477570772171,0.2037380039691925,0.19155667722225189,0.23707127571105957,-0.95241981744766235,0.8283536434173584,0,0,0,1
23.6,0.8712410722429512,0.4906524206074935,0.014113687999931773,0.2030144766034552,-0.48182423760805376,0.8493675014921098,0.21545359468448858,0.13955211639404297,0.09372511984718897,-0.19451233781191715,0.9764120812180542,0.8338801860809326,0.0,0.0,0.0,1.0,0.1428568959236145,0.95332115888595581,0.26602789759635925,-0.16510511934757233,0.97102946043014526,-0.18701913952827454,0.1487477570772171,0.2037380039691925,0.19155667722225189,0.23707127571105957,-0.95241981744766235,0.8283536434173584,0,0,0,1
23.633333333333333,0.8712410722429512,0.4906524206074935,0.014113687999931773,0.20233627591141368,-0.48182423760805376,0.8493675014921098,0.21545359468448858,0.13955211639404297,0.09372511984718897,-0.19451233781191715,0.9764120812180542,0.8338801860809326,0.0,0.0,0.0,1.0,0.1428568959236145,0.95332115888595581,0.26602789759635925,-0.16510511934757233,0.97102946043014526,-0.18701913952827454,0.1487477570772171,0.2037380039691925,0.19155667722225189,0.23707127571105957,-0.95241981744766235,0.8283536434173584,0,0,0,1
23.666666666666668,0.8712410722429512,0.4906524206074935,0.014113687999931773,0.20192935549618876,-0.48182423760805376,0.8493675014921098,0.21545359468448858,0.13955211639404297,0.09372511984718897,-0.19451233781191715,0.9764120812180542,0.8338801860809326,0.0,0.0,0.0,1.0,0.1428568959236145,0.95332115888595581,0.26602789759635925,-0.16510511934757233,0.97102946043014526,-0.18701913952827454,0.1487477570772171,0.2037380039691925,0.19155667722225189,0.23707127571105957,-0.95241981744766235,0.8283536434173584,0,0,0,1
23.7,0.8712410722429512,0.4906524206074935,0.014113687999931773,0.20179371535778046,-0.48182423760805376,0.8493675014921098,0.21545359468448858,0.13955211639404297,0.09372511984718897,-0.19451233781191715,0.9764120812180542,0.8338801860809326,0.0,0.0,0.0,1.0,0.1428568959236145,0.95332115888595581,0.26602789759635925,-0.16510511934757233,0.97102946043014526,-0.18701913952827454,0.1487477570772171,0.2037380039691925,0.19155667722225189,0.23707127571105957,-0.95241981744766235,0.8283536434173584,0,0,0,1
23.733333333333334,0.8712410722429512,0.4906524206074935,0.014113687999931773,0.20179371535778046,-0.48182423760805376,0.8493675014921098,0.21545359468448858,0.13955211639404297,0.09372511984718897,-0.19451233781191715,0.9764120812180542,0.8338801860809326,0.0,0.0,0.0,1.0,0.1428568959236145,0.95332115888595581,0.26602789759635925,-0.16510511934757233,0.97102946043014526,-0.18701913952827454,0.1487477570772171,0.2037380039691925,0.19155667722225189,0.23707127571105957,-0.95241981744766235,0.8283536434173584,0,0,0,1
23.766666666666666,0.8712410722429512,0.4906524206074935,0.014113687999931773,0.20179371535778046,-0.48182423760805376,0.8493675014921098,0.21545359468448858,0.13955211639404297,0.09372511984718897,-0.19451233781191715,0.9764120812180542,0.8338801860809326,0.0,0.0,0.0,1.0,0.1428568959236145,0.95332115888595581,0.26602789759635925,-0.16510511934757233,0.97102946043014526,-0.18701913952827454,0.1487477570772171,0.2037380039691925,0.19155667722225189,0.23707127571105957,-0.95241981744766235,0.8283536434173584,0,0,0,1
23.8,0.8712410722429512,0.4906524206074935,0.014113687999931773,0.20179371535778046,-0.48182423760805376,0.8493675014921098,0.21545359468448858,0.13955211639404297,0.09372511984718897,-0.19451233781191715,0.9764120812180542,0.8338801860809326,0.0,0.0,0.0,1.0,0.1428568959236145,0.95332115888595581,0.26602789759635925,-0.16510511934757233,0.97102946043014526,-0.18701913952827454,0.1487477570772171,0.2037380039691925,0.19155667722225189,0.23707127571105957,-0.95241981744766235,0.8283536434173584,0,0,0,1
23.833333333333332,0.8712410722429512,0.4906524206074935,0.014113687999931773,0.20179371535778046,-0.48182423760805376,0.8493675014921098,0.21545359468448858,0.13955211639404297,0.09372511984718897,-0.19451233781191715,0.9764120812180542,0.8338801860809326,0.0,0.0,0.0,1.0,0.1428568959236145,0.95332115888595581,0.26602789759635925,-0.16510511934757233,0.97102946043014526,-0.18701913952827454,0.1487477570772171,0.2037380039691925,0.19155667722225189,0.23707127571105957,-0.95241981744766235,0.8283536434173584,0,0,0,1
23.866666666666667,0.8712410722429512,0.4906524206074935,0.014113687999931773,0.20179371535778046,-0.48182423760805376,0.8493675014921098,0.21545359468448858,0.13955211639404297,0.09372511984718897,-0.19451233781191715,0.9764120812180542,0.8338801860809326,0.0,0.0,0.0,1.0,0.1428568959236145,0.95332115888595581,0.26602789759635925,-0.16510511934757233,0.97102946043014526,-0.18701913952827454,0.1487477570772171,0.2037380039691925,0.19155667722225189,0.23707127571105957,-0.95241981744766235,0.8283536434173584,0,0,0,1
23.9,0.8712410722429512,0.4906524206074935,0.014113687999931773,0.20179371535778046,-0.48182423760805376,0.8493675014921098,0.21545359468448858,0.13955211639404297,0.09372511984718897,-0.19451233781191715,0.9764120812180542,0.8338801860809326,0.0,0.0,0.0,1.0,0.1428568959236145,0.95332115888595581,0.26602789759635925,-0.16510511934757233,0.97102946043014526,-0.18701913952827454,0.1487477570772171,0.2037380039691925,0.19155667722225189,0.23707127571105957,-0.95241981744766235,0.8283536434173584,0,0,0,1
23.933333333333334,0.8712410722429512,0.4906524206074935,0.014113687999931773,0.20179371535778046,-0.48182423760805376,0.8493675014921098,0.21545359468448858,0.13955211639404297,0.09372511984718897,-0.19451233781191715,0.9764120812180542,0.8338801860809326,0.0,0.0,0.0,1.0,0.1428568959236145,0.95332115888595581,0.26602789759635925,-0.16510511934757233,0.97102946043014526,-0.18701913952827454,0.1487477570772171,0.2037380039691925,0.19155667722225189,0.23707127571105957,-0.95241981744766235,0.8283536434173584,0,0,0,1
23.966666666666665,0.8712410722429512,0.4906524206074935,0.014113687999931773,0.20179371535778046,-0.48182423760805376,0.8493675014921098,0.21545359468448858,0.13955211639404297,0.09372511984718897,-0.19451233781191715,0.9764120812180542,0.8338801860809326,0.0,0.0,0.0,1.0,0.1428568959236145,0.95332115888595581,0.26602789759635925,-0.16510511934757233,0.97102946043014526,-0.18701913952827454,0.1487477570772171,0.2037380039691925,0.19155667722225189,0.23707127571105957,-0.95241981744766235,0.8283536434173584,0,0,0,1
24.0,0.8712410722429512,0.4906524206074935,0.014113687999931773,0.20179371535778046,-0.48182423760805376,0.8493675014921098,0.21545359468448858,0.13955211639404297,0.09372511984718897,-0.19451233781191715,0.9764120812180542,0.8338801860809326,0.0,0.0,0.0,1.0,0.1428568959236145,0.95332115888595581,0.26602789759635925,-0.16510511934757233,0.97102946043014526,-0.18701913952827454,0.1487477570772171,0.2037380039691925,0.19155667722225189,0.23707127571105957,-0.95241981744766235,0.8283536434173584,0,0,0,1
24.033333333333335,0.8712410722429512,0.4906524206074935,0.014113687999931773,0.20179371535778046,-0.48182423760805376,0.8493675014921098,0.21545359468448858,0.13955211639404297,0.09372511984718897,-0.19451233781191715,0.9764120812180542,0.8338801860809326,0.0,0.0,0.0,1.0,0.1428568959236145,0.95332115888595581,0.26602789759635925,-0.16510511934757233,0.97102946043014526,-0.18701913952827454,0.1487477570772171,0.2037380039691925,0.19155667722225189,0.23707127571105957,-0.95241981744766235,0.8283536434173584,0,0,0,1
24.066666666666666,0.8712410722429512,0.4906524206074935,0.014113687999931773,0.20179371535778046,-0.48182423760805376,0.8493675014921098,0.21545359468448858,0.13955211639404297,0.09372511984718897,-0.19451233781191715,0.9764120812180542,0.8338801860809326,0.0,0.0,0.0,1.0,0.1428568959236145,0.95332115888595581,0.26602789759635925,-0.16510511934757233,0.97102946043014526,-0.18701913952827454,0.1487477570772171,0.2037380039691925,0.19155667722225189,0.23707127571105957,-0.95241981744766235,0.8283536434173584,0,0,0,1
24.1,0.8712410722429512,0.4906524206074935,0.014113687999931773,0.20179371535778046,-0.48182423760805376,0.8493675014921098,0.21545359468448858,0.13955211639404297,0.09372511984718897,-0.19451233781191715,0.9764120812180542,0.8338801860809326,0.0,0.0,0.0,1.0,0.1428568959236145,0.95332115888595581,0.26602789759635925,-0.16510511934757233,0.97102946043014526,-0.18701913952827454,0.1487477570772171,0.2037380039691925,0.19155667722225189,0.23707127571105957,-0.95241981744766235,0.8283536434173584,0,0,0,1
24.133333333333333,0.8712410722429512,0.4906524206074935,0.014113687999931773,0.20179371535778046,-0.48182423760805376,0.8493675014921098,0.21545359468448858,0.13955211639404297,0.09372511984718897,-0.19451233781191715,0.9764120812180542,0.8338801860809326,0.0,0.0,0.0,1.0,0.1428568959236145,0.95332115888595581,0.26602789759635925,-0.16510511934757233,0.97102946043014526,-0.18701913952827454,0.1487477570772171,0.2037380039691925,0.19155667722225189,0.23707127571105957,-0.95241981744766235,0.8283536434173584,0,0,0,1
24.166666666666668,0.8712410722429512,0.4906524206074935,0.014113687999931773,0.20179371535778046,-0.48182423760805376,0.8493675014921098,0.21545359468448858,0.13955211639404297,0.09372511984718897,-0.19451233781191715,0.9764120812180542,0.8338801860809326,0.0,0.0,0.0,1.0,0.1428568959236145,0.95332115888595581,0.26602789759635925,-0.16510511934757233,0.97102946043014526,-0.18701913952827454,0.1487477570772171,0.2037380039691925,0.19155667722225189,0.23707127571105957,-0.95241981744766235,0.8283536434173584,0,0,0,1
24.2,0.8712410722429512,0.4906524206074935,0.014113687999931773,0.20179371535778046,-0.48182423760805376,0.8493675014921098,0.21545359468448858,0.13955211639404297,0.09372511984718897,-0.19451233781191715,0.9764120812180542,0.8338801860809326,0.0,0.0,0.0,1.0,0.1428568959236145,0.95332115888595581,0.26602789759635925,-0.16510511934757233,0.97102946043014526,-0.18701913952827454,0.1487477570772171,0.2037380039691925,0.19155667722225189,0.23707127571105957,-0.95241981744766235,0.8283536434173584,0,0,0,1
24.233333333333334,0.8712410722429512,0.4906524206074935,0.014113687999931773,0.20179371535778046,-0.48182423760805376,0.8493675014921098,0.21545359468448858,0.13955211639404297,0.09372511984718897,-0.19451233781191715,0.9764120812180542,0.8338801860809326,0.0,0.0,0.0,1.0,0.1428568959236145,0.95332115888595581,0.26602789759635925,-0.16510511934757233,0.97102946043014526,-0.18701913952827454,0.1487477570772171,0.2037380039691925,0.19155667722225189,0.23707127571105957,-0.95241981744766235,0.8283536434173584,0,0,0,1
24.266666666666666,0.8712410722429512,0.4906524206074935,0.014113687999931773,0.20179371535778046,-0.48182423760805376,0.8493675014921098,0.21545359468448858,0.13955211639404297,0.09372511984718897,-0.19451233781191715,0.9764120812180542,0.8338801860809326,0.0,0.0,0.0,1.0,0.1428568959236145,0.95332115888595581,0.26602789759635925,-0.16510511934757233,0.97102946043014526,-0.18701913952827454,0.1487477570772171,0.2037380039691925,0.19155667722225189,0.23707127571105957,-0.95241981744766235,0.8283536434173584,0,0,0,1
24.3,0.8712410722429512,0.4906524206074935,0.014113687999931773,0.20179371535778046,-0.48182423760805376,0.8493675014921098,0.21545359468448858,0.13955211639404297,0.09372511984718897,-0.19451233781191715,0.9764120812180542,0.8338801860809326,0.0,0.0,0.0,1.0,0.1428568959236145,0.95332115888595581,0.26602789759635925,-0.16510511934757233,0.97102946043014526,-0.18701913952827454,0.1487477570772171,0.2037380039691925,0.19155667722225189,0.23707127571105957,-0.95241981744766235,0.8283536434173584,0,0,0,1
24.333333333333332,0.8712410722429512,0.4906524206074935,0.014113687999931773,0.20179371535778046,-0.48182423760805376,0.8493675014921098,0.21545359468448858,0.13955211639404297,0.09372511984718897,-0.19451233781191715,0.9764120812180542,0.8338801860809326,0.0,0.0,0.0,1.0,0.1428568959236145,0.95332115888595581,0.26602789759635925,-0.16510511934757233,0.97102946043014526,-0.18701913952827454,0.1487477570772171,0.2037380039691925,0.19155667722225189,0.23707127571105957,-0.95241981744766235,0.8283536434173584,0,0,0,1
24.366666666666667,0.8712410722429512,0.4906524206074935,0.014113687999931773,0.20179371535778046,-0.48182423760805376,0.8493675014921098,0.21545359468448858,0.13955211639404297,0.09372511984718897,-0.19451233781191715,0.9764120812180542,0.8338801860809326,0.0,0.0,0.0,1.0,0.1428568959236145,0.95332115888595581,0.26602789759635925,-0.16510511934757233,0.97102946043014526,-0.18701913952827454,0.1487477570772171,0.2037380039691925,0.19155667722225189,0.23707127571105957,-0.95241981744766235,0.8283536434173584,0,0,0,1
24.4,0.8712410722429512,0.4906524206074935,0.014113687999931773,0.20179371535778046,-0.48182423760805376,0.8493675014921098,0.21545359468448858,0.13955211639404297,0.09372511984718897,-0.19451233781191715,0.9764120812180542,0.8338801860809326,0.0,0.0,0.0,1.0,0.1428568959236145,0.95332115888595581,0.26602789759635925,-0.16510511934757233,0.97102946043014526,-0.18701913952827454,0.1487477570772171,0.2037380039691925,0.19155667722225189,0.23707127571105957,-0.95241981744766235,0.8283536434173584,0,0,0,1
24.433333333333334,0.8712410722429512,0.4906524206074935,0.014113687999931773,0.20179371535778046,-0.48182423760805376,0.8493675014921098,0.21545359468448858,0.13955211639404297,0.09372511984718897,-0.19451233781191715,0.9764120812180542,0.8338801860809326,0.0,0.0,0.0,1.0,0.1428568959236145,0.95332115888595581,0.26602789759635925,-0.16510511934757233,0.97102946043014526,-0.18701913952827454,0.1487477570772171,0.2037380039691925,0.19155667722225189,0.23707127571105957,-0.95241981744766235,0.8283536434173584,0,0,0,1
24.466666666666665,0.8712410722429512,0.4906524206074935,0.014113687999931773,0.20179371535778046,-0.48182423760805376,0.8493675014921098,0.21545359468448858,0.13955211639404297,0.09372511984718897,-0.19451233781191715,0.9764120812180542,0.8338801860809326,0.0,0.0,0.0,1.0,0.1428568959236145,0.95332115888595581,0.26602789759635925,-0.16510511934757233,0.97102946043014526,-0.18701913952827454,0.1487477570772171,0.2037380039691925,0.19155667722225189,0.23707127571105957,-0.95241981744766235,0.8283536434173584,0,0,0,1
24.5,0.8712410722429512,0.4906524206074935,0.014113687999931773,0.20179371535778046,-0.48182423760805376,0.8493675014921098,0.21545359468448858,0.13955211639404297,0.09372511984718897,-0.19451233781191715,0.9764120812180542,0.8338801860809326,0.0,0.0,0.0,1.0,0.1428568959236145,0.95332115888595581,0.26602789759635925,-0.16510511934757233,0.97102946043014526,-0.18701913952827454,0.1487477570772171,0.2037380039691925,0.19155667722225189,0.23707127571105957,-0.95241981744766235,0.8283536434173584,0,0,0,1
24.533333333333335,0.8712410722429512,0.4906524206074935,0.014113687999931773,0.20179371535778046,-0.48182423760805376,0.8493675014921098,0.21545359468448858,0.13955211639404297,0.09372511984718897,-0.19451233781191715,0.9764120812180542,0.8338801860809326,0.0,0.0,0.0,1.0,0.1428568959236145,0.95332115888595581,0.26602789759635925,-0.16510511934757233,0.97102946043014526,-0.18701913952827454,0.1487477570772171,0.2037380039691925,0.19155667722225189,0.23707127571105957,-0.95241981744766235,0.8283536434173584,0,0,0,1
24.566666666666666,0.8712410722429512,0.4906524206074935,0.014113687999931773,0.20179371535778046,-0.48182423760805376,0.8493675014921098,0.21545359468448858,0.13955211639404297,0.09372511984718897,-0.19451233781191715,0.9764120812180542,0.8338801860809326,0.0,0.0,0.0,1.0,0.1428568959236145,0.95332115888595581,0.26602789759635925,-0.16510511934757233,0.97102946043014526,-0.18701913952827454,0.1487477570772171,0.2037380039691925,0.19155667722225189,0.23707127571105957,-0.95241981744766235,0.8283536434173584,0,0,0,1
24.6,0.8712410722429512,0.4906524206074935,0.014113687999931773,0.20179371535778046,-0.48182423760805376,0.8493675014921098,0.21545359468448858,0.13955211639404297,0.09372511984718897,-0.19451233781191715,0.9764120812180542,0.8338801860809326,0.0,0.0,0.0,1.0,0.1428568959236145,0.95332115888595581,0.26602789759635925,-0.16510511934757233,0.97102946043014526,-0.18701913952827454,0.1487477570772171,0.2037380039691925,0.19155667722225189,0.23707127571105957,-0.95241981744766235,0.8283536434173584,0,0,0,1
24.633333333333333,0.8712410722429512,0.4906524206074935,0.014113687999931773,0.20179371535778046,-0.48182423760805376,0.8493675014921098,0.21545359468448858,0.13955211639404297,0.09372511984718897,-0.19451233781191715,0.9764120812180542,0.8338801860809326,0.0,0.0,0.0,1.0,0.1428568959236145,0.95332115888595581,0.26602789759635925,-0.16510511934757233,0.97102946043014526,-0.18701913952827454,0.1487477570772171,0.2037380039691925,0.19155667722225189,0.23707127571105957,-0.95241981744766235,0.8283536434173584,0,0,0,1
24.666666666666668,0.8712410722429512,0.4906524206074935,0.014113687999931773,0.20179371535778046,-0.48182423760805376,0.8493675014921098,0.21545359468448858,0.13955211639404297,0.09372511984718897,-0.19451233781191715,0.9764120812180542,0.8338801860809326,0.0,0.0,0.0,1.0,0.1428568959236145,0.95332115888595581,0.26602789759635925,-0.16510511934757233,0.97102946043014526,-0.18701913952827454,0.1487477570772171,0.2037380039691925,0.19155667722225189,0.23707127571105957,-0.95241981744766235,0.8283536434173584,0,0,0,1
24.7,0.8712410722429512,0.4906524206074935,0.014113687999931773,0.20179371535778046,-0.48182423760805376,0.8493675014921098,0.21545359468448858,0.13955211639404297,0.09372511984718897,-0.19451233781191715,0.9764120812180542,0.8338801860809326,0.0,0.0,0.0,1.0,0.1428568959236145,0.95332115888595581,0.26602789759635925,-0.16510511934757233,0.97102946043014526,-0.18701913952827454,0.1487477570772171,0.2037380039691925,0.19155667722225189,0.23707127571105957,-0.95241981744766235,0.8283536434173584,0,0,0,1
24.733333333333334,0.8712410722429512,0.4906524206074935,0.014113687999931773,0.20179371535778046,-0.48182423760805376,0.8493675014921098,0.21545359468448858,0.13955211639404297,0.09372511984718897,-0.19451233781191715,0.9764120812180542,0.8338801860809326,0.0,0.0,0.0,1.0,0.1428568959236145,0.95332115888595581,0.26602789759635925,-0.16510511934757233,0.97102946043014526,-0.18701913952827454,0.1487477570772171,0.2037380039691925,0.19155667722225189,0.23707127571105957,-0.95241981744766235,0.8283536434173584,0,0,0,1
24.766666666666666,0.8712410722429512,0.4906524206074935,0.014113687999931773,0.20179371535778046,-0.48182423760805376,0.8493675014921098,0.21545359468448858,0.13955211639404297,0.09372511984718897,-0.19451233781191715,0.9764120812180542,0.8338801860809326,0.0,0.0,0.0,1.0,0.1428568959236145,0.95332115888595581,0.26602789759635925,-0.16510511934757233,0.97102946043014526,-0.18701913952827454,0.1487477570772171,0.2037380039691925,0.19155667722225189,0.23707127571105957,-0.95241981744766235,0.8283536434173584,0,0,0,1
24.8,0.8712410722429512,0.4906524206074935,0.014113687999931773,0.20179371535778046,-0.48182423760805376,0.8493675014921098,0.21545359468448858,0.13955211639404297,0.09372511984718897,-0.19451233781191715,0.9764120812180542,0.8338801860809326,0.0,0.0,0.0,1.0,0.1428568959236145,0.95332115888595581,0.26602789759635925,-0.16510511934757233,0.97102946043014526,-0.18701913952827454,0.1487477570772171,0.2037380039691925,0.19155667722225189,0.23707127571105957,-0.95241981744766235,0.8283536434173584,0,0,0,1
24.833333333333332,0.8712410722429512,0.4906524206074935,0.014113687999931773,0.20179371535778046,-0.48182423760805376,0.8493675014921098,0.21545359468448858,0.13955211639404297,0.09372511984718897,-0.19451233781191715,0.9764120812180542,0.8338801860809326,0.0,0.0,0.0,1.0,0.1428568959236145,0.95332115888595581,0.26602789759635925,-0.16510511934757233,0.97102946043014526,-0.18701913952827454,0.1487477570772171,0.2037380039691925,0.19155667722225189,0.23707127571105957,-0.95241981744766235,0.8283536434173584,0,0,0,1
24.866666666666667,0.8712410722429512,0.4906524206074935,0.014113687999931773,0.20179371535778046,-0.48182423760805376,0.8493675014921098,0.21545359468448858,0.13955211639404297,0.09372511984718897,-0.19451233781191715,0.9764120812180542,0.8338801860809326,0.0,0.0,0.0,1.0,0.1428568959236145,0.95332115888595581,0.26602789759635925,-0.16510511934757233,0.97102946043014526,-0.18701913952827454,0.1487477570772171,0.2037380039691925,0.19155667722225189,0.23707127571105957,-0.95241981744766235,0.8283536434173584,0,0,0,1
24.9,0.8712410722429512,0.4906524206074935,0.014113687999931773,0.20179371535778046,-0.48182423760805376,0.8493675014921098,0.21545359468448858,0.13955211639404297,0.09372511984718897,-0.19451233781191715,0.9764120812180542,0.8338801860809326,0.0,0.0,0.0,1.0,0.1428568959236145,0.95332115888595581,0.26602789759635925,-0.16510511934757233,0.97102946043014526,-0.18701913952827454,0.1487477570772171,0.2037380039691925,0.19155667722225189,0.23707127571105957,-0.95241981744766235,0.8283536434173584,0,0,0,1
24.933333333333334,0.8712410722429512,0.4906524206074935,0.014113687999931773,0.20179371535778046,-0.48182423760805376,0.8493675014921098,0.21545359468448858,0.13955211639404297,0.09372511984718897,-0.19451233781191715,0.9764120812180542,0.8338801860809326,0.0,0.0,0.0,1.0,0.1428568959236145,0.95332115888595581,0.26602789759635925,-0.16510511934757233,0.97102946043014526,-0.18701913952827454,0.1487477570772171,0.2037380039691925,0.19155667722225189,0.23707127571105957,-0.95241981744766235,0.8283536434173584,0,0,0,1
24.966666666666665,0.8712410722429512,0.4906524206074935,0.014113687999931773,0.20179371535778046,-0.48182423760805376,0.8493675014921098,0.21545359468448858,0.13955211639404297,0.09372511984718897,-0.19451233781191715,0.9764120812180542,0.8338801860809326,0.0,0.0,0.0,1.0,0.1428568959236145,0.95332115888595581,0.26602789759635925,-0.16510511934757233,0.97102946043014526,-0.18701913952827454,0.1487477570772171,0.2037380039691925,0.19155667722225189,0.23707127571105957,-0.95241981744766235,0.8283536434173584,0,0,0,1
25.0,0.8712410722429512,0.4906524206074935,0.014113687999931773,0.20179371535778046,-0.48182423760805376,0.8493675014921098,0.21545359468448858,0.13955211639404297,0.09372511984718897,-0.19451233781191715,0.9764120812180542,0.8338801860809326,0.0,0.0,0.0,1.0,0.1428568959236145,0.95332115888595581,0.26602789759635925,-0.16510511934757233,0.97102946043014526,-0.18701913952827454,0.1487477570772171,0.2037380039691925,0.19155667722225189,0.23707127571105957,-0.95241981744766235,0.8283536434173584,0,0,0,1
25.033333333333335,0.8712410722429512,0.4906524206074935,0.014113687999931773,0.20179371535778046,-0.48182423760805376,0.8493675014921098,0.21545359468448858,0.13955211639404297,0.09372511984718897,-0.19451233781191715,0.9764120812180542,0.8338801860809326,0.0,0.0,0.0,1.0,0.1428568959236145,0.95332115888595581,0.26602789759635925,-0.16510511934757233,0.97102946043014526,-0.18701913952827454,0.1487477570772171,0.2037380039691925,0.19155667722225189,0.23707127571105957,-0.95241981744766235,0.8283536434173584,0,0,0,1
25.066666666666666,0.8712410722429512,0.4906524206074935,0.014113687999931773,0.20179371535778046,-0.48182423760805376,0.8493675014921098,0.21545359468448858,0.13955211639404297,0.09372511984718897,-0.19451233781191715,0.9764120812180542,0.8338801860809326,0.0,0.0,0.0,1.0,0.1428568959236145,0.95332115888595581,0.26602789759635925,-0.16510511934757233,0.97102946043014526,-0.18701913952827454,0.1487477570772171,0.2037380039691925,0.19155667722225189,0.23707127571105957,-0.95241981744766235,0.8283536434173584,0,0,0,1
25.1,0.8712410722429512,0.4906524206074935,0.014113687999931773,0.20179371535778046,-0.48182423760805376,0.8493675014921098,0.21545359468448858,0.13955211639404297,0.09372511984718897,-0.19451233781191715,0.9764120812180542,0.8338801860809326,0.0,0.0,0.0,1.0,0.1428568959236145,0.95332115888595581,0.26602789759635925,-0.16510511934757233,0.97102946043014526,-0.18701913952827454,0.1487477570772171,0.2037380039691925,0.19155667722225189,0.23707127571105957,-0.95241981744766235,0.8283536434173584,0,0,0,1
25.133333333333333,0.8712410722429512,0.4906524206074935,0.014113687999931773,0.20179371535778046,-0.48182423760805376,0.8493675014921098,0.21545359468448858,0.13955211639404297,0.09372511984718897,-0.19451233781191715,0.9764120812180542,0.8338801860809326,0.0,0.0,0.0,1.0,0.1428568959236145,0.95332115888595581,0.26602789759635925,-0.16510511934757233,0.97102946043014526,-0.18701913952827454,0.1487477570772171,0.2037380039691925,0.19155667722225189,0.23707127571105957,-0.95241981744766235,0.8283536434173584,0,0,0,1
25.166666666666668,0.8712410722429512,0.4906524206074935,0.014113687999931773,0.20179371535778046,-0.48182423760805376,0.8493675014921098,0.21545359468448858,0.13955211639404297,0.09372511984718897,-0.19451233781191715,0.9764120812180542,0.8338801860809326,0.0,0.0,0.0,1.0,0.1428568959236145,0.95332115888595581,0.26602789759635925,-0.16510511934757233,0.97102946043014526,-0.18701913952827454,0.1487477570772171,0.2037380039691925,0.19155667722225189,0.23707127571105957,-0.95241981744766235,0.8283536434173584,0,0,0,1
25.2,0.8712410722429512,0.4906524206074935,0.014113687999931773,0.20179371535778046,-0.48182423760805376,0.8493675014921098,0.21545359468448858,0.13955211639404297,0.09372511984718897,-0.19451233781191715,0.9764120812180542,0.8338801860809326,0.0,0.0,0.0,1.0,0.1428568959236145,0.95332115888595581,0.26602789759635925,-0.16510511934757233,0.97102946043014526,-0.18701913952827454,0.1487477570772171,0.2037380039691925,0.19155667722225189,0.23707127571105957,-0.95241981744766235,0.8283536434173584,0,0,0,1
25.233333333333334,0.8712410722429512,0.4906524206074935,0.014113687999931773,0.20179371535778046,-0.48182423760805376,0.8493675014921098,0.21545359468448858,0.13955211639404297,0.09372511984718897,-0.19451233781191715,0.9764120812180542,0.8338801860809326,0.0,0.0,0.0,1.0,0.1428568959236145,0.95332115888595581,0.26602789759635925,-0.16510511934757233,0.97102946043014526,-0.18701913952827454,0.1487477570772171,0.2037380039691925,0.19155667722225189,0.23707127571105957,-0.95241981744766235,0.8283536434173584,0,0,0,1
25.266666666666666,0.8712410722429512,0.4906524206074935,0.014113687999931773,0.20179371535778046,-0.48182423760805376,0.8493675014921098,0.21545359468448858,0.13955211639404297,0.09372511984718897,-0.19451233781191715,0.9764120812180542,0.8338801860809326,0.0,0.0,0.0,1.0,0.1428568959236145,0.95332115888595581,0.26602789759635925,-0.16510511934757233,0.97102946043014526,-0.18701913952827454,0.1487477570772171,0.2037380039691925,0.19155667722225189,0.23707127571105957,-0.95241981744766235,0.8283536434173584,0,0,0,1
25.3,0.8712410722429512,0.4906524206074935,0.014113687999931773,0.20179371535778046,-0.48182423760805376,0.8493675014921098,0.21545359468448858,0.13955211639404297,0.09372511984718897,-0.19451233781191715,0.9764120812180542,0.8338801860809326,0.0,0.0,0.0,1.0,0.1428568959236145,0.95332115888595581,0.26602789759635925,-0.16510511934757233,0.97102946043014526,-0.18701913952827454,0.1487477570772171,0.2037380039691925,0.19155667722225189,0.23707127571105957,-0.95241981744766235,0.8283536434173584,0,0,0,1
25.333333333333332,0.8712410722429512,0.4906524206074935,0.014113687999931773,0.20179371535778046,-0.48182423760805376,0.8493675014921098,0.21545359468448858,0.13955211639404297,0.09372511984718897,-0.19451233781191715,0.9764120812180542,0.8338801860809326,0.0,0.0,0.0,1.0,0.1428568959236145,0.95332115888595581,0.26602789759635925,-0.16510511934757233,0.97102946043014526,-0.18701913952827454,0.1487477570772171,0.2037380039691925,0.19155667722225189,0.23707127571105957,-0.95241981744766235,0.8283536434173584,0,0,0,1
25.366666666666667,0.8712410722429512,0.4906524206074935,0.014113687999931773,0.20179371535778046,-0.48182423760805376,0.8493675014921098,0.21545359468448858,0.13955211639404297,0.09372511984718897,-0.19451233781191715,0.9764120812180542,0.8338801860809326,0.0,0.0,0.0,1.0,0.1428568959236145,0.95332115888595581,0.26602789759635925,-0.16510511934757233,0.97102946043014526,-0.18701913952827454,0.1487477570772171,0.2037380039691925,0.19155667722225189,0.23707127571105957,-0.95241981744766235,0.8283536434173584,0,0,0,1
25.4,0.8712410722429512,0.4906524206074935,0.014113687999931773,0.20179371535778046,-0.48182423760805376,0.8493675014921098,0.21545359468448858,0.13955211639404297,0.09372511984718897,-0.19451233781191715,0.9764120812180542,0.8338801860809326,0.0,0.0,0.0,1.0,0.1428568959236145,0.95332115888595581,0.26602789759635925,-0.16510511934757233,0.97102946043014526,-0.18701913952827454,0.1487477570772171,0.2037380039691925,0.19155667722225189,0.23707127571105957,-0.95241981744766235,0.8283536434173584,0,0,0,1
25.433333333333334,0.8712410722429512,0.4906524206074935,0.014113687999931773,0.20179371535778046,-0.48182423760805376,0.8493675014921098,0.21545359468448858,0.13955211639404297,0.09372511984718897,-0.19451233781191715,0.9764120812180542,0.8338801860809326,0.0,0.0,0.0,1.0,0.1428568959236145,0.95332115888595581,0.26602789759635925,-0.16510511934757233,0.97102946043014526,-0.18701913952827454,0.1487477570772171,0.2037380039691925,0.19155667722225189,0.23707127571105957,-0.95241981744766235,0.8283536434173584,0,0,0,1
25.466666666666665,0.8712410722429512,0.4906524206074935,0.014113687999931773,0.20179371535778046,-0.48182423760805376,0.8493675014921098,0.21545359468448858,0.13955211639404297,0.09372511984718897,-0.19451233781191715,0.9764120812180542,0.8338801860809326,0.0,0.0,0.0,1.0,0.1428568959236145,0.95332115888595581,0.26602789759635925,-0.16510511934757233,0.97102946043014526,-0.18701913952827454,0.1487477570772171,0.2037380039691925,0.19155667722225189,0.23707127571105957,-0.95241981744766235,0.8283536434173584,0,0,0,1
25.5,0.8712410722429512,0.4906524206074935,0.014113687999931773,0.20179371535778046,-0.48182423760805376,0.8493675014921098,0.21545359468448858,0.13955211639404297,0.09372511984718897,-0.19451233781191715,0.9764120812180542,0.8338801860809326,0.0,0.0,0.0,1.0,0.1428568959236145,0.95332115888595581,0.26602789759635925,-0.16510511934757233,0.97102946043014526,-0.18701913952827454,0.1487477570772171,0.2037380039691925,0.19155667722225189,0.23707127571105957,-0.95241981744766235,0.8283536434173584,0,0,0,1
25.533333333333335,0.8712410722429512,0.4906524206074935,0.014113687999931773,0.20179371535778046,-0.48182423760805376,0.8493675014921098,0.21545359468448858,0.13955211639404297,0.09372511984718897,-0.19451233781191715,0.9764120812180542,0.8338801860809326,0.0,0.0,0.0,1.0,0.1428568959236145,0.95332115888595581,0.26602789759635925,-0.16510511934757233,0.97102946043014526,-0.18701913952827454,0.1487477570772171,0.2037380039691925,0.19155667722225189,0.23707127571105957,-0.95241981744766235,0.8283536434173584,0,0,0,1
25.566666666666666,0.8712410722429512,0.4906524206074935,0.014113687999931773,0.20179371535778046,-0.48182423760805376,0.8493675014921098,0.21545359468448858,0.13955211639404297,0.09372511984718897,-0.19451233781191715,0.9764120812180542,0.8338801860809326,0.0,0.0,0.0,1.0,0.1428568959236145,0.95332115888595581,0.26602789759635925,-0.16510511934757233,0.97102946043014526,-0.18701913952827454,0.1487477570772171,0.2037380039691925,0.19155667722225189,0.23707127571105957,-0.95241981744766235,0.8283536434173584,0,0,0,1
25.6,0.8712410722429512,0.4906524206074935,0.014113687999931773,0.20179371535778046,-0.48182423760805376,0.8493675014921098,0.21545359468448858,0.13955211639404297,0.09372511984718897,-0.19451233781191715,0.9764120812180542,0.8338801860809326,0.0,0.0,0.0,1.0,0.1428568959236145,0.95332115888595581,0.26602789759635925,-0.16510511934757233,0.97102946043014526,-0.18701913952827454,0.1487477570772171,0.2037380039691925,0.19155667722225189,0.23707127571105957,-0.95241981744766235,0.8283536434173584,0,0,0,1
25.633333333333333,0.8712410722429512,0.4906524206074935,0.014113687999931773,0.20179371535778046,-0.48182423760805376,0.8493675014921098,0.21545359468448858,0.13955211639404297,0.09372511984718897,-0.19451233781191715,0.9764120812180542,0.8338801860809326,0.0,0.0,0.0,1.0,0.1428568959236145,0.95332115888595581,0.26602789759635925,-0.16510511934757233,0.97102946043014526,-0.18701913952827454,0.1487477570772171,0.2037380039691925,0.19155667722225189,0.23707127571105957,-0.95241981744766235,0.8283536434173584,0,0,0,1
25.666666666666668,0.8712410722429512,0.4906524206074935,0.014113687999931773,0.20179371535778046,-0.48182423760805376,0.8493675014921098,0.21545359468448858,0.13955211639404297,0.09372511984718897,-0.19451233781191715,0.9764120812180542,0.8338801860809326,0.0,0.0,0.0,1.0,0.1428568959236145,0.95332115888595581,0.26602789759635925,-0.16510511934757233,0.97102946043014526,-0.18701913952827454,0.1487477570772171,0.2037380039691925,0.19155667722225189,0.23707127571105957,-0.95241981744766235,0.8283536434173584,0,0,0,1
25.7,0.8712410722429512,0.4906524206074935,0.014113687999931773,0.20179371535778046,-0.48182423760805376,0.8493675014921098,0.21545359468448858,0.13955211639404297,0.09372511984718897,-0.19451233781191715,0.9764120812180542,0.8338801860809326,0.0,0.0,0.0,1.0,0.1428568959236145,0.95332115888595581,0.26602789759635925,-0.16510511934757233,0.97102946043014526,-0.18701913952827454,0.1487477570772171,0.2037380039691925,0.19155667722225189,0.23707127571105957,-0.95241981744766235,0.8283536434173584,0,0,0,1
