timestamp,right_raw_matrix_00,right_raw_matrix_01,right_raw_matrix_02,right_raw_matrix_03,right_raw_matrix_10,right_raw_matrix_11,right_raw_matrix_12,right_raw_matrix_13,right_raw_matrix_20,right_raw_matrix_21,right_raw_matrix_22,right_raw_matrix_23,right_raw_matrix_30,right_raw_matrix_31,right_raw_matrix_32,right_raw_matrix_33,left_raw_matrix_00,left_raw_matrix_01,left_raw_matrix_02,left_raw_matrix_03,left_raw_matrix_10,left_raw_matrix_11,left_raw_matrix_12,left_raw_matrix_13,left_raw_matrix_20,left_raw_matrix_21,left_raw_matrix_22,left_raw_matrix_23,left_raw_matrix_30,left_raw_matrix_31,left_raw_matrix_32,left_raw_matrix_33
0.0,0.6039860297974702,0.30391305662270857,0.7367752234051653,0.2017937153577804,-0.7558256312580918,0.5116895432463179,0.4085357101474498,0.1395521163940429,-0.2528408411289526,-0.8036234599279791,0.5387586135836595,0.8338801860809326,0.0,0.0,0.0,1.0,0.1428568959236145,0.9533211588859558,0.2660278975963592,-0.1651051193475723,0.9710294604301452,-0.1870191395282745,0.1487477570772171,0.2037380039691925,0.1915566772222518,0.2370712757110595,-0.9524198174476624,0.8283536434173584,0,0,0,1
0.03333333333333333,0.6039860297974702,0.30391305662270857,0.7367752234051653,0.2017937153577804,-0.7558256312580918,0.5116895432463179,0.4085357101474498,0.1395521163940429,-0.2528408411289526,-0.8036234599279791,0.5387586135836595,0.8338801860809326,0.0,0.0,0.0,1.0,0.1428568959236145,0.9533211588859558,0.2660278975963592,-0.1651051193475723,0.9710294604301452,-0.1870191395282745,0.1487477570772171,0.2037380039691925,0.1915566772222518,0.2370712757110595,-0.9524198174476624,0.8283536434173584,0,0,0,1
0.06666666666666667,0.6039860297974702,0.30391305662270857,0.7367752234051653,0.2017937153577804,-0.7558256312580918,0.5116895432463179,0.4085357101474498,0.1395521163940429,-0.2528408411289526,-0.8036234599279791,0.5387586135836595,0.8338801860809326,0.0,0.0,0.0,1.0,0.1428568959236145,0.9533211588859558,0.2660278975963592,-0.1651051193475723,0.9710294604301452,-0.1870191395282745,0.1487477570772171,0.2037380039691925,0.1915566772222518,0.2370712757110595,-0.9524198174476624,0.8283536434173584,0,0,0,1
0.1,0.6039860297974702,0.30391305662270857,0.7367752234051653,0.2017937153577804,-0.7558256312580918,0.5116895432463179,0.4085357101474498,0.1395521163940429,-0.2528408411289526,-0.8036234599279791,0.5387586135836595,0.8338801860809326,0.0,0.0,0.0,1.0,0.1428568959236145,0.9533211588859558,0.2660278975963592,-0.1651051193475723,0.9710294604301452,-0.1870191395282745,0.1487477570772171,0.2037380039691925,0.1915566772222518,0.2370712757110595,-0.9524198174476624,0.8283536434173584,0,0,0,1
0.13333333333333333,0.6039860297974702,0.30391305662270857,0.7367752234051653,0.2017937153577804,-0.7558256312580918,0.5116895432463179,0.4085357101474498,0.1395521163940429,-0.2528408411289526,-0.8036234599279791,0.5387586135836595,0.8338801860809326,0.0,0.0,0.0,1.0,0.1428568959236145,0.9533211588859558,0.2660278975963592,-0.1651051193475723,0.9710294604301452,-0.1870191395282745,0.1487477570772171,0.2037380039691925,0.1915566772222518,0.2370712757110595,-0.9524198174476624,0.8283536434173584,0,0,0,1
0.16666666666666666,0.6039860297974702,0.30391305662270857,0.7367752234051653,0.2017937153577804,-0.7558256312580918,0.5116895432463179,0.4085357101474498,0.1395521163940429,-0.2528408411289526,-0.8036234599279791,0.5387586135836595,0.8338801860809326,0.0,0.0,0.0,1.0,0.1428568959236145,0.9533211588859558,0.2660278975963592,-0.1651051193475723,0.9710294604301452,-0.1870191395282745,0.1487477570772171,0.2037380039691925,0.1915566772222518,0.2370712757110595,-0.9524198174476624,0.8283536434173584,0,0,0,1
0.2,0.6039860297974702,0.30391305662270857,0.7367752234051653,0.2017937153577804,-0.7558256312580918,0.5116895432463179,0.4085357101474498,0.1395521163940429,-0.2528408411289526,-0.8036234599279791,0.5387586135836595,0.8338801860809326,0.0,0.0,0.0,1.0,0.1428568959236145,0.9533211588859558,0.2660278975963592,-0.1651051193475723,0.9710294604301452,-0.1870191395282745,0.1487477570772171,0.2037380039691925,0.1915566772222518,0.2370712757110595,-0.9524198174476624,0.8283536434173584,0,0,0,1
0.23333333333333334,0.6039860297974702,0.30391305662270857,0.7367752234051653,0.2017937153577804,-0.7558256312580918,0.5116895432463179,0.4085357101474498,0.1395521163940429,-0.2528408411289526,-0.8036234599279791,0.5387586135836595,0.8338801860809326,0.0,0.0,0.0,1.0,0.1428568959236145,0.9533211588859558,0.2660278975963592,-0.1651051193475723,0.9710294604301452,-0.1870191395282745,0.1487477570772171,0.2037380039691925,0.1915566772222518,0.2370712757110595,-0.9524198174476624,0.8283536434173584,0,0,0,1
0.26666666666666666,0.6039860297974702,0.30391305662270857,0.7367752234051653,0.2017937153577804,-0.7558256312580918,0.5116895432463179,0.4085357101474498,0.1395521163940429,-0.2528408411289526,-0.8036234599279791,0.5387586135836595,0.8338801860809326,0.0,0.0,0.0,1.0,0.1428568959236145,0.9533211588859558,0.2660278975963592,-0.1651051193475723,0.9710294604301452,-0.1870191395282745,0.1487477570772171,0.2037380039691925,0.1915566772222518,0.2370712757110595,-0.9524198174476624,0.8283536434173584,0,0,0,1
0.3,0.6039860297974702,0.30391305662270857,0.7367752234051653,0.2017937153577804,-0.7558256312580918,0.5116895432463179,0.4085357101474498,0.1395521163940429,-0.2528408411289526,-0.8036234599279791,0.5387586135836595,0.8338801860809326,0.0,0.0,0.0,1.0,0.1428568959236145,0.9533211588859558,0.2660278975963592,-0.1651051193475723,0.9710294604301452,-0.1870191395282745,0.1487477570772171,0.2037380039691925,0.1915566772222518,0.2370712757110595,-0.9524198174476624,0.8283536434173584,0,0,0,1
0.3333333333333333,0.6039860297974702,0.30391305662270857,0.7367752234051653,0.2017937153577804,-0.7558256312580918,0.5116895432463179,0.4085357101474498,0.1395521163940429,-0.2528408411289526,-0.8036234599279791,0.5387586135836595,0.8338801860809326,0.0,0.0,0.0,1.0,0.1428568959236145,0.9533211588859558,0.2660278975963592,-0.1651051193475723,0.9710294604301452,-0.1870191395282745,0.1487477570772171,0.2037380039691925,0.1915566772222518,0.2370712757110595,-0.9524198174476624,0.8283536434173584,0,0,0,1
0.36666666666666664,0.6039860297974702,0.30391305662270857,0.7367752234051653,0.2017937153577804,-0.7558256312580918,0.5116895432463179,0.4085357101474498,0.1395521163940429,-0.2528408411289526,-0.8036234599279791,0.5387586135836595,0.8338801860809326,0.0,0.0,0.0,1.0,0.1428568959236145,0.9533211588859558,0.2660278975963592,-0.1651051193475723,0.9710294604301452,-0.1870191395282745,0.1487477570772171,0.2037380039691925,0.1915566772222518,0.2370712757110595,-0.9524198174476624,0.8283536434173584,0,0,0,1
0.4,0.6039860297974702,0.30391305662270857,0.7367752234051653,0.2017937153577804,-0.7558256312580918,0.5116895432463179,0.4085357101474498,0.1395521163940429,-0.2528408411289526,-0.8036234599279791,0.5387586135836595,0.8338801860809326,0.0,0.0,0.0,1.0,0.1428568959236145,0.9533211588859558,0.2660278975963592,-0.1651051193475723,0.9710294604301452,-0.1870191395282745,0.1487477570772171,0.2037380039691925,0.1915566772222518,0.2370712757110595,-0.9524198174476624,0.8283536434173584,0,0,0,1
0.43333333333333335,0.6039860297974702,0.30391305662270857,0.7367752234051653,0.2017937153577804,-0.7558256312580918,0.5116895432463179,0.4085357101474498,0.1395521163940429,-0.2528408411289526,-0.8036234599279791,0.5387586135836595,0.8338801860809326,0.0,0.0,0.0,1.0,0.1428568959236145,0.9533211588859558,0.2660278975963592,-0.1651051193475723,0.9710294604301452,-0.1870191395282745,0.1487477570772171,0.2037380039691925,0.1915566772222518,0.2370712757110595,-0.9524198174476624,0.8283536434173584,0,0,0,1
0.4666666666666667,0.6039860297974702,0.30391305662270857,0.7367752234051653,0.2017937153577804,-0.7558256312580918,0.5116895432463179,0.4085357101474498,0.1395521163940429,-0.2528408411289526,-0.8036234599279791,0.5387586135836595,0.8338801860809326,0.0,0.0,0.0,1.0,0.1428568959236145,0.9533211588859558,0.2660278975963592,-0.1651051193475723,0.9710294604301452,-0.1870191395282745,0.1487477570772171,0.2037380039691925,0.1915566772222518,0.2370712757110595,-0.9524198174476624,0.8283536434173584,0,0,0,1
0.5,0.6039860297974702,0.30391305662270857,0.7367752234051653,0.2017937153577804,-0.7558256312580918,0.5116895432463179,0.4085357101474498,0.1395521163940429,-0.2528408411289526,-0.8036234599279791,0.5387586135836595,0.8338801860809326,0.0,0.0,0.0,1.0,0.1428568959236145,0.9533211588859558,0.2660278975963592,-0.1651051193475723,0.9710294604301452,-0.1870191395282745,0.1487477570772171,0.2037380039691925,0.1915566772222518,0.2370712757110595,-0.9524198174476624,0.8283536434173584,0,0,0,1
0.5333333333333333,0.6039860297974702,0.30391305662270857,0.7367752234051653,0.2017937153577804,-0.7558256312580918,0.5116895432463179,0.4085357101474498,0.1395521163940429,-0.2528408411289526,-0.8036234599279791,0.5387586135836595,0.8338801860809326,0.0,0.0,0.0,1.0,0.1428568959236145,0.9533211588859558,0.2660278975963592,-0.1651051193475723,0.9710294604301452,-0.1870191395282745,0.1487477570772171,0.2037380039691925,0.1915566772222518,0.2370712757110595,-0.9524198174476624,0.8283536434173584,0,0,0,1
0.5666666666666667,0.6039860297974702,0.30391305662270857,0.7367752234051653,0.2017937153577804,-0.7558256312580918,0.5116895432463179,0.4085357101474498,0.1395521163940429,-0.2528408411289526,-0.8036234599279791,0.5387586135836595,0.8338801860809326,0.0,0.0,0.0,1.0,0.1428568959236145,0.9533211588859558,0.2660278975963592,-0.1651051193475723,0.9710294604301452,-0.1870191395282745,0.1487477570772171,0.2037380039691925,0.1915566772222518,0.2370712757110595,-0.9524198174476624,0.8283536434173584,0,0,0,1
0.6,0.6039860297974702,0.30391305662270857,0.7367752234051653,0.2017937153577804,-0.7558256312580918,0.5116895432463179,0.4085357101474498,0.1395521163940429,-0.2528408411289526,-0.8036234599279791,0.5387586135836595,0.8338801860809326,0.0,0.0,0.0,1.0,0.1428568959236145,0.9533211588859558,0.2660278975963592,-0.1651051193475723,0.9710294604301452,-0.1870191395282745,0.1487477570772171,0.2037380039691925,0.1915566772222518,0.2370712757110595,-0.9524198174476624,0.8283536434173584,0,0,0,1
0.6333333333333333,0.6039860297974702,0.30391305662270857,0.7367752234051653,0.2017937153577804,-0.7558256312580918,0.5116895432463179,0.4085357101474498,0.1395521163940429,-0.2528408411289526,-0.8036234599279791,0.5387586135836595,0.8338801860809326,0.0,0.0,0.0,1.0,0.1428568959236145,0.9533211588859558,0.2660278975963592,-0.1651051193475723,0.9710294604301452,-0.1870191395282745,0.1487477570772171,0.2037380039691925,0.1915566772222518,0.2370712757110595,-0.9524198174476624,0.8283536434173584,0,0,0,1
0.6666666666666666,0.6039860297974702,0.30391305662270857,0.7367752234051653,0.2017937153577804,-0.7558256312580918,0.5116895432463179,0.4085357101474498,0.1395521163940429,-0.2528408411289526,-0.8036234599279791,0.5387586135836595,0.8338801860809326,0.0,0.0,0.0,1.0,0.1428568959236145,0.9533211588859558,0.2660278975963592,-0.1651051193475723,0.9710294604301452,-0.1870191395282745,0.1487477570772171,0.2037380039691925,0.1915566772222518,0.2370712757110595,-0.9524198174476624,0.8283536434173584,0,0,0,1
0.7,0.6039860297974702,0.30391305662270857,0.7367752234051653,0.2017937153577804,-0.7558256312580918,0.5116895432463179,0.4085357101474498,0.1395521163940429,-0.2528408411289526,-0.8036234599279791,0.5387586135836595,0.8338801860809326,0.0,0.0,0.0,1.0,0.1428568959236145,0.9533211588859558,0.2660278975963592,-0.1651051193475723,0.9710294604301452,-0.1870191395282745,0.1487477570772171,0.2037380039691925,0.1915566772222518,0.2370712757110595,-0.9524198174476624,0.8283536434173584,0,0,0,1
0.7333333333333333,0.6039860297974702,0.30391305662270857,0.7367752234051653,0.2017937153577804,-0.7558256312580918,0.5116895432463179,0.4085357101474498,0.1395521163940429,-0.2528408411289526,-0.8036234599279791,0.5387586135836595,0.8338801860809326,0.0,0.0,0.0,1.0,0.1428568959236145,0.9533211588859558,0.2660278975963592,-0.1651051193475723,0.9710294604301452,-0.1870191395282745,0.1487477570772171,0.2037380039691925,0.1915566772222518,0.2370712757110595,-0.9524198174476624,0.8283536434173584,0,0,0,1
0.7666666666666667,0.6039860297974702,0.30391305662270857,0.7367752234051653,0.2017937153577804,-0.7558256312580918,0.5116895432463179,0.4085357101474498,0.1395521163940429,-0.2528408411289526,-0.8036234599279791,0.5387586135836595,0.8338801860809326,0.0,0.0,0.0,1.0,0.1428568959236145,0.9533211588859558,0.2660278975963592,-0.1651051193475723,0.9710294604301452,-0.1870191395282745,0.1487477570772171,0.2037380039691925,0.1915566772222518,0.2370712757110595,-0.9524198174476624,0.8283536434173584,0,0,0,1
0.8,0.6039860297974702,0.30391305662270857,0.7367752234051653,0.2017937153577804,-0.7558256312580918,0.5116895432463179,0.4085357101474498,0.1395521163940429,-0.2528408411289526,-0.8036234599279791,0.5387586135836595,0.8338801860809326,0.0,0.0,0.0,1.0,0.1428568959236145,0.9533211588859558,0.2660278975963592,-0.1651051193475723,0.9710294604301452,-0.1870191395282745,0.1487477570772171,0.2037380039691925,0.1915566772222518,0.2370712757110595,-0.9524198174476624,0.8283536434173584,0,0,0,1
0.8333333333333334,0.6039860297974702,0.30391305662270857,0.7367752234051653,0.2017937153577804,-0.7558256312580918,0.5116895432463179,0.4085357101474498,0.1395521163940429,-0.2528408411289526,-0.8036234599279791,0.5387586135836595,0.8338801860809326,0.0,0.0,0.0,1.0,0.1428568959236145,0.9533211588859558,0.2660278975963592,-0.1651051193475723,0.9710294604301452,-0.1870191395282745,0.1487477570772171,0.2037380039691925,0.1915566772222518,0.2370712757110595,-0.9524198174476624,0.8283536434173584,0,0,0,1
0.8666666666666667,0.6039860297974702,0.30391305662270857,0.7367752234051653,0.2017937153577804,-0.7558256312580918,0.5116895432463179,0.4085357101474498,0.1395521163940429,-0.2528408411289526,-0.8036234599279791,0.5387586135836595,0.8338801860809326,0.0,0.0,0.0,1.0,0.1428568959236145,0.9533211588859558,0.2660278975963592,-0.1651051193475723,0.9710294604301452,-0.1870191395282745,0.1487477570772171,0.2037380039691925,0.1915566772222518,0.2370712757110595,-0.9524198174476624,0.8283536434173584,0,0,0,1
0.9,0.6039860297974702,0.30391305662270857,0.7367752234051653,0.2017937153577804,-0.7558256312580918,0.5116895432463179,0.4085357101474498,0.1395521163940429,-0.2528408411289526,-0.8036234599279791,0.5387586135836595,0.8338801860809326,0.0,0.0,0.0,1.0,0.1428568959236145,0.9533211588859558,0.2660278975963592,-0.1651051193475723,0.9710294604301452,-0.1870191395282745,0.1487477570772171,0.2037380039691925,0.1915566772222518,0.2370712757110595,-0.9524198174476624,0.8283536434173584,0,0,0,1
0.9333333333333333,0.6039860297974702,0.30391305662270857,0.7367752234051653,0.2017937153577804,-0.7558256312580918,0.5116895432463179,0.4085357101474498,0.1395521163940429,-0.2528408411289526,-0.8036234599279791,0.5387586135836595,0.8338801860809326,0.0,0.0,0.0,1.0,0.1428568959236145,0.9533211588859558,0.2660278975963592,-0.1651051193475723,0.9710294604301452,-0.1870191395282745,0.1487477570772171,0.2037380039691925,0.1915566772222518,0.2370712757110595,-0.9524198174476624,0.8283536434173584,0,0,0,1
0.9666666666666667,0.6039860297974702,0.30391305662270857,0.7367752234051653,0.2017937153577804,-0.7558256312580918,0.5116895432463179,0.4085357101474498,0.1395521163940429,-0.2528408411289526,-0.8036234599279791,0.5387586135836595,0.8338801860809326,0.0,0.0,0.0,1.0,0.1428568959236145,0.9533211588859558,0.2660278975963592,-0.1651051193475723,0.9710294604301452,-0.1870191395282745,0.1487477570772171,0.2037380039691925,0.1915566772222518,0.2370712757110595,-0.9524198174476624,0.8283536434173584,0,0,0,1
1.0,0.6039860297974702,0.30391305662270857,0.7367752234051653,0.2017937153577804,-0.7558256312580918,0.5116895432463179,0.4085357101474498,0.1395521163940429,-0.2528408411289526,-0.8036234599279791,0.5387586135836595,0.8338801860809326,0.0,0.0,0.0,1.0,0.1428568959236145,0.9533211588859558,0.2660278975963592,-0.1651051193475723,0.9710294604301452,-0.1870191395282745,0.1487477570772171,0.2037380039691925,0.1915566772222518,0.2370712757110595,-0.9524198174476624,0.8283536434173584,0,0,0,1
1.0333333333333334,0.6039860297974702,0.30391305662270857,0.7367752234051653,0.2017937153577804,-0.7558256312580918,0.5116895432463179,0.4085357101474498,0.1395521163940429,-0.2528408411289526,-0.8036234599279791,0.5387586135836595,0.8338801860809326,0.0,0.0,0.0,1.0,0.1428568959236145,0.9533211588859558,0.2660278975963592,-0.1651051193475723,0.9710294604301452,-0.1870191395282745,0.1487477570772171,0.2037380039691925,0.1915566772222518,0.2370712757110595,-0.9524198174476624,0.8283536434173584,0,0,0,1
1.0666666666666667,0.6039860297974702,0.30391305662270857,0.7367752234051653,0.2017937153577804,-0.7558256312580918,0.5116895432463179,0.4085357101474498,0.1395521163940429,-0.2528408411289526,-0.8036234599279791,0.5387586135836595,0.8338801860809326,0.0,0.0,0.0,1.0,0.1428568959236145,0.9533211588859558,0.2660278975963592,-0.1651051193475723,0.9710294604301452,-0.1870191395282745,0.1487477570772171,0.2037380039691925,0.1915566772222518,0.2370712757110595,-0.9524198174476624,0.8283536434173584,0,0,0,1
1.1,0.6039860297974702,0.30391305662270857,0.7367752234051653,0.2017937153577804,-0.7558256312580918,0.5116895432463179,0.4085357101474498,0.1395521163940429,-0.2528408411289526,-0.8036234599279791,0.5387586135836595,0.8338801860809326,0.0,0.0,0.0,1.0,0.1428568959236145,0.9533211588859558,0.2660278975963592,-0.1651051193475723,0.9710294604301452,-0.1870191395282745,0.1487477570772171,0.2037380039691925,0.1915566772222518,0.2370712757110595,-0.9524198174476624,0.8283536434173584,0,0,0,1
1.1333333333333333,0.6039860297974702,0.30391305662270857,0.7367752234051653,0.2017937153577804,-0.7558256312580918,0.5116895432463179,0.4085357101474498,0.1395521163940429,-0.2528408411289526,-0.8036234599279791,0.5387586135836595,0.8338801860809326,0.0,0.0,0.0,1.0,0.1428568959236145,0.9533211588859558,0.2660278975963592,-0.1651051193475723,0.9710294604301452,-0.1870191395282745,0.1487477570772171,0.2037380039691925,0.1915566772222518,0.2370712757110595,-0.9524198174476624,0.8283536434173584,0,0,0,1
1.1666666666666667,0.6039860297974702,0.30391305662270857,0.7367752234051653,0.2017937153577804,-0.7558256312580918,0.5116895432463179,0.4085357101474498,0.1395521163940429,-0.2528408411289526,-0.8036234599279791,0.5387586135836595,0.8338801860809326,0.0,0.0,0.0,1.0,0.1428568959236145,0.9533211588859558,0.2660278975963592,-0.1651051193475723,0.9710294604301452,-0.1870191395282745,0.1487477570772171,0.2037380039691925,0.1915566772222518,0.2370712757110595,-0.9524198174476624,0.8283536434173584,0,0,0,1
1.2,0.6039860297974702,0.30391305662270857,0.7367752234051653,0.2017937153577804,-0.7558256312580918,0.5116895432463179,0.4085357101474498,0.1395521163940429,-0.2528408411289526,-0.8036234599279791,0.5387586135836595,0.8338801860809326,0.0,0.0,0.0,1.0,0.1428568959236145,0.9533211588859558,0.2660278975963592,-0.1651051193475723,0.9710294604301452,-0.1870191395282745,0.1487477570772171,0.2037380039691925,0.1915566772222518,0.2370712757110595,-0.9524198174476624,0.8283536434173584,0,0,0,1
1.2333333333333334,0.6039860297974702,0.30391305662270857,0.7367752234051653,0.2017937153577804,-0.7558256312580918,0.5116895432463179,0.4085357101474498,0.1395521163940429,-0.2528408411289526,-0.8036234599279791,0.5387586135836595,0.8338801860809326,0.0,0.0,0.0,1.0,0.1428568959236145,0.9533211588859558,0.2660278975963592,-0.1651051193475723,0.9710294604301452,-0.1870191395282745,0.1487477570772171,0.2037380039691925,0.1915566772222518,0.2370712757110595,-0.9524198174476624,0.8283536434173584,0,0,0,1
1.2666666666666666,0.6039860297974702,0.30391305662270857,0.7367752234051653,0.2017937153577804,-0.7558256312580918,0.5116895432463179,0.4085357101474498,0.1395521163940429,-0.2528408411289526,-0.8036234599279791,0.5387586135836595,0.8338801860809326,0.0,0.0,0.0,1.0,0.1428568959236145,0.9533211588859558,0.2660278975963592,-0.1651051193475723,0.9710294604301452,-0.1870191395282745,0.1487477570772171,0.2037380039691925,0.1915566772222518,0.2370712757110595,-0.9524198174476624,0.8283536434173584,0,0,0,1
1.3,0.6039860297974702,0.30391305662270857,0.7367752234051653,0.2017937153577804,-0.7558256312580918,0.5116895432463179,0.4085357101474498,0.1395521163940429,-0.2528408411289526,-0.8036234599279791,0.5387586135836595,0.8338801860809326,0.0,0.0,0.0,1.0,0.1428568959236145,0.9533211588859558,0.2660278975963592,-0.1651051193475723,0.9710294604301452,-0.1870191395282745,0.1487477570772171,0.2037380039691925,0.1915566772222518,0.2370712757110595,-0.9524198174476624,0.8283536434173584,0,0,0,1
1.3333333333333333,0.6039860297974702,0.30391305662270857,0.7367752234051653,0.2017937153577804,-0.7558256312580918,0.5116895432463179,0.4085357101474498,0.1395521163940429,-0.2528408411289526,-0.8036234599279791,0.5387586135836595,0.8338801860809326,0.0,0.0,0.0,1.0,0.1428568959236145,0.9533211588859558,0.2660278975963592,-0.1651051193475723,0.9710294604301452,-0.1870191395282745,0.1487477570772171,0.2037380039691925,0.1915566772222518,0.2370712757110595,-0.9524198174476624,0.8283536434173584,0,0,0,1
1.3666666666666667,0.6039860297974702,0.30391305662270857,0.7367752234051653,0.2017937153577804,-0.7558256312580918,0.5116895432463179,0.4085357101474498,0.1395521163940429,-0.2528408411289526,-0.8036234599279791,0.5387586135836595,0.8338801860809326,0.0,0.0,0.0,1.0,0.1428568959236145,0.9533211588859558,0.2660278975963592,-0.1651051193475723,0.9710294604301452,-0.1870191395282745,0.1487477570772171,0.2037380039691925,0.1915566772222518,0.2370712757110595,-0.9524198174476624,0.8283536434173584,0,0,0,1
1.4,0.6039860297974702,0.30391305662270857,0.7367752234051653,0.2017937153577804,-0.7558256312580918,0.5116895432463179,0.4085357101474498,0.1395521163940429,-0.2528408411289526,-0.8036234599279791,0.5387586135836595,0.8338801860809326,0.0,0.0,0.0,1.0,0.1428568959236145,0.9533211588859558,0.2660278975963592,-0.1651051193475723,0.9710294604301452,-0.1870191395282745,0.1487477570772171,0.2037380039691925,0.1915566772222518,0.2370712757110595,-0.9524198174476624,0.8283536434173584,0,0,0,1
1.4333333333333333,0.6039860297974702,0.30391305662270857,0.7367752234051653,0.2017937153577804,-0.7558256312580918,0.5116895432463179,0.4085357101474498,0.1395521163940429,-0.2528408411289526,-0.8036234599279791,0.5387586135836595,0.8338801860809326,0.0,0.0,0.0,1.0,0.1428568959236145,0.9533211588859558,0.2660278975963592,-0.1651051193475723,0.9710294604301452,-0.1870191395282745,0.1487477570772171,0.2037380039691925,0.1915566772222518,0.2370712757110595,-0.9524198174476624,0.8283536434173584,0,0,0,1
1.4666666666666666,0.6039860297974702,0.30391305662270857,0.7367752234051653,0.2017937153577804,-0.7558256312580918,0.5116895432463179,0.4085357101474498,0.1395521163940429,-0.2528408411289526,-0.8036234599279791,0.5387586135836595,0.8338801860809326,0.0,0.0,0.0,1.0,0.1428568959236145,0.9533211588859558,0.2660278975963592,-0.1651051193475723,0.9710294604301452,-0.1870191395282745,0.1487477570772171,0.2037380039691925,0.1915566772222518,0.2370712757110595,-0.9524198174476624,0.8283536434173584,0,0,0,1
1.5,0.6039860297974702,0.30391305662270857,0.7367752234051653,0.2017937153577804,-0.7558256312580918,0.5116895432463179,0.4085357101474498,0.1395521163940429,-0.2528408411289526,-0.8036234599279791,0.5387586135836595,0.8338801860809326,0.0,0.0,0.0,1.0,0.1428568959236145,0.9533211588859558,0.2660278975963592,-0.1651051193475723,0.9710294604301452,-0.1870191395282745,0.1487477570772171,0.2037380039691925,0.1915566772222518,0.2370712757110595,-0.9524198174476624,0.8283536434173584,0,0,0,1
1.5333333333333334,0.6039860297974702,0.30391305662270857,0.7367752234051653,0.2017937153577804,-0.7558256312580918,0.5116895432463179,0.4085357101474498,0.1395521163940429,-0.2528408411289526,-0.8036234599279791,0.5387586135836595,0.8338801860809326,0.0,0.0,0.0,1.0,0.1428568959236145,0.9533211588859558,0.2660278975963592,-0.1651051193475723,0.9710294604301452,-0.1870191395282745,0.1487477570772171,0.2037380039691925,0.1915566772222518,0.2370712757110595,-0.9524198174476624,0.8283536434173584,0,0,0,1
1.5666666666666667,0.6039860297974702,0.30391305662270857,0.7367752234051653,0.2017937153577804,-0.7558256312580918,0.5116895432463179,0.4085357101474498,0.1395521163940429,-0.2528408411289526,-0.8036234599279791,0.5387586135836595,0.8338801860809326,0.0,0.0,0.0,1.0,0.1428568959236145,0.9533211588859558,0.2660278975963592,-0.1651051193475723,0.9710294604301452,-0.1870191395282745,0.1487477570772171,0.2037380039691925,0.1915566772222518,0.2370712757110595,-0.9524198174476624,0.8283536434173584,0,0,0,1
1.6,0.6039860297974702,0.30391305662270857,0.7367752234051653,0.2017937153577804,-0.7558256312580918,0.5116895432463179,0.4085357101474498,0.1395521163940429,-0.2528408411289526,-0.8036234599279791,0.5387586135836595,0.8338801860809326,0.0,0.0,0.0,1.0,0.1428568959236145,0.9533211588859558,0.2660278975963592,-0.1651051193475723,0.9710294604301452,-0.1870191395282745,0.1487477570772171,0.2037380039691925,0.1915566772222518,0.2370712757110595,-0.9524198174476624,0.8283536434173584,0,0,0,1
1.6333333333333333,0.6039860297974702,0.30391305662270857,0.7367752234051653,0.2017937153577804,-0.7558256312580918,0.5116895432463179,0.4085357101474498,0.1395521163940429,-0.2528408411289526,-0.8036234599279791,0.5387586135836595,0.8338801860809326,0.0,0.0,0.0,1.0,0.1428568959236145,0.9533211588859558,0.2660278975963592,-0.1651051193475723,0.9710294604301452,-0.1870191395282745,0.1487477570772171,0.2037380039691925,0.1915566772222518,0.2370712757110595,-0.9524198174476624,0.8283536434173584,0,0,0,1
1.6666666666666667,0.6039860297974702,0.30391305662270857,0.7367752234051653,0.2017937153577804,-0.7558256312580918,0.5116895432463179,0.4085357101474498,0.1395521163940429,-0.2528408411289526,-0.8036234599279791,0.5387586135836595,0.8338801860809326,0.0,0.0,0.0,1.0,0.1428568959236145,0.9533211588859558,0.2660278975963592,-0.1651051193475723,0.9710294604301452,-0.1870191395282745,0.1487477570772171,0.2037380039691925,0.1915566772222518,0.2370712757110595,-0.9524198174476624,0.8283536434173584,0,0,0,1
1.7,0.6039860297974702,0.30391305662270857,0.7367752234051653,0.2017937153577804,-0.7558256312580918,0.5116895432463179,0.4085357101474498,0.1395521163940429,-0.2528408411289526,-0.8036234599279791,0.5387586135836595,0.8338801860809326,0.0,0.0,0.0,1.0,0.1428568959236145,0.9533211588859558,0.2660278975963592,-0.1651051193475723,0.9710294604301452,-0.1870191395282745,0.1487477570772171,0.2037380039691925,0.1915566772222518,0.2370712757110595,-0.9524198174476624,0.8283536434173584,0,0,0,1
1.7333333333333334,0.6039860297974702,0.30391305662270857,0.7367752234051653,0.2017937153577804,-0.7558256312580918,0.5116895432463179,0.4085357101474498,0.1395521163940429,-0.2528408411289526,-0.8036234599279791,0.5387586135836595,0.8338801860809326,0.0,0.0,0.0,1.0,0.1428568959236145,0.9533211588859558,0.2660278975963592,-0.1651051193475723,0.9710294604301452,-0.1870191395282745,0.1487477570772171,0.2037380039691925,0.1915566772222518,0.2370712757110595,-0.9524198174476624,0.8283536434173584,0,0,0,1
1.7666666666666666,0.6039860297974702,0.30391305662270857,0.7367752234051653,0.2017937153577804,-0.7558256312580918,0.5116895432463179,0.4085357101474498,0.1395521163940429,-0.2528408411289526,-0.8036234599279791,0.5387586135836595,0.8338801860809326,0.0,0.0,0.0,1.0,0.1428568959236145,0.9533211588859558,0.2660278975963592,-0.1651051193475723,0.9710294604301452,-0.1870191395282745,0.1487477570772171,0.2037380039691925,0.1915566772222518,0.2370712757110595,-0.9524198174476624,0.8283536434173584,0,0,0,1
1.8,0.6039860297974702,0.30391305662270857,0.7367752234051653,0.2017937153577804,-0.7558256312580918,0.5116895432463179,0.4085357101474498,0.1395521163940429,-0.2528408411289526,-0.8036234599279791,0.5387586135836595,0.8338801860809326,0.0,0.0,0.0,1.0,0.1428568959236145,0.9533211588859558,0.2660278975963592,-0.1651051193475723,0.9710294604301452,-0.1870191395282745,0.1487477570772171,0.2037380039691925,0.1915566772222518,0.2370712757110595,-0.9524198174476624,0.8283536434173584,0,0,0,1
1.8333333333333333,0.6039860297974702,0.30391305662270857,0.7367752234051653,0.2017937153577804,-0.7558256312580918,0.5116895432463179,0.4085357101474498,0.1395521163940429,-0.2528408411289526,-0.8036234599279791,0.5387586135836595,0.8338801860809326,0.0,0.0,0.0,1.0,0.1428568959236145,0.9533211588859558,0.2660278975963592,-0.1651051193475723,0.9710294604301452,-0.1870191395282745,0.1487477570772171,0.2037380039691925,0.1915566772222518,0.2370712757110595,-0.9524198174476624,0.8283536434173584,0,0,0,1
1.8666666666666667,0.6039860297974702,0.30391305662270857,0.7367752234051653,0.2017937153577804,-0.7558256312580918,0.5116895432463179,0.4085357101474498,0.1395521163940429,-0.2528408411289526,-0.8036234599279791,0.5387586135836595,0.8338801860809326,0.0,0.0,0.0,1.0,0.1428568959236145,0.9533211588859558,0.2660278975963592,-0.1651051193475723,0.9710294604301452,-0.1870191395282745,0.1487477570772171,0.2037380039691925,0.1915566772222518,0.2370712757110595,-0.9524198174476624,0.8283536434173584,0,0,0,1
1.9,0.6039860297974702,0.30391305662270857,0.7367752234051653,0.2017937153577804,-0.7558256312580918,0.5116895432463179,0.4085357101474498,0.1395521163940429,-0.2528408411289526,-0.8036234599279791,0.5387586135836595,0.8338801860809326,0.0,0.0,0.0,1.0,0.1428568959236145,0.9533211588859558,0.2660278975963592,-0.1651051193475723,0.9710294604301452,-0.1870191395282745,0.1487477570772171,0.2037380039691925,0.1915566772222518,0.2370712757110595,-0.9524198174476624,0.8283536434173584,0,0,0,1
1.9333333333333333,0.6039860297974702,0.30391305662270857,0.7367752234051653,0.2017937153577804,-0.7558256312580918,0.5116895432463179,0.4085357101474498,0.1395521163940429,-0.2528408411289526,-0.8036234599279791,0.5387586135836595,0.8338801860809326,0.0,0.0,0.0,1.0,0.1428568959236145,0.9533211588859558,0.2660278975963592,-0.1651051193475723,0.9710294604301452,-0.1870191395282745,0.1487477570772171,0.2037380039691925,0.1915566772222518,0.2370712757110595,-0.9524198174476624,0.8283536434173584,0,0,0,1
1.9666666666666666,0.6039860297974702,0.30391305662270857,0.7367752234051653,0.2017937153577804,-0.7558256312580918,0.5116895432463179,0.4085357101474498,0.1395521163940429,-0.2528408411289526,-0.8036234599279791,0.5387586135836595,0.8338801860809326,0.0,0.0,0.0,1.0,0.1428568959236145,0.9533211588859558,0.2660278975963592,-0.1651051193475723,0.9710294604301452,-0.1870191395282745,0.1487477570772171,0.2037380039691925,0.1915566772222518,0.2370712757110595,-0.9524198174476624,0.8283536434173584,0,0,0,1
2.0,0.6039860297974702,0.30391305662270857,0.7367752234051653,0.2017937153577804,-0.7558256312580918,0.5116895432463179,0.4085357101474498,0.1395521163940429,-0.2528408411289526,-0.8036234599279791,0.5387586135836595,0.8338801860809326,0.0,0.0,0.0,1.0,0.1428568959236145,0.9533211588859558,0.2660278975963592,-0.1651051193475723,0.9710294604301452,-0.1870191395282745,0.1487477570772171,0.2037380039691925,0.1915566772222518,0.2370712757110595,-0.9524198174476624,0.8283536434173584,0,0,0,1
2.033333333333333,0.6039860297974702,0.30391305662270857,0.7367752234051653,0.2017937153577804,-0.7558256312580918,0.5116895432463179,0.4085357101474498,0.1395521163940429,-0.2528408411289526,-0.8036234599279791,0.5387586135836595,0.8338801860809326,0.0,0.0,0.0,1.0,0.1428568959236145,0.9533211588859558,0.2660278975963592,-0.1651051193475723,0.9710294604301452,-0.1870191395282745,0.1487477570772171,0.2037380039691925,0.1915566772222518,0.2370712757110595,-0.9524198174476624,0.8283536434173584,0,0,0,1
2.066666666666667,0.6039860297974702,0.30391305662270857,0.7367752234051653,0.2017937153577804,-0.7558256312580918,0.5116895432463179,0.4085357101474498,0.1395521163940429,-0.2528408411289526,-0.8036234599279791,0.5387586135836595,0.8338801860809326,0.0,0.0,0.0,1.0,0.1428568959236145,0.9533211588859558,0.2660278975963592,-0.1651051193475723,0.9710294604301452,-0.1870191395282745,0.1487477570772171,0.2037380039691925,0.1915566772222518,0.2370712757110595,-0.9524198174476624,0.8283536434173584,0,0,0,1
2.1,0.6039860297974702,0.30391305662270857,0.7367752234051653,0.2017937153577804,-0.7558256312580918,0.5116895432463179,0.4085357101474498,0.1395521163940429,-0.2528408411289526,-0.8036234599279791,0.5387586135836595,0.8338801860809326,0.0,0.0,0.0,1.0,0.1428568959236145,0.9533211588859558,0.2660278975963592,-0.1651051193475723,0.9710294604301452,-0.1870191395282745,0.1487477570772171,0.2037380039691925,0.1915566772222518,0.2370712757110595,-0.9524198174476624,0.8283536434173584,0,0,0,1
2.1333333333333333,0.6039860297974702,0.30391305662270857,0.7367752234051653,0.2017937153577804,-0.7558256312580918,0.5116895432463179,0.4085357101474498,0.1395521163940429,-0.2528408411289526,-0.8036234599279791,0.5387586135836595,0.8338801860809326,0.0,0.0,0.0,1.0,0.1428568959236145,0.9533211588859558,0.2660278975963592,-0.1651051193475723,0.9710294604301452,-0.1870191395282745,0.1487477570772171,0.2037380039691925,0.1915566772222518,0.2370712757110595,-0.9524198174476624,0.8283536434173584,0,0,0,1
2.1666666666666665,0.6039860297974702,0.30391305662270857,0.7367752234051653,0.2017937153577804,-0.7558256312580918,0.5116895432463179,0.4085357101474498,0.1395521163940429,-0.2528408411289526,-0.8036234599279791,0.5387586135836595,0.8338801860809326,0.0,0.0,0.0,1.0,0.1428568959236145,0.9533211588859558,0.2660278975963592,-0.1651051193475723,0.9710294604301452,-0.1870191395282745,0.1487477570772171,0.2037380039691925,0.1915566772222518,0.2370712757110595,-0.9524198174476624,0.8283536434173584,0,0,0,1
2.2,0.6039860297974702,0.30391305662270857,0.7367752234051653,0.2017937153577804,-0.7558256312580918,0.5116895432463179,0.4085357101474498,0.1395521163940429,-0.2528408411289526,-0.8036234599279791,0.5387586135836595,0.8338801860809326,0.0,0.0,0.0,1.0,0.1428568959236145,0.9533211588859558,0.2660278975963592,-0.1651051193475723,0.9710294604301452,-0.1870191395282745,0.1487477570772171,0.2037380039691925,0.1915566772222518,0.2370712757110595,-0.9524198174476624,0.8283536434173584,0,0,0,1
2.2333333333333334,0.6039860297974702,0.30391305662270857,0.7367752234051653,0.2017937153577804,-0.7558256312580918,0.5116895432463179,0.4085357101474498,0.1395521163940429,-0.2528408411289526,-0.8036234599279791,0.5387586135836595,0.8338801860809326,0.0,0.0,0.0,1.0,0.1428568959236145,0.9533211588859558,0.2660278975963592,-0.1651051193475723,0.9710294604301452,-0.1870191395282745,0.1487477570772171,0.2037380039691925,0.1915566772222518,0.2370712757110595,-0.9524198174476624,0.8283536434173584,0,0,0,1
2.2666666666666666,0.6039860297974702,0.30391305662270857,0.7367752234051653,0.2017937153577804,-0.7558256312580918,0.5116895432463179,0.4085357101474498,0.1395521163940429,-0.2528408411289526,-0.8036234599279791,0.5387586135836595,0.8338801860809326,0.0,0.0,0.0,1.0,0.1428568959236145,0.9533211588859558,0.2660278975963592,-0.1651051193475723,0.9710294604301452,-0.1870191395282745,0.1487477570772171,0.2037380039691925,0.1915566772222518,0.2370712757110595,-0.9524198174476624,0.8283536434173584,0,0,0,1
2.3,0.6039860297974702,0.30391305662270857,0.7367752234051653,0.2017937153577804,-0.7558256312580918,0.5116895432463179,0.4085357101474498,0.1395521163940429,-0.2528408411289526,-0.8036234599279791,0.5387586135836595,0.8338801860809326,0.0,0.0,0.0,1.0,0.1428568959236145,0.9533211588859558,0.2660278975963592,-0.1651051193475723,0.9710294604301452,-0.1870191395282745,0.1487477570772171,0.2037380039691925,0.1915566772222518,0.2370712757110595,-0.9524198174476624,0.8283536434173584,0,0,0,1
2.3333333333333335,0.6039860297974702,0.30391305662270857,0.7367752234051653,0.2017937153577804,-0.7558256312580918,0.5116895432463179,0.4085357101474498,0.1395521163940429,-0.2528408411289526,-0.8036234599279791,0.5387586135836595,0.8338801860809326,0.0,0.0,0.0,1.0,0.1428568959236145,0.9533211588859558,0.2660278975963592,-0.1651051193475723,0.9710294604301452,-0.1870191395282745,0.1487477570772171,0.2037380039691925,0.1915566772222518,0.2370712757110595,-0.9524198174476624,0.8283536434173584,0,0,0,1
2.3666666666666667,0.6039860297974702,0.30391305662270857,0.7367752234051653,0.2017937153577804,-0.7558256312580918,0.5116895432463179,0.4085357101474498,0.1395521163940429,-0.2528408411289526,-0.8036234599279791,0.5387586135836595,0.8338801860809326,0.0,0.0,0.0,1.0,0.1428568959236145,0.9533211588859558,0.2660278975963592,-0.1651051193475723,0.9710294604301452,-0.1870191395282745,0.1487477570772171,0.2037380039691925,0.1915566772222518,0.2370712757110595,-0.9524198174476624,0.8283536434173584,0,0,0,1
2.4,0.6039860297974702,0.30391305662270857,0.7367752234051653,0.2017937153577804,-0.7558256312580918,0.5116895432463179,0.4085357101474498,0.1395521163940429,-0.2528408411289526,-0.8036234599279791,0.5387586135836595,0.8338801860809326,0.0,0.0,0.0,1.0,0.1428568959236145,0.9533211588859558,0.2660278975963592,-0.1651051193475723,0.9710294604301452,-0.1870191395282745,0.1487477570772171,0.2037380039691925,0.1915566772222518,0.2370712757110595,-0.9524198174476624,0.8283536434173584,0,0,0,1
2.433333333333333,0.6039860297974702,0.30391305662270857,0.7367752234051653,0.2017937153577804,-0.7558256312580918,0.5116895432463179,0.4085357101474498,0.1395521163940429,-0.2528408411289526,-0.8036234599279791,0.5387586135836595,0.8338801860809326,0.0,0.0,0.0,1.0,0.1428568959236145,0.9533211588859558,0.2660278975963592,-0.1651051193475723,0.9710294604301452,-0.1870191395282745,0.1487477570772171,0.2037380039691925,0.1915566772222518,0.2370712757110595,-0.9524198174476624,0.8283536434173584,0,0,0,1
2.466666666666667,0.6039860297974702,0.30391305662270857,0.7367752234051653,0.2017937153577804,-0.7558256312580918,0.5116895432463179,0.4085357101474498,0.1395521163940429,-0.2528408411289526,-0.8036234599279791,0.5387586135836595,0.8338801860809326,0.0,0.0,0.0,1.0,0.1428568959236145,0.9533211588859558,0.2660278975963592,-0.1651051193475723,0.9710294604301452,-0.1870191395282745,0.1487477570772171,0.2037380039691925,0.1915566772222518,0.2370712757110595,-0.9524198174476624,0.8283536434173584,0,0,0,1
2.5,0.6039860297974702,0.30391305662270857,0.7367752234051653,0.2017937153577804,-0.7558256312580918,0.5116895432463179,0.4085357101474498,0.1395521163940429,-0.2528408411289526,-0.8036234599279791,0.5387586135836595,0.8338801860809326,0.0,0.0,0.0,1.0,0.1428568959236145,0.9533211588859558,0.2660278975963592,-0.1651051193475723,0.9710294604301452,-0.1870191395282745,0.1487477570772171,0.2037380039691925,0.1915566772222518,0.2370712757110595,-0.9524198174476624,0.8283536434173584,0,0,0,1
2.533333333333333,0.6039860297974702,0.30391305662270857,0.7367752234051653,0.2017937153577804,-0.7558256312580918,0.5116895432463179,0.4085357101474498,0.1395521163940429,-0.2528408411289526,-0.8036234599279791,0.5387586135836595,0.8338801860809326,0.0,0.0,0.0,1.0,0.1428568959236145,0.9533211588859558,0.2660278975963592,-0.1651051193475723,0.9710294604301452,-0.1870191395282745,0.1487477570772171,0.2037380039691925,0.1915566772222518,0.2370712757110595,-0.9524198174476624,0.8283536434173584,0,0,0,1
2.566666666666667,0.6039860297974702,0.30391305662270857,0.7367752234051653,0.2017937153577804,-0.7558256312580918,0.5116895432463179,0.4085357101474498,0.1395521163940429,-0.2528408411289526,-0.8036234599279791,0.5387586135836595,0.8338801860809326,0.0,0.0,0.0,1.0,0.1428568959236145,0.9533211588859558,0.2660278975963592,-0.1651051193475723,0.9710294604301452,-0.1870191395282745,0.1487477570772171,0.2037380039691925,0.1915566772222518,0.2370712757110595,-0.9524198174476624,0.8283536434173584,0,0,0,1
2.6,0.6039860297974702,0.30391305662270857,0.7367752234051653,0.2017937153577804,-0.7558256312580918,0.5116895432463179,0.4085357101474498,0.1395521163940429,-0.2528408411289526,-0.8036234599279791,0.5387586135836595,0.8338801860809326,0.0,0.0,0.0,1.0,0.1428568959236145,0.9533211588859558,0.2660278975963592,-0.1651051193475723,0.9710294604301452,-0.1870191395282745,0.1487477570772171,0.2037380039691925,0.1915566772222518,0.2370712757110595,-0.9524198174476624,0.8283536434173584,0,0,0,1
2.6333333333333333,0.6039860297974702,0.30391305662270857,0.7367752234051653,0.2017937153577804,-0.7558256312580918,0.5116895432463179,0.4085357101474498,0.1395521163940429,-0.2528408411289526,-0.8036234599279791,0.5387586135836595,0.8338801860809326,0.0,0.0,0.0,1.0,0.1428568959236145,0.9533211588859558,0.2660278975963592,-0.1651051193475723,0.9710294604301452,-0.1870191395282745,0.1487477570772171,0.2037380039691925,0.1915566772222518,0.2370712757110595,-0.9524198174476624,0.8283536434173584,0,0,0,1
2.6666666666666665,0.6039860297974702,0.30391305662270857,0.7367752234051653,0.2017937153577804,-0.7558256312580918,0.5116895432463179,0.4085357101474498,0.1395521163940429,-0.2528408411289526,-0.8036234599279791,0.5387586135836595,0.8338801860809326,0.0,0.0,0.0,1.0,0.1428568959236145,0.9533211588859558,0.2660278975963592,-0.1651051193475723,0.9710294604301452,-0.1870191395282745,0.1487477570772171,0.2037380039691925,0.1915566772222518,0.2370712757110595,-0.9524198174476624,0.8283536434173584,0,0,0,1
2.7,0.6039860297974702,0.30391305662270857,0.7367752234051653,0.2017937153577804,-0.7558256312580918,0.5116895432463179,0.4085357101474498,0.1395521163940429,-0.2528408411289526,-0.8036234599279791,0.5387586135836595,0.8338801860809326,0.0,0.0,0.0,1.0,0.1428568959236145,0.9533211588859558,0.2660278975963592,-0.1651051193475723,0.9710294604301452,-0.1870191395282745,0.1487477570772171,0.2037380039691925,0.1915566772222518,0.2370712757110595,-0.9524198174476624,0.8283536434173584,0,0,0,1
2.7333333333333334,0.6039860297974702,0.30391305662270857,0.7367752234051653,0.2017937153577804,-0.7558256312580918,0.5116895432463179,0.4085357101474498,0.1395521163940429,-0.2528408411289526,-0.8036234599279791,0.5387586135836595,0.8338801860809326,0.0,0.0,0.0,1.0,0.1428568959236145,0.9533211588859558,0.2660278975963592,-0.1651051193475723,0.9710294604301452,-0.1870191395282745,0.1487477570772171,0.2037380039691925,0.1915566772222518,0.2370712757110595,-0.9524198174476624,0.8283536434173584,0,0,0,1
2.7666666666666666,0.6039860297974702,0.30391305662270857,0.7367752234051653,0.2017937153577804,-0.7558256312580918,0.5116895432463179,0.4085357101474498,0.1395521163940429,-0.2528408411289526,-0.8036234599279791,0.5387586135836595,0.8338801860809326,0.0,0.0,0.0,1.0,0.1428568959236145,0.9533211588859558,0.2660278975963592,-0.1651051193475723,0.9710294604301452,-0.1870191395282745,0.1487477570772171,0.2037380039691925,0.1915566772222518,0.2370712757110595,-0.9524198174476624,0.8283536434173584,0,0,0,1
2.8,0.6039860297974702,0.30391305662270857,0.7367752234051653,0.2017937153577804,-0.7558256312580918,0.5116895432463179,0.4085357101474498,0.1395521163940429,-0.2528408411289526,-0.8036234599279791,0.5387586135836595,0.8338801860809326,0.0,0.0,0.0,1.0,0.1428568959236145,0.9533211588859558,0.2660278975963592,-0.1651051193475723,0.9710294604301452,-0.1870191395282745,0.1487477570772171,0.2037380039691925,0.1915566772222518,0.2370712757110595,-0.9524198174476624,0.8283536434173584,0,0,0,1
2.8333333333333335,0.6039860297974702,0.30391305662270857,0.7367752234051653,0.2017937153577804,-0.7558256312580918,0.5116895432463179,0.4085357101474498,0.1395521163940429,-0.2528408411289526,-0.8036234599279791,0.5387586135836595,0.8338801860809326,0.0,0.0,0.0,1.0,0.1428568959236145,0.9533211588859558,0.2660278975963592,-0.1651051193475723,0.9710294604301452,-0.1870191395282745,0.1487477570772171,0.2037380039691925,0.1915566772222518,0.2370712757110595,-0.9524198174476624,0.8283536434173584,0,0,0,1
2.8666666666666667,0.6039860297974702,0.30391305662270857,0.7367752234051653,0.2017937153577804,-0.7558256312580918,0.5116895432463179,0.4085357101474498,0.1395521163940429,-0.2528408411289526,-0.8036234599279791,0.5387586135836595,0.8338801860809326,0.0,0.0,0.0,1.0,0.1428568959236145,0.9533211588859558,0.2660278975963592,-0.1651051193475723,0.9710294604301452,-0.1870191395282745,0.1487477570772171,0.2037380039691925,0.1915566772222518,0.2370712757110595,-0.9524198174476624,0.8283536434173584,0,0,0,1
2.9,0.6039860297974702,0.30391305662270857,0.7367752234051653,0.2017937153577804,-0.7558256312580918,0.5116895432463179,0.4085357101474498,0.1395521163940429,-0.2528408411289526,-0.8036234599279791,0.5387586135836595,0.8338801860809326,0.0,0.0,0.0,1.0,0.1428568959236145,0.9533211588859558,0.2660278975963592,-0.1651051193475723,0.9710294604301452,-0.1870191395282745,0.1487477570772171,0.2037380039691925,0.1915566772222518,0.2370712757110595,-0.9524198174476624,0.8283536434173584,0,0,0,1
2.933333333333333,0.6039860297974702,0.30391305662270857,0.7367752234051653,0.2017937153577804,-0.7558256312580918,0.5116895432463179,0.4085357101474498,0.1395521163940429,-0.2528408411289526,-0.8036234599279791,0.5387586135836595,0.8338801860809326,0.0,0.0,0.0,1.0,0.1428568959236145,0.9533211588859558,0.2660278975963592,-0.1651051193475723,0.9710294604301452,-0.1870191395282745,0.1487477570772171,0.2037380039691925,0.1915566772222518,0.2370712757110595,-0.9524198174476624,0.8283536434173584,0,0,0,1
2.966666666666667,0.6039860297974702,0.30391305662270857,0.7367752234051653,0.2017937153577804,-0.7558256312580918,0.5116895432463179,0.4085357101474498,0.1395521163940429,-0.2528408411289526,-0.8036234599279791,0.5387586135836595,0.8338801860809326,0.0,0.0,0.0,1.0,0.1428568959236145,0.9533211588859558,0.2660278975963592,-0.1651051193475723,0.9710294604301452,-0.1870191395282745,0.1487477570772171,0.2037380039691925,0.1915566772222518,0.2370712757110595,-0.9524198174476624,0.8283536434173584,0,0,0,1
3.0,0.6039860297974702,0.30391305662270857,0.7367752234051653,0.2017937153577804,-0.7558256312580918,0.5116895432463179,0.4085357101474498,0.1395521163940429,-0.2528408411289526,-0.8036234599279791,0.5387586135836595,0.8338801860809326,0.0,0.0,0.0,1.0,0.1428568959236145,0.9533211588859558,0.2660278975963592,-0.1651051193475723,0.9710294604301452,-0.1870191395282745,0.1487477570772171,0.2037380039691925,0.1915566772222518,0.2370712757110595,-0.9524198174476624,0.8283536434173584,0,0,0,1
3.033333333333333,0.6039860297974702,0.30391305662270857,0.7367752234051653,0.2017937153577804,-0.7558256312580918,0.5116895432463179,0.4085357101474498,0.1395521163940429,-0.2528408411289526,-0.8036234599279791,0.5387586135836595,0.8338801860809326,0.0,0.0,0.0,1.0,0.1428568959236145,0.9533211588859558,0.2660278975963592,-0.1651051193475723,0.9710294604301452,-0.1870191395282745,0.1487477570772171,0.2037380039691925,0.1915566772222518,0.2370712757110595,-0.9524198174476624,0.8283536434173584,0,0,0,1
3.066666666666667,0.6039860297974702,0.30391305662270857,0.7367752234051653,0.2017937153577804,-0.7558256312580918,0.5116895432463179,0.4085357101474498,0.1395521163940429,-0.2528408411289526,-0.8036234599279791,0.5387586135836595,0.8338801860809326,0.0,0.0,0.0,1.0,0.1428568959236145,0.9533211588859558,0.2660278975963592,-0.1651051193475723,0.9710294604301452,-0.1870191395282745,0.1487477570772171,0.2037380039691925,0.1915566772222518,0.2370712757110595,-0.9524198174476624,0.8283536434173584,0,0,0,1
3.1,0.6039860297974702,0.30391305662270857,0.7367752234051653,0.2017937153577804,-0.7558256312580918,0.5116895432463179,0.4085357101474498,0.1395521163940429,-0.2528408411289526,-0.8036234599279791,0.5387586135836595,0.8338801860809326,0.0,0.0,0.0,1.0,0.1428568959236145,0.9533211588859558,0.2660278975963592,-0.1651051193475723,0.9710294604301452,-0.1870191395282745,0.1487477570772171,0.2037380039691925,0.1915566772222518,0.2370712757110595,-0.9524198174476624,0.8283536434173584,0,0,0,1
3.1333333333333333,0.6039860297974702,0.30391305662270857,0.7367752234051653,0.2017937153577804,-0.7558256312580918,0.5116895432463179,0.4085357101474498,0.1395521163940429,-0.2528408411289526,-0.8036234599279791,0.5387586135836595,0.8338801860809326,0.0,0.0,0.0,1.0,0.1428568959236145,0.9533211588859558,0.2660278975963592,-0.1651051193475723,0.9710294604301452,-0.1870191395282745,0.1487477570772171,0.2037380039691925,0.1915566772222518,0.2370712757110595,-0.9524198174476624,0.8283536434173584,0,0,0,1
3.1666666666666665,0.6039860297974702,0.30391305662270857,0.7367752234051653,0.2017937153577804,-0.7558256312580918,0.5116895432463179,0.4085357101474498,0.1395521163940429,-0.2528408411289526,-0.8036234599279791,0.5387586135836595,0.8338801860809326,0.0,0.0,0.0,1.0,0.1428568959236145,0.9533211588859558,0.2660278975963592,-0.1651051193475723,0.9710294604301452,-0.1870191395282745,0.1487477570772171,0.2037380039691925,0.1915566772222518,0.2370712757110595,-0.9524198174476624,0.8283536434173584,0,0,0,1
3.2,0.6039860297974702,0.30391305662270857,0.7367752234051653,0.2017937153577804,-0.7558256312580918,0.5116895432463179,0.4085357101474498,0.1395521163940429,-0.2528408411289526,-0.8036234599279791,0.5387586135836595,0.8338801860809326,0.0,0.0,0.0,1.0,0.1428568959236145,0.9533211588859558,0.2660278975963592,-0.1651051193475723,0.9710294604301452,-0.1870191395282745,0.1487477570772171,0.2037380039691925,0.1915566772222518,0.2370712757110595,-0.9524198174476624,0.8283536434173584,0,0,0,1
3.2333333333333334,0.6039860297974702,0.30391305662270857,0.7367752234051653,0.2017937153577804,-0.7558256312580918,0.5116895432463179,0.4085357101474498,0.1395521163940429,-0.2528408411289526,-0.8036234599279791,0.5387586135836595,0.8338801860809326,0.0,0.0,0.0,1.0,0.1428568959236145,0.9533211588859558,0.2660278975963592,-0.1651051193475723,0.9710294604301452,-0.1870191395282745,0.1487477570772171,0.2037380039691925,0.1915566772222518,0.2370712757110595,-0.9524198174476624,0.8283536434173584,0,0,0,1
3.2666666666666666,0.6039860297974702,0.30391305662270857,0.7367752234051653,0.2017937153577804,-0.7558256312580918,0.5116895432463179,0.4085357101474498,0.1395521163940429,-0.2528408411289526,-0.8036234599279791,0.5387586135836595,0.8338801860809326,0.0,0.0,0.0,1.0,0.1428568959236145,0.9533211588859558,0.2660278975963592,-0.1651051193475723,0.9710294604301452,-0.1870191395282745,0.1487477570772171,0.2037380039691925,0.1915566772222518,0.2370712757110595,-0.9524198174476624,0.8283536434173584,0,0,0,1
3.3,0.6039860297974702,0.30391305662270857,0.7367752234051653,0.2017937153577804,-0.7558256312580918,0.5116895432463179,0.4085357101474498,0.1395521163940429,-0.2528408411289526,-0.8036234599279791,0.5387586135836595,0.8338801860809326,0.0,0.0,0.0,1.0,0.1428568959236145,0.9533211588859558,0.2660278975963592,-0.1651051193475723,0.9710294604301452,-0.1870191395282745,0.1487477570772171,0.2037380039691925,0.1915566772222518,0.2370712757110595,-0.9524198174476624,0.8283536434173584,0,0,0,1
3.3333333333333335,0.6039860297974702,0.30391305662270857,0.7367752234051653,0.2017937153577804,-0.7558256312580918,0.5116895432463179,0.4085357101474498,0.1395521163940429,-0.2528408411289526,-0.8036234599279791,0.5387586135836595,0.8338801860809326,0.0,0.0,0.0,1.0,0.1428568959236145,0.9533211588859558,0.2660278975963592,-0.1651051193475723,0.9710294604301452,-0.1870191395282745,0.1487477570772171,0.2037380039691925,0.1915566772222518,0.2370712757110595,-0.9524198174476624,0.8283536434173584,0,0,0,1
3.3666666666666667,0.6039860297974702,0.30391305662270857,0.7367752234051653,0.2017937153577804,-0.7558256312580918,0.5116895432463179,0.4085357101474498,0.1395521163940429,-0.2528408411289526,-0.8036234599279791,0.5387586135836595,0.8338801860809326,0.0,0.0,0.0,1.0,0.1428568959236145,0.9533211588859558,0.2660278975963592,-0.1651051193475723,0.9710294604301452,-0.1870191395282745,0.1487477570772171,0.2037380039691925,0.1915566772222518,0.2370712757110595,-0.9524198174476624,0.8283536434173584,0,0,0,1
3.4,0.6039860297974702,0.30391305662270857,0.7367752234051653,0.2017937153577804,-0.7558256312580918,0.5116895432463179,0.4085357101474498,0.1395521163940429,-0.2528408411289526,-0.8036234599279791,0.5387586135836595,0.8338801860809326,0.0,0.0,0.0,1.0,0.1428568959236145,0.9533211588859558,0.2660278975963592,-0.1651051193475723,0.9710294604301452,-0.1870191395282745,0.1487477570772171,0.2037380039691925,0.1915566772222518,0.2370712757110595,-0.9524198174476624,0.8283536434173584,0,0,0,1
3.433333333333333,0.6039860297974702,0.30391305662270857,0.7367752234051653,0.2017937153577804,-0.7558256312580918,0.5116895432463179,0.4085357101474498,0.1395521163940429,-0.2528408411289526,-0.8036234599279791,0.5387586135836595,0.8338801860809326,0.0,0.0,0.0,1.0,0.1428568959236145,0.9533211588859558,0.2660278975963592,-0.1651051193475723,0.9710294604301452,-0.1870191395282745,0.1487477570772171,0.2037380039691925,0.1915566772222518,0.2370712757110595,-0.9524198174476624,0.8283536434173584,0,0,0,1
3.466666666666667,0.6039860297974702,0.30391305662270857,0.7367752234051653,0.2017937153577804,-0.7558256312580918,0.5116895432463179,0.4085357101474498,0.1395521163940429,-0.2528408411289526,-0.8036234599279791,0.5387586135836595,0.8338801860809326,0.0,0.0,0.0,1.0,0.1428568959236145,0.9533211588859558,0.2660278975963592,-0.1651051193475723,0.9710294604301452,-0.1870191395282745,0.1487477570772171,0.2037380039691925,0.1915566772222518,0.2370712757110595,-0.9524198174476624,0.8283536434173584,0,0,0,1
3.5,0.6039860297974702,0.30391305662270857,0.7367752234051653,0.2017937153577804,-0.7558256312580918,0.5116895432463179,0.4085357101474498,0.1395521163940429,-0.2528408411289526,-0.8036234599279791,0.5387586135836595,0.8338801860809326,0.0,0.0,0.0,1.0,0.1428568959236145,0.9533211588859558,0.2660278975963592,-0.1651051193475723,0.9710294604301452,-0.1870191395282745,0.1487477570772171,0.2037380039691925,0.1915566772222518,0.2370712757110595,-0.9524198174476624,0.8283536434173584,0,0,0,1
3.533333333333333,0.6039860297974702,0.30391305662270857,0.7367752234051653,0.2017937153577804,-0.7558256312580918,0.5116895432463179,0.4085357101474498,0.1395521163940429,-0.2528408411289526,-0.8036234599279791,0.5387586135836595,0.8338801860809326,0.0,0.0,0.0,1.0,0.1428568959236145,0.9533211588859558,0.2660278975963592,-0.1651051193475723,0.9710294604301452,-0.1870191395282745,0.1487477570772171,0.2037380039691925,0.1915566772222518,0.2370712757110595,-0.9524198174476624,0.8283536434173584,0,0,0,1
3.566666666666667,0.6039860297974702,0.30391305662270857,0.7367752234051653,0.2017937153577804,-0.7558256312580918,0.5116895432463179,0.4085357101474498,0.1395521163940429,-0.2528408411289526,-0.8036234599279791,0.5387586135836595,0.8338801860809326,0.0,0.0,0.0,1.0,0.1428568959236145,0.9533211588859558,0.2660278975963592,-0.1651051193475723,0.9710294604301452,-0.1870191395282745,0.1487477570772171,0.2037380039691925,0.1915566772222518,0.2370712757110595,-0.9524198174476624,0.8283536434173584,0,0,0,1
3.6,0.6039860297974702,0.30391305662270857,0.7367752234051653,0.2017937153577804,-0.7558256312580918,0.5116895432463179,0.4085357101474498,0.1395521163940429,-0.2528408411289526,-0.8036234599279791,0.5387586135836595,0.8338801860809326,0.0,0.0,0.0,1.0,0.1428568959236145,0.9533211588859558,0.2660278975963592,-0.1651051193475723,0.9710294604301452,-0.1870191395282745,0.1487477570772171,0.2037380039691925,0.1915566772222518,0.2370712757110595,-0.9524198174476624,0.8283536434173584,0,0,0,1
3.6333333333333333,0.6039860297974702,0.30391305662270857,0.7367752234051653,0.2017937153577804,-0.7558256312580918,0.5116895432463179,0.4085357101474498,0.1395521163940429,-0.2528408411289526,-0.8036234599279791,0.5387586135836595,0.8338801860809326,0.0,0.0,0.0,1.0,0.1428568959236145,0.9533211588859558,0.2660278975963592,-0.1651051193475723,0.9710294604301452,-0.1870191395282745,0.1487477570772171,0.2037380039691925,0.1915566772222518,0.2370712757110595,-0.9524198174476624,0.8283536434173584,0,0,0,1
3.6666666666666665,0.6039860297974702,0.30391305662270857,0.7367752234051653,0.2017937153577804,-0.7558256312580918,0.5116895432463179,0.4085357101474498,0.1395521163940429,-0.2528408411289526,-0.8036234599279791,0.5387586135836595,0.8338801860809326,0.0,0.0,0.0,1.0,0.1428568959236145,0.9533211588859558,0.2660278975963592,-0.1651051193475723,0.9710294604301452,-0.1870191395282745,0.1487477570772171,0.2037380039691925,0.1915566772222518,0.2370712757110595,-0.9524198174476624,0.8283536434173584,0,0,0,1
3.7,0.6039860297974702,0.30391305662270857,0.7367752234051653,0.2017937153577804,-0.7558256312580918,0.5116895432463179,0.4085357101474498,0.1395521163940429,-0.2528408411289526,-0.8036234599279791,0.5387586135836595,0.8338801860809326,0.0,0.0,0.0,1.0,0.1428568959236145,0.9533211588859558,0.2660278975963592,-0.1651051193475723,0.9710294604301452,-0.1870191395282745,0.1487477570772171,0.2037380039691925,0.1915566772222518,0.2370712757110595,-0.9524198174476624,0.8283536434173584,0,0,0,1
3.7333333333333334,0.6039860297974702,0.30391305662270857,0.7367752234051653,0.2017937153577804,-0.7558256312580918,0.5116895432463179,0.4085357101474498,0.1395521163940429,-0.2528408411289526,-0.8036234599279791,0.5387586135836595,0.8338801860809326,0.0,0.0,0.0,1.0,0.1428568959236145,0.9533211588859558,0.2660278975963592,-0.1651051193475723,0.9710294604301452,-0.1870191395282745,0.1487477570772171,0.2037380039691925,0.1915566772222518,0.2370712757110595,-0.9524198174476624,0.8283536434173584,0,0,0,1
3.7666666666666666,0.6039860297974702,0.30391305662270857,0.7367752234051653,0.2017937153577804,-0.7558256312580918,0.5116895432463179,0.4085357101474498,0.1395521163940429,-0.2528408411289526,-0.8036234599279791,0.5387586135836595,0.8338801860809326,0.0,0.0,0.0,1.0,0.1428568959236145,0.9533211588859558,0.2660278975963592,-0.1651051193475723,0.9710294604301452,-0.1870191395282745,0.1487477570772171,0.2037380039691925,0.1915566772222518,0.2370712757110595,-0.9524198174476624,0.8283536434173584,0,0,0,1
3.8,0.6039860297974702,0.30391305662270857,0.7367752234051653,0.2017937153577804,-0.7558256312580918,0.5116895432463179,0.4085357101474498,0.1395521163940429,-0.2528408411289526,-0.8036234599279791,0.5387586135836595,0.8338801860809326,0.0,0.0,0.0,1.0,0.1428568959236145,0.9533211588859558,0.2660278975963592,-0.1651051193475723,0.9710294604301452,-0.1870191395282745,0.1487477570772171,0.2037380039691925,0.1915566772222518,0.2370712757110595,-0.9524198174476624,0.8283536434173584,0,0,0,1
3.8333333333333335,0.6039860297974702,0.30391305662270857,0.7367752234051653,0.2017937153577804,-0.7558256312580918,0.5116895432463179,0.4085357101474498,0.1395521163940429,-0.2528408411289526,-0.8036234599279791,0.5387586135836595,0.8338801860809326,0.0,0.0,0.0,1.0,0.1428568959236145,0.9533211588859558,0.2660278975963592,-0.1651051193475723,0.9710294604301452,-0.1870191395282745,0.1487477570772171,0.2037380039691925,0.1915566772222518,0.2370712757110595,-0.9524198174476624,0.8283536434173584,0,0,0,1
3.8666666666666667,0.6039860297974702,0.30391305662270857,0.7367752234051653,0.2017937153577804,-0.7558256312580918,0.5116895432463179,0.4085357101474498,0.1395521163940429,-0.2528408411289526,-0.8036234599279791,0.5387586135836595,0.8338801860809326,0.0,0.0,0.0,1.0,0.1428568959236145,0.9533211588859558,0.2660278975963592,-0.1651051193475723,0.9710294604301452,-0.1870191395282745,0.1487477570772171,0.2037380039691925,0.1915566772222518,0.2370712757110595,-0.9524198174476624,0.8283536434173584,0,0,0,1
3.9,0.6039860297974702,0.30391305662270857,0.7367752234051653,0.2017937153577804,-0.7558256312580918,0.5116895432463179,0.4085357101474498,0.1395521163940429,-0.2528408411289526,-0.8036234599279791,0.5387586135836595,0.8338801860809326,0.0,0.0,0.0,1.0,0.1428568959236145,0.9533211588859558,0.2660278975963592,-0.1651051193475723,0.9710294604301452,-0.1870191395282745,0.1487477570772171,0.2037380039691925,0.1915566772222518,0.2370712757110595,-0.9524198174476624,0.8283536434173584,0,0,0,1
3.933333333333333,0.6039860297974702,0.30391305662270857,0.7367752234051653,0.2017937153577804,-0.7558256312580918,0.5116895432463179,0.4085357101474498,0.1395521163940429,-0.2528408411289526,-0.8036234599279791,0.5387586135836595,0.8338801860809326,0.0,0.0,0.0,1.0,0.1428568959236145,0.9533211588859558,0.2660278975963592,-0.1651051193475723,0.9710294604301452,-0.1870191395282745,0.1487477570772171,0.2037380039691925,0.1915566772222518,0.2370712757110595,-0.9524198174476624,0.8283536434173584,0,0,0,1
3.966666666666667,0.6039860297974702,0.30391305662270857,0.7367752234051653,0.2017937153577804,-0.7558256312580918,0.5116895432463179,0.4085357101474498,0.1395521163940429,-0.2528408411289526,-0.8036234599279791,0.5387586135836595,0.8338801860809326,0.0,0.0,0.0,1.0,0.1428568959236145,0.9533211588859558,0.2660278975963592,-0.1651051193475723,0.9710294604301452,-0.1870191395282745,0.1487477570772171,0.2037380039691925,0.1915566772222518,0.2370712757110595,-0.9524198174476624,0.8283536434173584,0,0,0,1
4.0,0.6039860297974702,0.30391305662270857,0.7367752234051653,0.2017937153577804,-0.7558256312580918,0.5116895432463179,0.4085357101474498,0.1395521163940429,-0.2528408411289526,-0.8036234599279791,0.5387586135836595,0.8338801860809326,0.0,0.0,0.0,1.0,0.1428568959236145,0.9533211588859558,0.2660278975963592,-0.1651051193475723,0.9710294604301452,-0.1870191395282745,0.1487477570772171,0.2037380039691925,0.1915566772222518,0.2370712757110595,-0.9524198174476624,0.8283536434173584,0,0,0,1
4.033333333333333,0.6039860297974702,0.30391305662270857,0.7367752234051653,0.2017937153577804,-0.7558256312580918,0.5116895432463179,0.4085357101474498,0.1395521163940429,-0.2528408411289526,-0.8036234599279791,0.5387586135836595,0.8338801860809326,0.0,0.0,0.0,1.0,0.1428568959236145,0.9533211588859558,0.2660278975963592,-0.1651051193475723,0.9710294604301452,-0.1870191395282745,0.1487477570772171,0.2037380039691925,0.1915566772222518,0.2370712757110595,-0.9524198174476624,0.8283536434173584,0,0,0,1
4.066666666666666,0.6039860297974702,0.30391305662270857,0.7367752234051653,0.2017937153577804,-0.7558256312580918,0.5116895432463179,0.4085357101474498,0.1395521163940429,-0.2528408411289526,-0.8036234599279791,0.5387586135836595,0.8338801860809326,0.0,0.0,0.0,1.0,0.1428568959236145,0.9533211588859558,0.2660278975963592,-0.1651051193475723,0.9710294604301452,-0.1870191395282745,0.1487477570772171,0.2037380039691925,0.1915566772222518,0.2370712757110595,-0.9524198174476624,0.8283536434173584,0,0,0,1
4.1,0.6039860297974702,0.30391305662270857,0.7367752234051653,0.2017937153577804,-0.7558256312580918,0.5116895432463179,0.4085357101474498,0.1395521163940429,-0.2528408411289526,-0.8036234599279791,0.5387586135836595,0.8338801860809326,0.0,0.0,0.0,1.0,0.1428568959236145,0.9533211588859558,0.2660278975963592,-0.1651051193475723,0.9710294604301452,-0.1870191395282745,0.1487477570772171,0.2037380039691925,0.1915566772222518,0.2370712757110595,-0.9524198174476624,0.8283536434173584,0,0,0,1
4.133333333333334,0.6039860297974702,0.30391305662270857,0.7367752234051653,0.2017937153577804,-0.7558256312580918,0.5116895432463179,0.4085357101474498,0.1395521163940429,-0.2528408411289526,-0.8036234599279791,0.5387586135836595,0.8338801860809326,0.0,0.0,0.0,1.0,0.1428568959236145,0.9533211588859558,0.2660278975963592,-0.1651051193475723,0.9710294604301452,-0.1870191395282745,0.1487477570772171,0.2037380039691925,0.1915566772222518,0.2370712757110595,-0.9524198174476624,0.8283536434173584,0,0,0,1
4.166666666666667,0.6039860297974702,0.30391305662270857,0.7367752234051653,0.2017937153577804,-0.7558256312580918,0.5116895432463179,0.4085357101474498,0.1395521163940429,-0.2528408411289526,-0.8036234599279791,0.5387586135836595,0.8338801860809326,0.0,0.0,0.0,1.0,0.1428568959236145,0.9533211588859558,0.2660278975963592,-0.1651051193475723,0.9710294604301452,-0.1870191395282745,0.1487477570772171,0.2037380039691925,0.1915566772222518,0.2370712757110595,-0.9524198174476624,0.8283536434173584,0,0,0,1
4.2,0.6039860297974702,0.30391305662270857,0.7367752234051653,0.2017937153577804,-0.7558256312580918,0.5116895432463179,0.4085357101474498,0.1395521163940429,-0.2528408411289526,-0.8036234599279791,0.5387586135836595,0.8338801860809326,0.0,0.0,0.0,1.0,0.1428568959236145,0.9533211588859558,0.2660278975963592,-0.1651051193475723,0.9710294604301452,-0.1870191395282745,0.1487477570772171,0.2037380039691925,0.1915566772222518,0.2370712757110595,-0.9524198174476624,0.8283536434173584,0,0,0,1
4.233333333333333,0.6039860297974702,0.30391305662270857,0.7367752234051653,0.2017937153577804,-0.7558256312580918,0.5116895432463179,0.4085357101474498,0.1395521163940429,-0.2528408411289526,-0.8036234599279791,0.5387586135836595,0.8338801860809326,0.0,0.0,0.0,1.0,0.1428568959236145,0.9533211588859558,0.2660278975963592,-0.1651051193475723,0.9710294604301452,-0.1870191395282745,0.1487477570772171,0.2037380039691925,0.1915566772222518,0.2370712757110595,-0.9524198174476624,0.8283536434173584,0,0,0,1
4.266666666666667,0.6039860297974702,0.30391305662270857,0.7367752234051653,0.2017937153577804,-0.7558256312580918,0.5116895432463179,0.4085357101474498,0.1395521163940429,-0.2528408411289526,-0.8036234599279791,0.5387586135836595,0.8338801860809326,0.0,0.0,0.0,1.0,0.1428568959236145,0.9533211588859558,0.2660278975963592,-0.1651051193475723,0.9710294604301452,-0.1870191395282745,0.1487477570772171,0.2037380039691925,0.1915566772222518,0.2370712757110595,-0.9524198174476624,0.8283536434173584,0,0,0,1
4.3,0.6039860297974702,0.30391305662270857,0.7367752234051653,0.2017937153577804,-0.7558256312580918,0.5116895432463179,0.4085357101474498,0.1395521163940429,-0.2528408411289526,-0.8036234599279791,0.5387586135836595,0.8338801860809326,0.0,0.0,0.0,1.0,0.1428568959236145,0.9533211588859558,0.2660278975963592,-0.1651051193475723,0.9710294604301452,-0.1870191395282745,0.1487477570772171,0.2037380039691925,0.1915566772222518,0.2370712757110595,-0.9524198174476624,0.8283536434173584,0,0,0,1
4.333333333333333,0.6039860297974702,0.30391305662270857,0.7367752234051653,0.2017937153577804,-0.7558256312580918,0.5116895432463179,0.4085357101474498,0.1395521163940429,-0.2528408411289526,-0.8036234599279791,0.5387586135836595,0.8338801860809326,0.0,0.0,0.0,1.0,0.1428568959236145,0.9533211588859558,0.2660278975963592,-0.1651051193475723,0.9710294604301452,-0.1870191395282745,0.1487477570772171,0.2037380039691925,0.1915566772222518,0.2370712757110595,-0.9524198174476624,0.8283536434173584,0,0,0,1
4.366666666666666,0.6039860297974702,0.30391305662270857,0.7367752234051653,0.2017937153577804,-0.7558256312580918,0.5116895432463179,0.4085357101474498,0.1395521163940429,-0.2528408411289526,-0.8036234599279791,0.5387586135836595,0.8338801860809326,0.0,0.0,0.0,1.0,0.1428568959236145,0.9533211588859558,0.2660278975963592,-0.1651051193475723,0.9710294604301452,-0.1870191395282745,0.1487477570772171,0.2037380039691925,0.1915566772222518,0.2370712757110595,-0.9524198174476624,0.8283536434173584,0,0,0,1
4.4,0.6039860297974702,0.30391305662270857,0.7367752234051653,0.2017937153577804,-0.7558256312580918,0.5116895432463179,0.4085357101474498,0.1395521163940429,-0.2528408411289526,-0.8036234599279791,0.5387586135836595,0.8338801860809326,0.0,0.0,0.0,1.0,0.1428568959236145,0.9533211588859558,0.2660278975963592,-0.1651051193475723,0.9710294604301452,-0.1870191395282745,0.1487477570772171,0.2037380039691925,0.1915566772222518,0.2370712757110595,-0.9524198174476624,0.8283536434173584,0,0,0,1
4.433333333333334,0.6039860297974702,0.30391305662270857,0.7367752234051653,0.2017937153577804,-0.7558256312580918,0.5116895432463179,0.4085357101474498,0.1395521163940429,-0.2528408411289526,-0.8036234599279791,0.5387586135836595,0.8338801860809326,0.0,0.0,0.0,1.0,0.1428568959236145,0.9533211588859558,0.2660278975963592,-0.1651051193475723,0.9710294604301452,-0.1870191395282745,0.1487477570772171,0.2037380039691925,0.1915566772222518,0.2370712757110595,-0.9524198174476624,0.8283536434173584,0,0,0,1
4.466666666666667,0.6039860297974702,0.30391305662270857,0.7367752234051653,0.2017937153577804,-0.7558256312580918,0.5116895432463179,0.4085357101474498,0.1395521163940429,-0.2528408411289526,-0.8036234599279791,0.5387586135836595,0.8338801860809326,0.0,0.0,0.0,1.0,0.1428568959236145,0.9533211588859558,0.2660278975963592,-0.1651051193475723,0.9710294604301452,-0.1870191395282745,0.1487477570772171,0.2037380039691925,0.1915566772222518,0.2370712757110595,-0.9524198174476624,0.8283536434173584,0,0,0,1
4.5,0.6039860297974702,0.30391305662270857,0.7367752234051653,0.2017937153577804,-0.7558256312580918,0.5116895432463179,0.4085357101474498,0.1395521163940429,-0.2528408411289526,-0.8036234599279791,0.5387586135836595,0.8338801860809326,0.0,0.0,0.0,1.0,0.1428568959236145,0.9533211588859558,0.2660278975963592,-0.1651051193475723,0.9710294604301452,-0.1870191395282745,0.1487477570772171,0.2037380039691925,0.1915566772222518,0.2370712757110595,-0.9524198174476624,0.8283536434173584,0,0,0,1
4.533333333333333,0.6039860297974702,0.30391305662270857,0.7367752234051653,0.2017937153577804,-0.7558256312580918,0.5116895432463179,0.4085357101474498,0.1395521163940429,-0.2528408411289526,-0.8036234599279791,0.5387586135836595,0.8338801860809326,0.0,0.0,0.0,1.0,0.1428568959236145,0.9533211588859558,0.2660278975963592,-0.1651051193475723,0.9710294604301452,-0.1870191395282745,0.1487477570772171,0.2037380039691925,0.1915566772222518,0.2370712757110595,-0.9524198174476624,0.8283536434173584,0,0,0,1
4.566666666666666,0.6039860297974702,0.30391305662270857,0.7367752234051653,0.2017937153577804,-0.7558256312580918,0.5116895432463179,0.4085357101474498,0.1395521163940429,-0.2528408411289526,-0.8036234599279791,0.5387586135836595,0.8338801860809326,0.0,0.0,0.0,1.0,0.1428568959236145,0.9533211588859558,0.2660278975963592,-0.1651051193475723,0.9710294604301452,-0.1870191395282745,0.1487477570772171,0.2037380039691925,0.1915566772222518,0.2370712757110595,-0.9524198174476624,0.8283536434173584,0,0,0,1
4.6,0.6039860297974702,0.30391305662270857,0.7367752234051653,0.2017937153577804,-0.7558256312580918,0.5116895432463179,0.4085357101474498,0.1395521163940429,-0.2528408411289526,-0.8036234599279791,0.5387586135836595,0.8338801860809326,0.0,0.0,0.0,1.0,0.1428568959236145,0.9533211588859558,0.2660278975963592,-0.1651051193475723,0.9710294604301452,-0.1870191395282745,0.1487477570772171,0.2037380039691925,0.1915566772222518,0.2370712757110595,-0.9524198174476624,0.8283536434173584,0,0,0,1
4.633333333333334,0.6039860297974702,0.30391305662270857,0.7367752234051653,0.2017937153577804,-0.7558256312580918,0.5116895432463179,0.4085357101474498,0.1395521163940429,-0.2528408411289526,-0.8036234599279791,0.5387586135836595,0.8338801860809326,0.0,0.0,0.0,1.0,0.1428568959236145,0.9533211588859558,0.2660278975963592,-0.1651051193475723,0.9710294604301452,-0.1870191395282745,0.1487477570772171,0.2037380039691925,0.1915566772222518,0.2370712757110595,-0.9524198174476624,0.8283536434173584,0,0,0,1
4.666666666666667,0.6039860297974702,0.30391305662270857,0.7367752234051653,0.2017937153577804,-0.7558256312580918,0.5116895432463179,0.4085357101474498,0.1395521163940429,-0.2528408411289526,-0.8036234599279791,0.5387586135836595,0.8338801860809326,0.0,0.0,0.0,1.0,0.1428568959236145,0.9533211588859558,0.2660278975963592,-0.1651051193475723,0.9710294604301452,-0.1870191395282745,0.1487477570772171,0.2037380039691925,0.1915566772222518,0.2370712757110595,-0.9524198174476624,0.8283536434173584,0,0,0,1
4.7,0.6039860297974702,0.30391305662270857,0.7367752234051653,0.2017937153577804,-0.7558256312580918,0.5116895432463179,0.4085357101474498,0.1395521163940429,-0.2528408411289526,-0.8036234599279791,0.5387586135836595,0.8338801860809326,0.0,0.0,0.0,1.0,0.1428568959236145,0.9533211588859558,0.2660278975963592,-0.1651051193475723,0.9710294604301452,-0.1870191395282745,0.1487477570772171,0.2037380039691925,0.1915566772222518,0.2370712757110595,-0.9524198174476624,0.8283536434173584,0,0,0,1
4.733333333333333,0.6039860297974702,0.30391305662270857,0.7367752234051653,0.2017937153577804,-0.7558256312580918,0.5116895432463179,0.4085357101474498,0.1395521163940429,-0.2528408411289526,-0.8036234599279791,0.5387586135836595,0.8338801860809326,0.0,0.0,0.0,1.0,0.1428568959236145,0.9533211588859558,0.2660278975963592,-0.1651051193475723,0.9710294604301452,-0.1870191395282745,0.1487477570772171,0.2037380039691925,0.1915566772222518,0.2370712757110595,-0.9524198174476624,0.8283536434173584,0,0,0,1
4.766666666666667,0.6039860297974702,0.30391305662270857,0.7367752234051653,0.2017937153577804,-0.7558256312580918,0.5116895432463179,0.4085357101474498,0.1395521163940429,-0.2528408411289526,-0.8036234599279791,0.5387586135836595,0.8338801860809326,0.0,0.0,0.0,1.0,0.1428568959236145,0.9533211588859558,0.2660278975963592,-0.1651051193475723,0.9710294604301452,-0.1870191395282745,0.1487477570772171,0.2037380039691925,0.1915566772222518,0.2370712757110595,-0.9524198174476624,0.8283536434173584,0,0,0,1
4.8,0.6039860297974702,0.30391305662270857,0.7367752234051653,0.2017937153577804,-0.7558256312580918,0.5116895432463179,0.4085357101474498,0.1395521163940429,-0.2528408411289526,-0.8036234599279791,0.5387586135836595,0.8338801860809326,0.0,0.0,0.0,1.0,0.1428568959236145,0.9533211588859558,0.2660278975963592,-0.1651051193475723,0.9710294604301452,-0.1870191395282745,0.1487477570772171,0.2037380039691925,0.1915566772222518,0.2370712757110595,-0.9524198174476624,0.8283536434173584,0,0,0,1
4.833333333333333,0.6039860297974702,0.30391305662270857,0.7367752234051653,0.2017937153577804,-0.7558256312580918,0.5116895432463179,0.4085357101474498,0.1395521163940429,-0.2528408411289526,-0.8036234599279791,0.5387586135836595,0.8338801860809326,0.0,0.0,0.0,1.0,0.1428568959236145,0.9533211588859558,0.2660278975963592,-0.1651051193475723,0.9710294604301452,-0.1870191395282745,0.1487477570772171,0.2037380039691925,0.1915566772222518,0.2370712757110595,-0.9524198174476624,0.8283536434173584,0,0,0,1
4.866666666666666,0.6039860297974702,0.30391305662270857,0.7367752234051653,0.2017937153577804,-0.7558256312580918,0.5116895432463179,0.4085357101474498,0.1395521163940429,-0.2528408411289526,-0.8036234599279791,0.5387586135836595,0.8338801860809326,0.0,0.0,0.0,1.0,0.1428568959236145,0.9533211588859558,0.2660278975963592,-0.1651051193475723,0.9710294604301452,-0.1870191395282745,0.1487477570772171,0.2037380039691925,0.1915566772222518,0.2370712757110595,-0.9524198174476624,0.8283536434173584,0,0,0,1
4.9,0.6039860297974702,0.30391305662270857,0.7367752234051653,0.2017937153577804,-0.7558256312580918,0.5116895432463179,0.4085357101474498,0.1395521163940429,-0.2528408411289526,-0.8036234599279791,0.5387586135836595,0.8338801860809326,0.0,0.0,0.0,1.0,0.1428568959236145,0.9533211588859558,0.2660278975963592,-0.1651051193475723,0.9710294604301452,-0.1870191395282745,0.1487477570772171,0.2037380039691925,0.1915566772222518,0.2370712757110595,-0.9524198174476624,0.8283536434173584,0,0,0,1
4.933333333333334,0.6039860297974702,0.30391305662270857,0.7367752234051653,0.2017937153577804,-0.7558256312580918,0.5116895432463179,0.4085357101474498,0.1395521163940429,-0.2528408411289526,-0.8036234599279791,0.5387586135836595,0.8338801860809326,0.0,0.0,0.0,1.0,0.1428568959236145,0.9533211588859558,0.2660278975963592,-0.1651051193475723,0.9710294604301452,-0.1870191395282745,0.1487477570772171,0.2037380039691925,0.1915566772222518,0.2370712757110595,-0.9524198174476624,0.8283536434173584,0,0,0,1
4.966666666666667,0.6039860297974702,0.30391305662270857,0.7367752234051653,0.2017937153577804,-0.7558256312580918,0.5116895432463179,0.4085357101474498,0.1395521163940429,-0.2528408411289526,-0.8036234599279791,0.5387586135836595,0.8338801860809326,0.0,0.0,0.0,1.0,0.1428568959236145,0.9533211588859558,0.2660278975963592,-0.1651051193475723,0.9710294604301452,-0.1870191395282745,0.1487477570772171,0.2037380039691925,0.1915566772222518,0.2370712757110595,-0.9524198174476624,0.8283536434173584,0,0,0,1
5.0,0.6039860297974702,0.30391305662270857,0.7367752234051653,0.2017937153577804,-0.7558256312580918,0.5116895432463179,0.4085357101474498,0.1395521163940429,-0.2528408411289526,-0.8036234599279791,0.5387586135836595,0.8338801860809326,0.0,0.0,0.0,1.0,0.1428568959236145,0.9533211588859558,0.2660278975963592,-0.1651051193475723,0.9710294604301452,-0.1870191395282745,0.1487477570772171,0.2037380039691925,0.1915566772222518,0.2370712757110595,-0.9524198174476624,0.8283536434173584,0,0,0,1
5.033333333333333,0.6039860297974702,0.30391305662270857,0.7367752234051653,0.2017937153577804,-0.7558256312580918,0.5116895432463179,0.4085357101474498,0.1395521163940429,-0.2528408411289526,-0.8036234599279791,0.5387586135836595,0.8338801860809326,0.0,0.0,0.0,1.0,0.1428568959236145,0.9533211588859558,0.2660278975963592,-0.1651051193475723,0.9710294604301452,-0.1870191395282745,0.1487477570772171,0.2037380039691925,0.1915566772222518,0.2370712757110595,-0.9524198174476624,0.8283536434173584,0,0,0,1
5.066666666666666,0.6039860297974702,0.30391305662270857,0.7367752234051653,0.2017937153577804,-0.7558256312580918,0.5116895432463179,0.4085357101474498,0.1395521163940429,-0.2528408411289526,-0.8036234599279791,0.5387586135836595,0.8338801860809326,0.0,0.0,0.0,1.0,0.1428568959236145,0.9533211588859558,0.2660278975963592,-0.1651051193475723,0.9710294604301452,-0.1870191395282745,0.1487477570772171,0.2037380039691925,0.1915566772222518,0.2370712757110595,-0.9524198174476624,0.8283536434173584,0,0,0,1
5.1,0.6039860297974702,0.30391305662270857,0.7367752234051653,0.2017937153577804,-0.7558256312580918,0.5116895432463179,0.4085357101474498,0.1395521163940429,-0.2528408411289526,-0.8036234599279791,0.5387586135836595,0.8338801860809326,0.0,0.0,0.0,1.0,0.1428568959236145,0.9533211588859558,0.2660278975963592,-0.1651051193475723,0.9710294604301452,-0.1870191395282745,0.1487477570772171,0.2037380039691925,0.1915566772222518,0.2370712757110595,-0.9524198174476624,0.8283536434173584,0,0,0,1
5.133333333333334,0.6039860297974702,0.30391305662270857,0.7367752234051653,0.2017937153577804,-0.7558256312580918,0.5116895432463179,0.4085357101474498,0.1395521163940429,-0.2528408411289526,-0.8036234599279791,0.5387586135836595,0.8338801860809326,0.0,0.0,0.0,1.0,0.1428568959236145,0.9533211588859558,0.2660278975963592,-0.1651051193475723,0.9710294604301452,-0.1870191395282745,0.1487477570772171,0.2037380039691925,0.1915566772222518,0.2370712757110595,-0.9524198174476624,0.8283536434173584,0,0,0,1
5.166666666666667,0.6039860297974702,0.30391305662270857,0.7367752234051653,0.2017937153577804,-0.7558256312580918,0.5116895432463179,0.4085357101474498,0.1395521163940429,-0.2528408411289526,-0.8036234599279791,0.5387586135836595,0.8338801860809326,0.0,0.0,0.0,1.0,0.1428568959236145,0.9533211588859558,0.2660278975963592,-0.1651051193475723,0.9710294604301452,-0.1870191395282745,0.1487477570772171,0.2037380039691925,0.1915566772222518,0.2370712757110595,-0.9524198174476624,0.8283536434173584,0,0,0,1
5.2,0.6039860297974702,0.30391305662270857,0.7367752234051653,0.2017937153577804,-0.7558256312580918,0.5116895432463179,0.4085357101474498,0.1395521163940429,-0.2528408411289526,-0.8036234599279791,0.5387586135836595,0.8338801860809326,0.0,0.0,0.0,1.0,0.1428568959236145,0.9533211588859558,0.2660278975963592,-0.1651051193475723,0.9710294604301452,-0.1870191395282745,0.1487477570772171,0.2037380039691925,0.1915566772222518,0.2370712757110595,-0.9524198174476624,0.8283536434173584,0,0,0,1
5.233333333333333,0.6039860297974702,0.30391305662270857,0.7367752234051653,0.2017937153577804,-0.7558256312580918,0.5116895432463179,0.4085357101474498,0.1395521163940429,-0.2528408411289526,-0.8036234599279791,0.5387586135836595,0.8338801860809326,0.0,0.0,0.0,1.0,0.1428568959236145,0.9533211588859558,0.2660278975963592,-0.1651051193475723,0.9710294604301452,-0.1870191395282745,0.1487477570772171,0.2037380039691925,0.1915566772222518,0.2370712757110595,-0.9524198174476624,0.8283536434173584,0,0,0,1
5.266666666666667,0.6039860297974702,0.30391305662270857,0.7367752234051653,0.2017937153577804,-0.7558256312580918,0.5116895432463179,0.4085357101474498,0.1395521163940429,-0.2528408411289526,-0.8036234599279791,0.5387586135836595,0.8338801860809326,0.0,0.0,0.0,1.0,0.1428568959236145,0.9533211588859558,0.2660278975963592,-0.1651051193475723,0.9710294604301452,-0.1870191395282745,0.1487477570772171,0.2037380039691925,0.1915566772222518,0.2370712757110595,-0.9524198174476624,0.8283536434173584,0,0,0,1
5.3,0.6039860297974702,0.30391305662270857,0.7367752234051653,0.2017937153577804,-0.7558256312580918,0.5116895432463179,0.4085357101474498,0.1395521163940429,-0.2528408411289526,-0.8036234599279791,0.5387586135836595,0.8338801860809326,0.0,0.0,0.0,1.0,0.1428568959236145,0.9533211588859558,0.2660278975963592,-0.1651051193475723,0.9710294604301452,-0.1870191395282745,0.1487477570772171,0.2037380039691925,0.1915566772222518,0.2370712757110595,-0.9524198174476624,0.8283536434173584,0,0,0,1
5.333333333333333,0.6039860297974702,0.30391305662270857,0.7367752234051653,0.2017937153577804,-0.7558256312580918,0.5116895432463179,0.4085357101474498,0.1395521163940429,-0.2528408411289526,-0.8036234599279791,0.5387586135836595,0.8338801860809326,0.0,0.0,0.0,1.0,0.1428568959236145,0.9533211588859558,0.2660278975963592,-0.1651051193475723,0.9710294604301452,-0.1870191395282745,0.1487477570772171,0.2037380039691925,0.1915566772222518,0.2370712757110595,-0.9524198174476624,0.8283536434173584,0,0,0,1
5.366666666666666,0.6039860297974702,0.30391305662270857,0.7367752234051653,0.2017937153577804,-0.7558256312580918,0.5116895432463179,0.4085357101474498,0.1395521163940429,-0.2528408411289526,-0.8036234599279791,0.5387586135836595,0.8338801860809326,0.0,0.0,0.0,1.0,0.1428568959236145,0.9533211588859558,0.2660278975963592,-0.1651051193475723,0.9710294604301452,-0.1870191395282745,0.1487477570772171,0.2037380039691925,0.1915566772222518,0.2370712757110595,-0.9524198174476624,0.8283536434173584,0,0,0,1
5.4,0.6039860297974702,0.30391305662270857,0.7367752234051653,0.2017937153577804,-0.7558256312580918,0.5116895432463179,0.4085357101474498,0.1395521163940429,-0.2528408411289526,-0.8036234599279791,0.5387586135836595,0.8338801860809326,0.0,0.0,0.0,1.0,0.1428568959236145,0.9533211588859558,0.2660278975963592,-0.1651051193475723,0.9710294604301452,-0.1870191395282745,0.1487477570772171,0.2037380039691925,0.1915566772222518,0.2370712757110595,-0.9524198174476624,0.8283536434173584,0,0,0,1
5.433333333333334,0.6039860297974702,0.30391305662270857,0.7367752234051653,0.2017937153577804,-0.7558256312580918,0.5116895432463179,0.4085357101474498,0.1395521163940429,-0.2528408411289526,-0.8036234599279791,0.5387586135836595,0.8338801860809326,0.0,0.0,0.0,1.0,0.1428568959236145,0.9533211588859558,0.2660278975963592,-0.1651051193475723,0.9710294604301452,-0.1870191395282745,0.1487477570772171,0.2037380039691925,0.1915566772222518,0.2370712757110595,-0.9524198174476624,0.8283536434173584,0,0,0,1
5.466666666666667,0.6039860297974702,0.30391305662270857,0.7367752234051653,0.2017937153577804,-0.7558256312580918,0.5116895432463179,0.4085357101474498,0.1395521163940429,-0.2528408411289526,-0.8036234599279791,0.5387586135836595,0.8338801860809326,0.0,0.0,0.0,1.0,0.1428568959236145,0.9533211588859558,0.2660278975963592,-0.1651051193475723,0.9710294604301452,-0.1870191395282745,0.1487477570772171,0.2037380039691925,0.1915566772222518,0.2370712757110595,-0.9524198174476624,0.8283536434173584,0,0,0,1
5.5,0.6039860297974702,0.30391305662270857,0.7367752234051653,0.2017937153577804,-0.7558256312580918,0.5116895432463179,0.4085357101474498,0.1395521163940429,-0.2528408411289526,-0.8036234599279791,0.5387586135836595,0.8338801860809326,0.0,0.0,0.0,1.0,0.1428568959236145,0.9533211588859558,0.2660278975963592,-0.1651051193475723,0.9710294604301452,-0.1870191395282745,0.1487477570772171,0.2037380039691925,0.1915566772222518,0.2370712757110595,-0.9524198174476624,0.8283536434173584,0,0,0,1
5.533333333333333,0.6039860297974702,0.30391305662270857,0.7367752234051653,0.2017937153577804,-0.7558256312580918,0.5116895432463179,0.4085357101474498,0.1395521163940429,-0.2528408411289526,-0.8036234599279791,0.5387586135836595,0.8338801860809326,0.0,0.0,0.0,1.0,0.1428568959236145,0.9533211588859558,0.2660278975963592,-0.1651051193475723,0.9710294604301452,-0.1870191395282745,0.1487477570772171,0.2037380039691925,0.1915566772222518,0.2370712757110595,-0.9524198174476624,0.8283536434173584,0,0,0,1
5.566666666666666,0.6039860297974702,0.30391305662270857,0.7367752234051653,0.2017937153577804,-0.7558256312580918,0.5116895432463179,0.4085357101474498,0.1395521163940429,-0.2528408411289526,-0.8036234599279791,0.5387586135836595,0.8338801860809326,0.0,0.0,0.0,1.0,0.1428568959236145,0.9533211588859558,0.2660278975963592,-0.1651051193475723,0.9710294604301452,-0.1870191395282745,0.1487477570772171,0.2037380039691925,0.1915566772222518,0.2370712757110595,-0.9524198174476624,0.8283536434173584,0,0,0,1
5.6,0.6039860297974702,0.30391305662270857,0.7367752234051653,0.2017937153577804,-0.7558256312580918,0.5116895432463179,0.4085357101474498,0.1395521163940429,-0.2528408411289526,-0.8036234599279791,0.5387586135836595,0.8338801860809326,0.0,0.0,0.0,1.0,0.1428568959236145,0.9533211588859558,0.2660278975963592,-0.1651051193475723,0.9710294604301452,-0.1870191395282745,0.1487477570772171,0.2037380039691925,0.1915566772222518,0.2370712757110595,-0.9524198174476624,0.8283536434173584,0,0,0,1
5.633333333333334,0.6039860297974702,0.30391305662270857,0.7367752234051653,0.2017937153577804,-0.7558256312580918,0.5116895432463179,0.4085357101474498,0.1395521163940429,-0.2528408411289526,-0.8036234599279791,0.5387586135836595,0.8338801860809326,0.0,0.0,0.0,1.0,0.1428568959236145,0.9533211588859558,0.2660278975963592,-0.1651051193475723,0.9710294604301452,-0.1870191395282745,0.1487477570772171,0.2037380039691925,0.1915566772222518,0.2370712757110595,-0.9524198174476624,0.8283536434173584,0,0,0,1
5.666666666666667,0.6039860297974702,0.30391305662270857,0.7367752234051653,0.2017937153577804,-0.7558256312580918,0.5116895432463179,0.4085357101474498,0.1395521163940429,-0.2528408411289526,-0.8036234599279791,0.5387586135836595,0.8338801860809326,0.0,0.0,0.0,1.0,0.1428568959236145,0.9533211588859558,0.2660278975963592,-0.1651051193475723,0.9710294604301452,-0.1870191395282745,0.1487477570772171,0.2037380039691925,0.1915566772222518,0.2370712757110595,-0.9524198174476624,0.8283536434173584,0,0,0,1
5.7,0.6039860297974702,0.30391305662270857,0.7367752234051653,0.2017937153577804,-0.7558256312580918,0.5116895432463179,0.4085357101474498,0.1395521163940429,-0.2528408411289526,-0.8036234599279791,0.5387586135836595,0.8338801860809326,0.0,0.0,0.0,1.0,0.1428568959236145,0.9533211588859558,0.2660278975963592,-0.1651051193475723,0.9710294604301452,-0.1870191395282745,0.1487477570772171,0.2037380039691925,0.1915566772222518,0.2370712757110595,-0.9524198174476624,0.8283536434173584,0,0,0,1
5.733333333333333,0.6039860297974702,0.30391305662270857,0.7367752234051653,0.2017937153577804,-0.7558256312580918,0.5116895432463179,0.4085357101474498,0.1395521163940429,-0.2528408411289526,-0.8036234599279791,0.5387586135836595,0.8338801860809326,0.0,0.0,0.0,1.0,0.1428568959236145,0.9533211588859558,0.2660278975963592,-0.1651051193475723,0.9710294604301452,-0.1870191395282745,0.1487477570772171,0.2037380039691925,0.1915566772222518,0.2370712757110595,-0.9524198174476624,0.8283536434173584,0,0,0,1
5.766666666666667,0.6039860297974702,0.30391305662270857,0.7367752234051653,0.2017937153577804,-0.7558256312580918,0.5116895432463179,0.4085357101474498,0.1395521163940429,-0.2528408411289526,-0.8036234599279791,0.5387586135836595,0.8338801860809326,0.0,0.0,0.0,1.0,0.1428568959236145,0.9533211588859558,0.2660278975963592,-0.1651051193475723,0.9710294604301452,-0.1870191395282745,0.1487477570772171,0.2037380039691925,0.1915566772222518,0.2370712757110595,-0.9524198174476624,0.8283536434173584,0,0,0,1
5.8,0.6039860297974702,0.30391305662270857,0.7367752234051653,0.2017937153577804,-0.7558256312580918,0.5116895432463179,0.4085357101474498,0.1395521163940429,-0.2528408411289526,-0.8036234599279791,0.5387586135836595,0.8338801860809326,0.0,0.0,0.0,1.0,0.1428568959236145,0.9533211588859558,0.2660278975963592,-0.1651051193475723,0.9710294604301452,-0.1870191395282745,0.1487477570772171,0.2037380039691925,0.1915566772222518,0.2370712757110595,-0.9524198174476624,0.8283536434173584,0,0,0,1
5.833333333333333,0.6039860297974702,0.30391305662270857,0.7367752234051653,0.2017937153577804,-0.7558256312580918,0.5116895432463179,0.4085357101474498,0.1395521163940429,-0.2528408411289526,-0.8036234599279791,0.5387586135836595,0.8338801860809326,0.0,0.0,0.0,1.0,0.1428568959236145,0.9533211588859558,0.2660278975963592,-0.1651051193475723,0.9710294604301452,-0.1870191395282745,0.1487477570772171,0.2037380039691925,0.1915566772222518,0.2370712757110595,-0.9524198174476624,0.8283536434173584,0,0,0,1
5.866666666666666,0.6039860297974702,0.30391305662270857,0.7367752234051653,0.2017937153577804,-0.7558256312580918,0.5116895432463179,0.4085357101474498,0.1395521163940429,-0.2528408411289526,-0.8036234599279791,0.5387586135836595,0.8338801860809326,0.0,0.0,0.0,1.0,0.1428568959236145,0.9533211588859558,0.2660278975963592,-0.1651051193475723,0.9710294604301452,-0.1870191395282745,0.1487477570772171,0.2037380039691925,0.1915566772222518,0.2370712757110595,-0.9524198174476624,0.8283536434173584,0,0,0,1
5.9,0.6039860297974702,0.30391305662270857,0.7367752234051653,0.2017937153577804,-0.7558256312580918,0.5116895432463179,0.4085357101474498,0.1395521163940429,-0.2528408411289526,-0.8036234599279791,0.5387586135836595,0.8338801860809326,0.0,0.0,0.0,1.0,0.1428568959236145,0.9533211588859558,0.2660278975963592,-0.1651051193475723,0.9710294604301452,-0.1870191395282745,0.1487477570772171,0.2037380039691925,0.1915566772222518,0.2370712757110595,-0.9524198174476624,0.8283536434173584,0,0,0,1
5.933333333333334,0.6039860297974702,0.30391305662270857,0.7367752234051653,0.2017937153577804,-0.7558256312580918,0.5116895432463179,0.4085357101474498,0.1395521163940429,-0.2528408411289526,-0.8036234599279791,0.5387586135836595,0.8338801860809326,0.0,0.0,0.0,1.0,0.1428568959236145,0.9533211588859558,0.2660278975963592,-0.1651051193475723,0.9710294604301452,-0.1870191395282745,0.1487477570772171,0.2037380039691925,0.1915566772222518,0.2370712757110595,-0.9524198174476624,0.8283536434173584,0,0,0,1
5.966666666666667,0.6039860297974702,0.30391305662270857,0.7367752234051653,0.2017937153577804,-0.7558256312580918,0.5116895432463179,0.4085357101474498,0.1395521163940429,-0.2528408411289526,-0.8036234599279791,0.5387586135836595,0.8338801860809326,0.0,0.0,0.0,1.0,0.1428568959236145,0.9533211588859558,0.2660278975963592,-0.1651051193475723,0.9710294604301452,-0.1870191395282745,0.1487477570772171,0.2037380039691925,0.1915566772222518,0.2370712757110595,-0.9524198174476624,0.8283536434173584,0,0,0,1
6.0,0.6039860297974702,0.30391305662270857,0.7367752234051653,0.2017937153577804,-0.7558256312580918,0.5116895432463179,0.4085357101474498,0.1395521163940429,-0.2528408411289526,-0.8036234599279791,0.5387586135836595,0.8338801860809326,0.0,0.0,0.0,1.0,0.1428568959236145,0.9533211588859558,0.2660278975963592,-0.1651051193475723,0.9710294604301452,-0.1870191395282745,0.1487477570772171,0.2037380039691925,0.1915566772222518,0.2370712757110595,-0.9524198174476624,0.8283536434173584,0,0,0,1
6.033333333333333,0.6039860297974702,0.30391305662270857,0.7367752234051653,0.2017937153577804,-0.7558256312580918,0.5116895432463179,0.4085357101474498,0.1395521163940429,-0.2528408411289526,-0.8036234599279791,0.5387586135836595,0.8338801860809326,0.0,0.0,0.0,1.0,0.1428568959236145,0.9533211588859558,0.2660278975963592,-0.1651051193475723,0.9710294604301452,-0.1870191395282745,0.1487477570772171,0.2037380039691925,0.1915566772222518,0.2370712757110595,-0.9524198174476624,0.8283536434173584,0,0,0,1
6.066666666666666,0.6039860297974702,0.30391305662270857,0.7367752234051653,0.2017937153577804,-0.7558256312580918,0.5116895432463179,0.4085357101474498,0.1395521163940429,-0.2528408411289526,-0.8036234599279791,0.5387586135836595,0.8338801860809326,0.0,0.0,0.0,1.0,0.1428568959236145,0.9533211588859558,0.2660278975963592,-0.1651051193475723,0.9710294604301452,-0.1870191395282745,0.1487477570772171,0.2037380039691925,0.1915566772222518,0.2370712757110595,-0.9524198174476624,0.8283536434173584,0,0,0,1
6.1,0.6039860297974702,0.30391305662270857,0.7367752234051653,0.2017937153577804,-0.7558256312580918,0.5116895432463179,0.4085357101474498,0.1395521163940429,-0.2528408411289526,-0.8036234599279791,0.5387586135836595,0.8338801860809326,0.0,0.0,0.0,1.0,0.1428568959236145,0.9533211588859558,0.2660278975963592,-0.1651051193475723,0.9710294604301452,-0.1870191395282745,0.1487477570772171,0.2037380039691925,0.1915566772222518,0.2370712757110595,-0.9524198174476624,0.8283536434173584,0,0,0,1
6.133333333333334,0.6039860297974702,0.30391305662270857,0.7367752234051653,0.2017937153577804,-0.7558256312580918,0.5116895432463179,0.4085357101474498,0.1395521163940429,-0.2528408411289526,-0.8036234599279791,0.5387586135836595,0.8338801860809326,0.0,0.0,0.0,1.0,0.1428568959236145,0.9533211588859558,0.2660278975963592,-0.1651051193475723,0.9710294604301452,-0.1870191395282745,0.1487477570772171,0.2037380039691925,0.1915566772222518,0.2370712757110595,-0.9524198174476624,0.8283536434173584,0,0,0,1
6.166666666666667,0.6039860297974702,0.30391305662270857,0.7367752234051653,0.2017937153577804,-0.7558256312580918,0.5116895432463179,0.4085357101474498,0.1395521163940429,-0.2528408411289526,-0.8036234599279791,0.5387586135836595,0.8338801860809326,0.0,0.0,0.0,1.0,0.1428568959236145,0.9533211588859558,0.2660278975963592,-0.1651051193475723,0.9710294604301452,-0.1870191395282745,0.1487477570772171,0.2037380039691925,0.1915566772222518,0.2370712757110595,-0.9524198174476624,0.8283536434173584,0,0,0,1
6.2,0.6039860297974702,0.30391305662270857,0.7367752234051653,0.2017937153577804,-0.7558256312580918,0.5116895432463179,0.4085357101474498,0.1395521163940429,-0.2528408411289526,-0.8036234599279791,0.5387586135836595,0.8338801860809326,0.0,0.0,0.0,1.0,0.1428568959236145,0.9533211588859558,0.2660278975963592,-0.1651051193475723,0.9710294604301452,-0.1870191395282745,0.1487477570772171,0.2037380039691925,0.1915566772222518,0.2370712757110595,-0.9524198174476624,0.8283536434173584,0,0,0,1
6.233333333333333,0.6039860297974702,0.30391305662270857,0.7367752234051653,0.2017937153577804,-0.7558256312580918,0.5116895432463179,0.4085357101474498,0.1395521163940429,-0.2528408411289526,-0.8036234599279791,0.5387586135836595,0.8338801860809326,0.0,0.0,0.0,1.0,0.1428568959236145,0.9533211588859558,0.2660278975963592,-0.1651051193475723,0.9710294604301452,-0.1870191395282745,0.1487477570772171,0.2037380039691925,0.1915566772222518,0.2370712757110595,-0.9524198174476624,0.8283536434173584,0,0,0,1
6.266666666666667,0.6039860297974702,0.30391305662270857,0.7367752234051653,0.2017937153577804,-0.7558256312580918,0.5116895432463179,0.4085357101474498,0.1395521163940429,-0.2528408411289526,-0.8036234599279791,0.5387586135836595,0.8338801860809326,0.0,0.0,0.0,1.0,0.1428568959236145,0.9533211588859558,0.2660278975963592,-0.1651051193475723,0.9710294604301452,-0.1870191395282745,0.1487477570772171,0.2037380039691925,0.1915566772222518,0.2370712757110595,-0.9524198174476624,0.8283536434173584,0,0,0,1
6.3,0.6039860297974702,0.30391305662270857,0.7367752234051653,0.2017937153577804,-0.7558256312580918,0.5116895432463179,0.4085357101474498,0.1395521163940429,-0.2528408411289526,-0.8036234599279791,0.5387586135836595,0.8338801860809326,0.0,0.0,0.0,1.0,0.1428568959236145,0.9533211588859558,0.2660278975963592,-0.1651051193475723,0.9710294604301452,-0.1870191395282745,0.1487477570772171,0.2037380039691925,0.1915566772222518,0.2370712757110595,-0.9524198174476624,0.8283536434173584,0,0,0,1
6.333333333333333,0.6039860297974702,0.30391305662270857,0.7367752234051653,0.2017937153577804,-0.7558256312580918,0.5116895432463179,0.4085357101474498,0.1395521163940429,-0.2528408411289526,-0.8036234599279791,0.5387586135836595,0.8338801860809326,0.0,0.0,0.0,1.0,0.1428568959236145,0.9533211588859558,0.2660278975963592,-0.1651051193475723,0.9710294604301452,-0.1870191395282745,0.1487477570772171,0.2037380039691925,0.1915566772222518,0.2370712757110595,-0.9524198174476624,0.8283536434173584,0,0,0,1
6.366666666666666,0.6039860297974702,0.30391305662270857,0.7367752234051653,0.2017937153577804,-0.7558256312580918,0.5116895432463179,0.4085357101474498,0.1395521163940429,-0.2528408411289526,-0.8036234599279791,0.5387586135836595,0.8338801860809326,0.0,0.0,0.0,1.0,0.1428568959236145,0.9533211588859558,0.2660278975963592,-0.1651051193475723,0.9710294604301452,-0.1870191395282745,0.1487477570772171,0.2037380039691925,0.1915566772222518,0.2370712757110595,-0.9524198174476624,0.8283536434173584,0,0,0,1
6.4,0.6039860297974702,0.30391305662270857,0.7367752234051653,0.2017937153577804,-0.7558256312580918,0.5116895432463179,0.4085357101474498,0.1395521163940429,-0.2528408411289526,-0.8036234599279791,0.5387586135836595,0.8338801860809326,0.0,0.0,0.0,1.0,0.1428568959236145,0.9533211588859558,0.2660278975963592,-0.1651051193475723,0.9710294604301452,-0.1870191395282745,0.1487477570772171,0.2037380039691925,0.1915566772222518,0.2370712757110595,-0.9524198174476624,0.8283536434173584,0,0,0,1
6.433333333333334,0.6039860297974702,0.30391305662270857,0.7367752234051653,0.2017937153577804,-0.7558256312580918,0.5116895432463179,0.4085357101474498,0.1395521163940429,-0.2528408411289526,-0.8036234599279791,0.5387586135836595,0.8338801860809326,0.0,0.0,0.0,1.0,0.1428568959236145,0.9533211588859558,0.2660278975963592,-0.1651051193475723,0.9710294604301452,-0.1870191395282745,0.1487477570772171,0.2037380039691925,0.1915566772222518,0.2370712757110595,-0.9524198174476624,0.8283536434173584,0,0,0,1
6.466666666666667,0.6039860297974702,0.30391305662270857,0.7367752234051653,0.2017937153577804,-0.7558256312580918,0.5116895432463179,0.4085357101474498,0.1395521163940429,-0.2528408411289526,-0.8036234599279791,0.5387586135836595,0.8338801860809326,0.0,0.0,0.0,1.0,0.1428568959236145,0.9533211588859558,0.2660278975963592,-0.1651051193475723,0.9710294604301452,-0.1870191395282745,0.1487477570772171,0.2037380039691925,0.1915566772222518,0.2370712757110595,-0.9524198174476624,0.8283536434173584,0,0,0,1
6.5,0.6039860297974702,0.30391305662270857,0.7367752234051653,0.2017937153577804,-0.7558256312580918,0.5116895432463179,0.4085357101474498,0.1395521163940429,-0.2528408411289526,-0.8036234599279791,0.5387586135836595,0.8338801860809326,0.0,0.0,0.0,1.0,0.1428568959236145,0.9533211588859558,0.2660278975963592,-0.1651051193475723,0.9710294604301452,-0.1870191395282745,0.1487477570772171,0.2037380039691925,0.1915566772222518,0.2370712757110595,-0.9524198174476624,0.8283536434173584,0,0,0,1
6.533333333333333,0.6039860297974702,0.30391305662270857,0.7367752234051653,0.2017937153577804,-0.7558256312580918,0.5116895432463179,0.4085357101474498,0.1395521163940429,-0.2528408411289526,-0.8036234599279791,0.5387586135836595,0.8338801860809326,0.0,0.0,0.0,1.0,0.1428568959236145,0.9533211588859558,0.2660278975963592,-0.1651051193475723,0.9710294604301452,-0.1870191395282745,0.1487477570772171,0.2037380039691925,0.1915566772222518,0.2370712757110595,-0.9524198174476624,0.8283536434173584,0,0,0,1
6.566666666666666,0.6039860297974702,0.30391305662270857,0.7367752234051653,0.2017937153577804,-0.7558256312580918,0.5116895432463179,0.4085357101474498,0.1395521163940429,-0.2528408411289526,-0.8036234599279791,0.5387586135836595,0.8338801860809326,0.0,0.0,0.0,1.0,0.1428568959236145,0.9533211588859558,0.2660278975963592,-0.1651051193475723,0.9710294604301452,-0.1870191395282745,0.1487477570772171,0.2037380039691925,0.1915566772222518,0.2370712757110595,-0.9524198174476624,0.8283536434173584,0,0,0,1
6.6,0.6039860297974702,0.30391305662270857,0.7367752234051653,0.2017937153577804,-0.7558256312580918,0.5116895432463179,0.4085357101474498,0.1395521163940429,-0.2528408411289526,-0.8036234599279791,0.5387586135836595,0.8338801860809326,0.0,0.0,0.0,1.0,0.1428568959236145,0.9533211588859558,0.2660278975963592,-0.1651051193475723,0.9710294604301452,-0.1870191395282745,0.1487477570772171,0.2037380039691925,0.1915566772222518,0.2370712757110595,-0.9524198174476624,0.8283536434173584,0,0,0,1
6.633333333333334,0.6039860297974702,0.30391305662270857,0.7367752234051653,0.2017937153577804,-0.7558256312580918,0.5116895432463179,0.4085357101474498,0.1395521163940429,-0.2528408411289526,-0.8036234599279791,0.5387586135836595,0.8338801860809326,0.0,0.0,0.0,1.0,0.1428568959236145,0.9533211588859558,0.2660278975963592,-0.1651051193475723,0.9710294604301452,-0.1870191395282745,0.1487477570772171,0.2037380039691925,0.1915566772222518,0.2370712757110595,-0.9524198174476624,0.8283536434173584,0,0,0,1
6.666666666666667,0.6039860297974702,0.30391305662270857,0.7367752234051653,0.2017937153577804,-0.7558256312580918,0.5116895432463179,0.4085357101474498,0.1395521163940429,-0.2528408411289526,-0.8036234599279791,0.5387586135836595,0.8338801860809326,0.0,0.0,0.0,1.0,0.1428568959236145,0.9533211588859558,0.2660278975963592,-0.1651051193475723,0.9710294604301452,-0.1870191395282745,0.1487477570772171,0.2037380039691925,0.1915566772222518,0.2370712757110595,-0.9524198174476624,0.8283536434173584,0,0,0,1
6.7,0.6039860297974702,0.30391305662270857,0.7367752234051653,0.2017937153577804,-0.7558256312580918,0.5116895432463179,0.4085357101474498,0.1395521163940429,-0.2528408411289526,-0.8036234599279791,0.5387586135836595,0.8338801860809326,0.0,0.0,0.0,1.0,0.1428568959236145,0.9533211588859558,0.2660278975963592,-0.1651051193475723,0.9710294604301452,-0.1870191395282745,0.1487477570772171,0.2037380039691925,0.1915566772222518,0.2370712757110595,-0.9524198174476624,0.8283536434173584,0,0,0,1
6.733333333333333,0.6039860297974702,0.30391305662270857,0.7367752234051653,0.2017937153577804,-0.7558256312580918,0.5116895432463179,0.4085357101474498,0.1395521163940429,-0.2528408411289526,-0.8036234599279791,0.5387586135836595,0.8338801860809326,0.0,0.0,0.0,1.0,0.1428568959236145,0.9533211588859558,0.2660278975963592,-0.1651051193475723,0.9710294604301452,-0.1870191395282745,0.1487477570772171,0.2037380039691925,0.1915566772222518,0.2370712757110595,-0.9524198174476624,0.8283536434173584,0,0,0,1
6.766666666666667,0.6039860297974702,0.30391305662270857,0.7367752234051653,0.2017937153577804,-0.7558256312580918,0.5116895432463179,0.4085357101474498,0.1395521163940429,-0.2528408411289526,-0.8036234599279791,0.5387586135836595,0.8338801860809326,0.0,0.0,0.0,1.0,0.1428568959236145,0.9533211588859558,0.2660278975963592,-0.1651051193475723,0.9710294604301452,-0.1870191395282745,0.1487477570772171,0.2037380039691925,0.1915566772222518,0.2370712757110595,-0.9524198174476624,0.8283536434173584,0,0,0,1
6.8,0.6039860297974702,0.30391305662270857,0.7367752234051653,0.2017937153577804,-0.7558256312580918,0.5116895432463179,0.4085357101474498,0.1395521163940429,-0.2528408411289526,-0.8036234599279791,0.5387586135836595,0.8338801860809326,0.0,0.0,0.0,1.0,0.1428568959236145,0.9533211588859558,0.2660278975963592,-0.1651051193475723,0.9710294604301452,-0.1870191395282745,0.1487477570772171,0.2037380039691925,0.1915566772222518,0.2370712757110595,-0.9524198174476624,0.8283536434173584,0,0,0,1
6.833333333333333,0.6039860297974702,0.30391305662270857,0.7367752234051653,0.2017937153577804,-0.7558256312580918,0.5116895432463179,0.4085357101474498,0.1395521163940429,-0.2528408411289526,-0.8036234599279791,0.5387586135836595,0.8338801860809326,0.0,0.0,0.0,1.0,0.1428568959236145,0.9533211588859558,0.2660278975963592,-0.1651051193475723,0.9710294604301452,-0.1870191395282745,0.1487477570772171,0.2037380039691925,0.1915566772222518,0.2370712757110595,-0.9524198174476624,0.8283536434173584,0,0,0,1
6.866666666666666,0.6039860297974702,0.30391305662270857,0.7367752234051653,0.2017937153577804,-0.7558256312580918,0.5116895432463179,0.4085357101474498,0.1395521163940429,-0.2528408411289526,-0.8036234599279791,0.5387586135836595,0.8338801860809326,0.0,0.0,0.0,1.0,0.1428568959236145,0.9533211588859558,0.2660278975963592,-0.1651051193475723,0.9710294604301452,-0.1870191395282745,0.1487477570772171,0.2037380039691925,0.1915566772222518,0.2370712757110595,-0.9524198174476624,0.8283536434173584,0,0,0,1
6.9,0.6039860297974702,0.30391305662270857,0.7367752234051653,0.2017937153577804,-0.7558256312580918,0.5116895432463179,0.4085357101474498,0.1395521163940429,-0.2528408411289526,-0.8036234599279791,0.5387586135836595,0.8338801860809326,0.0,0.0,0.0,1.0,0.1428568959236145,0.9533211588859558,0.2660278975963592,-0.1651051193475723,0.9710294604301452,-0.1870191395282745,0.1487477570772171,0.2037380039691925,0.1915566772222518,0.2370712757110595,-0.9524198174476624,0.8283536434173584,0,0,0,1
6.933333333333334,0.6039860297974702,0.30391305662270857,0.7367752234051653,0.2017937153577804,-0.7558256312580918,0.5116895432463179,0.4085357101474498,0.1395521163940429,-0.2528408411289526,-0.8036234599279791,0.5387586135836595,0.8338801860809326,0.0,0.0,0.0,1.0,0.1428568959236145,0.9533211588859558,0.2660278975963592,-0.1651051193475723,0.9710294604301452,-0.1870191395282745,0.1487477570772171,0.2037380039691925,0.1915566772222518,0.2370712757110595,-0.9524198174476624,0.8283536434173584,0,0,0,1
6.966666666666667,0.6039860297974702,0.30391305662270857,0.7367752234051653,0.2017937153577804,-0.7558256312580918,0.5116895432463179,0.4085357101474498,0.1395521163940429,-0.2528408411289526,-0.8036234599279791,0.5387586135836595,0.8338801860809326,0.0,0.0,0.0,1.0,0.1428568959236145,0.9533211588859558,0.2660278975963592,-0.1651051193475723,0.9710294604301452,-0.1870191395282745,0.1487477570772171,0.2037380039691925,0.1915566772222518,0.2370712757110595,-0.9524198174476624,0.8283536434173584,0,0,0,1
7.0,0.6039860297974702,0.30391305662270857,0.7367752234051653,0.2017937153577804,-0.7558256312580918,0.5116895432463179,0.4085357101474498,0.1395521163940429,-0.2528408411289526,-0.8036234599279791,0.5387586135836595,0.8338801860809326,0.0,0.0,0.0,1.0,0.1428568959236145,0.9533211588859558,0.2660278975963592,-0.1651051193475723,0.9710294604301452,-0.1870191395282745,0.1487477570772171,0.2037380039691925,0.1915566772222518,0.2370712757110595,-0.9524198174476624,0.8283536434173584,0,0,0,1
7.033333333333333,0.6039860297974702,0.30391305662270857,0.7367752234051653,0.2017937153577804,-0.7558256312580918,0.5116895432463179,0.4085357101474498,0.1395521163940429,-0.2528408411289526,-0.8036234599279791,0.5387586135836595,0.8338801860809326,0.0,0.0,0.0,1.0,0.1428568959236145,0.9533211588859558,0.2660278975963592,-0.1651051193475723,0.9710294604301452,-0.1870191395282745,0.1487477570772171,0.2037380039691925,0.1915566772222518,0.2370712757110595,-0.9524198174476624,0.8283536434173584,0,0,0,1
7.066666666666666,0.6039860297974702,0.30391305662270857,0.7367752234051653,0.2017937153577804,-0.7558256312580918,0.5116895432463179,0.4085357101474498,0.1395521163940429,-0.2528408411289526,-0.8036234599279791,0.5387586135836595,0.8338801860809326,0.0,0.0,0.0,1.0,0.1428568959236145,0.9533211588859558,0.2660278975963592,-0.1651051193475723,0.9710294604301452,-0.1870191395282745,0.1487477570772171,0.2037380039691925,0.1915566772222518,0.2370712757110595,-0.9524198174476624,0.8283536434173584,0,0,0,1
7.1,0.6039860297974702,0.30391305662270857,0.7367752234051653,0.2017937153577804,-0.7558256312580918,0.5116895432463179,0.4085357101474498,0.1395521163940429,-0.2528408411289526,-0.8036234599279791,0.5387586135836595,0.8338801860809326,0.0,0.0,0.0,1.0,0.1428568959236145,0.9533211588859558,0.2660278975963592,-0.1651051193475723,0.9710294604301452,-0.1870191395282745,0.1487477570772171,0.2037380039691925,0.1915566772222518,0.2370712757110595,-0.9524198174476624,0.8283536434173584,0,0,0,1
7.133333333333334,0.6039860297974702,0.30391305662270857,0.7367752234051653,0.2017937153577804,-0.7558256312580918,0.5116895432463179,0.4085357101474498,0.1395521163940429,-0.2528408411289526,-0.8036234599279791,0.5387586135836595,0.8338801860809326,0.0,0.0,0.0,1.0,0.1428568959236145,0.9533211588859558,0.2660278975963592,-0.1651051193475723,0.9710294604301452,-0.1870191395282745,0.1487477570772171,0.2037380039691925,0.1915566772222518,0.2370712757110595,-0.9524198174476624,0.8283536434173584,0,0,0,1
7.166666666666667,0.6039860297974702,0.30391305662270857,0.7367752234051653,0.2017937153577804,-0.7558256312580918,0.5116895432463179,0.4085357101474498,0.1395521163940429,-0.2528408411289526,-0.8036234599279791,0.5387586135836595,0.8338801860809326,0.0,0.0,0.0,1.0,0.1428568959236145,0.9533211588859558,0.2660278975963592,-0.1651051193475723,0.9710294604301452,-0.1870191395282745,0.1487477570772171,0.2037380039691925,0.1915566772222518,0.2370712757110595,-0.9524198174476624,0.8283536434173584,0,0,0,1
7.2,0.6039860297974702,0.30391305662270857,0.7367752234051653,0.2017937153577804,-0.7558256312580918,0.5116895432463179,0.4085357101474498,0.1395521163940429,-0.2528408411289526,-0.8036234599279791,0.5387586135836595,0.8338801860809326,0.0,0.0,0.0,1.0,0.1428568959236145,0.9533211588859558,0.2660278975963592,-0.1651051193475723,0.9710294604301452,-0.1870191395282745,0.1487477570772171,0.2037380039691925,0.1915566772222518,0.2370712757110595,-0.9524198174476624,0.8283536434173584,0,0,0,1
7.233333333333333,0.6039860297974702,0.30391305662270857,0.7367752234051653,0.2017937153577804,-0.7558256312580918,0.5116895432463179,0.4085357101474498,0.1395521163940429,-0.2528408411289526,-0.8036234599279791,0.5387586135836595,0.8338801860809326,0.0,0.0,0.0,1.0,0.1428568959236145,0.9533211588859558,0.2660278975963592,-0.1651051193475723,0.9710294604301452,-0.1870191395282745,0.1487477570772171,0.2037380039691925,0.1915566772222518,0.2370712757110595,-0.9524198174476624,0.8283536434173584,0,0,0,1
7.266666666666667,0.6039860297974702,0.30391305662270857,0.7367752234051653,0.2017937153577804,-0.7558256312580918,0.5116895432463179,0.4085357101474498,0.1395521163940429,-0.2528408411289526,-0.8036234599279791,0.5387586135836595,0.8338801860809326,0.0,0.0,0.0,1.0,0.1428568959236145,0.9533211588859558,0.2660278975963592,-0.1651051193475723,0.9710294604301452,-0.1870191395282745,0.1487477570772171,0.2037380039691925,0.1915566772222518,0.2370712757110595,-0.9524198174476624,0.8283536434173584,0,0,0,1
7.3,0.6039860297974702,0.30391305662270857,0.7367752234051653,0.2017937153577804,-0.7558256312580918,0.5116895432463179,0.4085357101474498,0.1395521163940429,-0.2528408411289526,-0.8036234599279791,0.5387586135836595,0.8338801860809326,0.0,0.0,0.0,1.0,0.1428568959236145,0.9533211588859558,0.2660278975963592,-0.1651051193475723,0.9710294604301452,-0.1870191395282745,0.1487477570772171,0.2037380039691925,0.1915566772222518,0.2370712757110595,-0.9524198174476624,0.8283536434173584,0,0,0,1
7.333333333333333,0.6039860297974702,0.30391305662270857,0.7367752234051653,0.2017937153577804,-0.7558256312580918,0.5116895432463179,0.4085357101474498,0.1395521163940429,-0.2528408411289526,-0.8036234599279791,0.5387586135836595,0.8338801860809326,0.0,0.0,0.0,1.0,0.1428568959236145,0.9533211588859558,0.2660278975963592,-0.1651051193475723,0.9710294604301452,-0.1870191395282745,0.1487477570772171,0.2037380039691925,0.1915566772222518,0.2370712757110595,-0.9524198174476624,0.8283536434173584,0,0,0,1
7.366666666666666,0.6039860297974702,0.30391305662270857,0.7367752234051653,0.2017937153577804,-0.7558256312580918,0.5116895432463179,0.4085357101474498,0.1395521163940429,-0.2528408411289526,-0.8036234599279791,0.5387586135836595,0.8338801860809326,0.0,0.0,0.0,1.0,0.1428568959236145,0.9533211588859558,0.2660278975963592,-0.1651051193475723,0.9710294604301452,-0.1870191395282745,0.1487477570772171,0.2037380039691925,0.1915566772222518,0.2370712757110595,-0.9524198174476624,0.8283536434173584,0,0,0,1
7.4,0.6039860297974702,0.30391305662270857,0.7367752234051653,0.2017937153577804,-0.7558256312580918,0.5116895432463179,0.4085357101474498,0.1395521163940429,-0.2528408411289526,-0.8036234599279791,0.5387586135836595,0.8338801860809326,0.0,0.0,0.0,1.0,0.1428568959236145,0.9533211588859558,0.2660278975963592,-0.1651051193475723,0.9710294604301452,-0.1870191395282745,0.1487477570772171,0.2037380039691925,0.1915566772222518,0.2370712757110595,-0.9524198174476624,0.8283536434173584,0,0,0,1
7.433333333333334,0.6039860297974702,0.30391305662270857,0.7367752234051653,0.2017937153577804,-0.7558256312580918,0.5116895432463179,0.4085357101474498,0.1395521163940429,-0.2528408411289526,-0.8036234599279791,0.5387586135836595,0.8338801860809326,0.0,0.0,0.0,1.0,0.1428568959236145,0.9533211588859558,0.2660278975963592,-0.1651051193475723,0.9710294604301452,-0.1870191395282745,0.1487477570772171,0.2037380039691925,0.1915566772222518,0.2370712757110595,-0.9524198174476624,0.8283536434173584,0,0,0,1
7.466666666666667,0.6039860297974702,0.30391305662270857,0.7367752234051653,0.2017937153577804,-0.7558256312580918,0.5116895432463179,0.4085357101474498,0.1395521163940429,-0.2528408411289526,-0.8036234599279791,0.5387586135836595,0.8338801860809326,0.0,0.0,0.0,1.0,0.1428568959236145,0.9533211588859558,0.2660278975963592,-0.1651051193475723,0.9710294604301452,-0.1870191395282745,0.1487477570772171,0.2037380039691925,0.1915566772222518,0.2370712757110595,-0.9524198174476624,0.8283536434173584,0,0,0,1
7.5,0.6039860297974702,0.30391305662270857,0.7367752234051653,0.2017937153577804,-0.7558256312580918,0.5116895432463179,0.4085357101474498,0.1395521163940429,-0.2528408411289526,-0.8036234599279791,0.5387586135836595,0.8338801860809326,0.0,0.0,0.0,1.0,0.1428568959236145,0.9533211588859558,0.2660278975963592,-0.1651051193475723,0.9710294604301452,-0.1870191395282745,0.1487477570772171,0.2037380039691925,0.1915566772222518,0.2370712757110595,-0.9524198174476624,0.8283536434173584,0,0,0,1
7.533333333333333,0.6039860297974702,0.30391305662270857,0.7367752234051653,0.2017937153577804,-0.7558256312580918,0.5116895432463179,0.4085357101474498,0.1395521163940429,-0.2528408411289526,-0.8036234599279791,0.5387586135836595,0.8338801860809326,0.0,0.0,0.0,1.0,0.1428568959236145,0.9533211588859558,0.2660278975963592,-0.1651051193475723,0.9710294604301452,-0.1870191395282745,0.1487477570772171,0.2037380039691925,0.1915566772222518,0.2370712757110595,-0.9524198174476624,0.8283536434173584,0,0,0,1
7.566666666666666,0.6039860297974702,0.30391305662270857,0.7367752234051653,0.2017937153577804,-0.7558256312580918,0.5116895432463179,0.4085357101474498,0.1395521163940429,-0.2528408411289526,-0.8036234599279791,0.5387586135836595,0.8338801860809326,0.0,0.0,0.0,1.0,0.1428568959236145,0.9533211588859558,0.2660278975963592,-0.1651051193475723,0.9710294604301452,-0.1870191395282745,0.1487477570772171,0.2037380039691925,0.1915566772222518,0.2370712757110595,-0.9524198174476624,0.8283536434173584,0,0,0,1
7.6,0.6039860297974702,0.30391305662270857,0.7367752234051653,0.2017937153577804,-0.7558256312580918,0.5116895432463179,0.4085357101474498,0.1395521163940429,-0.2528408411289526,-0.8036234599279791,0.5387586135836595,0.8338801860809326,0.0,0.0,0.0,1.0,0.1428568959236145,0.9533211588859558,0.2660278975963592,-0.1651051193475723,0.9710294604301452,-0.1870191395282745,0.1487477570772171,0.2037380039691925,0.1915566772222518,0.2370712757110595,-0.9524198174476624,0.8283536434173584,0,0,0,1
7.633333333333334,0.6039860297974702,0.30391305662270857,0.7367752234051653,0.2017937153577804,-0.7558256312580918,0.5116895432463179,0.4085357101474498,0.1395521163940429,-0.2528408411289526,-0.8036234599279791,0.5387586135836595,0.8338801860809326,0.0,0.0,0.0,1.0,0.1428568959236145,0.9533211588859558,0.2660278975963592,-0.1651051193475723,0.9710294604301452,-0.1870191395282745,0.1487477570772171,0.2037380039691925,0.1915566772222518,0.2370712757110595,-0.9524198174476624,0.8283536434173584,0,0,0,1
7.666666666666667,0.6039860297974702,0.30391305662270857,0.7367752234051653,0.2017937153577804,-0.7558256312580918,0.5116895432463179,0.4085357101474498,0.1395521163940429,-0.2528408411289526,-0.8036234599279791,0.5387586135836595,0.8338801860809326,0.0,0.0,0.0,1.0,0.1428568959236145,0.9533211588859558,0.2660278975963592,-0.1651051193475723,0.9710294604301452,-0.1870191395282745,0.1487477570772171,0.2037380039691925,0.1915566772222518,0.2370712757110595,-0.9524198174476624,0.8283536434173584,0,0,0,1
7.7,0.6039860297974702,0.30391305662270857,0.7367752234051653,0.2017937153577804,-0.7558256312580918,0.5116895432463179,0.4085357101474498,0.1395521163940429,-0.2528408411289526,-0.8036234599279791,0.5387586135836595,0.8338801860809326,0.0,0.0,0.0,1.0,0.1428568959236145,0.9533211588859558,0.2660278975963592,-0.1651051193475723,0.9710294604301452,-0.1870191395282745,0.1487477570772171,0.2037380039691925,0.1915566772222518,0.2370712757110595,-0.9524198174476624,0.8283536434173584,0,0,0,1
7.733333333333333,0.6039860297974702,0.30391305662270857,0.7367752234051653,0.2017937153577804,-0.7558256312580918,0.5116895432463179,0.4085357101474498,0.1395521163940429,-0.2528408411289526,-0.8036234599279791,0.5387586135836595,0.8338801860809326,0.0,0.0,0.0,1.0,0.1428568959236145,0.9533211588859558,0.2660278975963592,-0.1651051193475723,0.9710294604301452,-0.1870191395282745,0.1487477570772171,0.2037380039691925,0.1915566772222518,0.2370712757110595,-0.9524198174476624,0.8283536434173584,0,0,0,1
7.766666666666667,0.6039860297974702,0.30391305662270857,0.7367752234051653,0.2017937153577804,-0.7558256312580918,0.5116895432463179,0.4085357101474498,0.1395521163940429,-0.2528408411289526,-0.8036234599279791,0.5387586135836595,0.8338801860809326,0.0,0.0,0.0,1.0,0.1428568959236145,0.9533211588859558,0.2660278975963592,-0.1651051193475723,0.9710294604301452,-0.1870191395282745,0.1487477570772171,0.2037380039691925,0.1915566772222518,0.2370712757110595,-0.9524198174476624,0.8283536434173584,0,0,0,1
7.8,0.6039860297974702,0.30391305662270857,0.7367752234051653,0.2017937153577804,-0.7558256312580918,0.5116895432463179,0.4085357101474498,0.1395521163940429,-0.2528408411289526,-0.8036234599279791,0.5387586135836595,0.8338801860809326,0.0,0.0,0.0,1.0,0.1428568959236145,0.9533211588859558,0.2660278975963592,-0.1651051193475723,0.9710294604301452,-0.1870191395282745,0.1487477570772171,0.2037380039691925,0.1915566772222518,0.2370712757110595,-0.9524198174476624,0.8283536434173584,0,0,0,1
7.833333333333333,0.6039860297974702,0.30391305662270857,0.7367752234051653,0.2017937153577804,-0.7558256312580918,0.5116895432463179,0.4085357101474498,0.1395521163940429,-0.2528408411289526,-0.8036234599279791,0.5387586135836595,0.8338801860809326,0.0,0.0,0.0,1.0,0.1428568959236145,0.9533211588859558,0.2660278975963592,-0.1651051193475723,0.9710294604301452,-0.1870191395282745,0.1487477570772171,0.2037380039691925,0.1915566772222518,0.2370712757110595,-0.9524198174476624,0.8283536434173584,0,0,0,1
7.866666666666666,0.6039860297974702,0.30391305662270857,0.7367752234051653,0.2017937153577804,-0.7558256312580918,0.5116895432463179,0.4085357101474498,0.1395521163940429,-0.2528408411289526,-0.8036234599279791,0.5387586135836595,0.8338801860809326,0.0,0.0,0.0,1.0,0.1428568959236145,0.9533211588859558,0.2660278975963592,-0.1651051193475723,0.9710294604301452,-0.1870191395282745,0.1487477570772171,0.2037380039691925,0.1915566772222518,0.2370712757110595,-0.9524198174476624,0.8283536434173584,0,0,0,1
7.9,0.6039860297974702,0.30391305662270857,0.7367752234051653,0.2017937153577804,-0.7558256312580918,0.5116895432463179,0.4085357101474498,0.1395521163940429,-0.2528408411289526,-0.8036234599279791,0.5387586135836595,0.8338801860809326,0.0,0.0,0.0,1.0,0.1428568959236145,0.9533211588859558,0.2660278975963592,-0.1651051193475723,0.9710294604301452,-0.1870191395282745,0.1487477570772171,0.2037380039691925,0.1915566772222518,0.2370712757110595,-0.9524198174476624,0.8283536434173584,0,0,0,1
7.933333333333334,0.6039860297974702,0.30391305662270857,0.7367752234051653,0.2017937153577804,-0.7558256312580918,0.5116895432463179,0.4085357101474498,0.1395521163940429,-0.2528408411289526,-0.8036234599279791,0.5387586135836595,0.8338801860809326,0.0,0.0,0.0,1.0,0.1428568959236145,0.9533211588859558,0.2660278975963592,-0.1651051193475723,0.9710294604301452,-0.1870191395282745,0.1487477570772171,0.2037380039691925,0.1915566772222518,0.2370712757110595,-0.9524198174476624,0.8283536434173584,0,0,0,1
7.966666666666667,0.6039860297974702,0.30391305662270857,0.7367752234051653,0.2017937153577804,-0.7558256312580918,0.5116895432463179,0.4085357101474498,0.1395521163940429,-0.2528408411289526,-0.8036234599279791,0.5387586135836595,0.8338801860809326,0.0,0.0,0.0,1.0,0.1428568959236145,0.9533211588859558,0.2660278975963592,-0.1651051193475723,0.9710294604301452,-0.1870191395282745,0.1487477570772171,0.2037380039691925,0.1915566772222518,0.2370712757110595,-0.9524198174476624,0.8283536434173584,0,0,0,1
8.0,0.6039860297974702,0.30391305662270857,0.7367752234051653,0.2017937153577804,-0.7558256312580918,0.5116895432463179,0.4085357101474498,0.1395521163940429,-0.2528408411289526,-0.8036234599279791,0.5387586135836595,0.8338801860809326,0.0,0.0,0.0,1.0,0.1428568959236145,0.9533211588859558,0.2660278975963592,-0.1651051193475723,0.9710294604301452,-0.1870191395282745,0.1487477570772171,0.2037380039691925,0.1915566772222518,0.2370712757110595,-0.9524198174476624,0.8283536434173584,0,0,0,1
8.033333333333333,0.6039860297974702,0.30391305662270857,0.7367752234051653,0.2017937153577804,-0.7558256312580918,0.5116895432463179,0.4085357101474498,0.1395521163940429,-0.2528408411289526,-0.8036234599279791,0.5387586135836595,0.8338801860809326,0.0,0.0,0.0,1.0,0.1428568959236145,0.9533211588859558,0.2660278975963592,-0.1651051193475723,0.9710294604301452,-0.1870191395282745,0.1487477570772171,0.2037380039691925,0.1915566772222518,0.2370712757110595,-0.9524198174476624,0.8283536434173584,0,0,0,1
8.066666666666666,0.6039860297974702,0.30391305662270857,0.7367752234051653,0.2017937153577804,-0.7558256312580918,0.5116895432463179,0.4085357101474498,0.1395521163940429,-0.2528408411289526,-0.8036234599279791,0.5387586135836595,0.8338801860809326,0.0,0.0,0.0,1.0,0.1428568959236145,0.9533211588859558,0.2660278975963592,-0.1651051193475723,0.9710294604301452,-0.1870191395282745,0.1487477570772171,0.2037380039691925,0.1915566772222518,0.2370712757110595,-0.9524198174476624,0.8283536434173584,0,0,0,1
8.1,0.6039860297974702,0.30391305662270857,0.7367752234051653,0.2017937153577804,-0.7558256312580918,0.5116895432463179,0.4085357101474498,0.1395521163940429,-0.2528408411289526,-0.8036234599279791,0.5387586135836595,0.8338801860809326,0.0,0.0,0.0,1.0,0.1428568959236145,0.9533211588859558,0.2660278975963592,-0.1651051193475723,0.9710294604301452,-0.1870191395282745,0.1487477570772171,0.2037380039691925,0.1915566772222518,0.2370712757110595,-0.9524198174476624,0.8283536434173584,0,0,0,1
8.133333333333333,0.6039860297974702,0.30391305662270857,0.7367752234051653,0.2017937153577804,-0.7558256312580918,0.5116895432463179,0.4085357101474498,0.1395521163940429,-0.2528408411289526,-0.8036234599279791,0.5387586135836595,0.8338801860809326,0.0,0.0,0.0,1.0,0.1428568959236145,0.9533211588859558,0.2660278975963592,-0.1651051193475723,0.9710294604301452,-0.1870191395282745,0.1487477570772171,0.2037380039691925,0.1915566772222518,0.2370712757110595,-0.9524198174476624,0.8283536434173584,0,0,0,1
8.166666666666666,0.6039860297974702,0.30391305662270857,0.7367752234051653,0.2017937153577804,-0.7558256312580918,0.5116895432463179,0.4085357101474498,0.1395521163940429,-0.2528408411289526,-0.8036234599279791,0.5387586135836595,0.8338801860809326,0.0,0.0,0.0,1.0,0.1428568959236145,0.9533211588859558,0.2660278975963592,-0.1651051193475723,0.9710294604301452,-0.1870191395282745,0.1487477570772171,0.2037380039691925,0.1915566772222518,0.2370712757110595,-0.9524198174476624,0.8283536434173584,0,0,0,1
8.2,0.6039860297974702,0.30391305662270857,0.7367752234051653,0.2017937153577804,-0.7558256312580918,0.5116895432463179,0.4085357101474498,0.1395521163940429,-0.2528408411289526,-0.8036234599279791,0.5387586135836595,0.8338801860809326,0.0,0.0,0.0,1.0,0.1428568959236145,0.9533211588859558,0.2660278975963592,-0.1651051193475723,0.9710294604301452,-0.1870191395282745,0.1487477570772171,0.2037380039691925,0.1915566772222518,0.2370712757110595,-0.9524198174476624,0.8283536434173584,0,0,0,1
8.233333333333333,0.6039860297974702,0.30391305662270857,0.7367752234051653,0.2017937153577804,-0.7558256312580918,0.5116895432463179,0.4085357101474498,0.1395521163940429,-0.2528408411289526,-0.8036234599279791,0.5387586135836595,0.8338801860809326,0.0,0.0,0.0,1.0,0.1428568959236145,0.9533211588859558,0.2660278975963592,-0.1651051193475723,0.9710294604301452,-0.1870191395282745,0.1487477570772171,0.2037380039691925,0.1915566772222518,0.2370712757110595,-0.9524198174476624,0.8283536434173584,0,0,0,1
8.266666666666667,0.6039860297974702,0.30391305662270857,0.7367752234051653,0.2017937153577804,-0.7558256312580918,0.5116895432463179,0.4085357101474498,0.1395521163940429,-0.2528408411289526,-0.8036234599279791,0.5387586135836595,0.8338801860809326,0.0,0.0,0.0,1.0,0.1428568959236145,0.9533211588859558,0.2660278975963592,-0.1651051193475723,0.9710294604301452,-0.1870191395282745,0.1487477570772171,0.2037380039691925,0.1915566772222518,0.2370712757110595,-0.9524198174476624,0.8283536434173584,0,0,0,1
8.3,0.6039860297974702,0.30391305662270857,0.7367752234051653,0.2017937153577804,-0.7558256312580918,0.5116895432463179,0.4085357101474498,0.1395521163940429,-0.2528408411289526,-0.8036234599279791,0.5387586135836595,0.8338801860809326,0.0,0.0,0.0,1.0,0.1428568959236145,0.9533211588859558,0.2660278975963592,-0.1651051193475723,0.9710294604301452,-0.1870191395282745,0.1487477570772171,0.2037380039691925,0.1915566772222518,0.2370712757110595,-0.9524198174476624,0.8283536434173584,0,0,0,1
8.333333333333334,0.6039860297974702,0.30391305662270857,0.7367752234051653,0.2017937153577804,-0.7558256312580918,0.5116895432463179,0.4085357101474498,0.1395521163940429,-0.2528408411289526,-0.8036234599279791,0.5387586135836595,0.8338801860809326,0.0,0.0,0.0,1.0,0.1428568959236145,0.9533211588859558,0.2660278975963592,-0.1651051193475723,0.9710294604301452,-0.1870191395282745,0.1487477570772171,0.2037380039691925,0.1915566772222518,0.2370712757110595,-0.9524198174476624,0.8283536434173584,0,0,0,1
8.366666666666667,0.6039860297974702,0.30391305662270857,0.7367752234051653,0.2017937153577804,-0.7558256312580918,0.5116895432463179,0.4085357101474498,0.1395521163940429,-0.2528408411289526,-0.8036234599279791,0.5387586135836595,0.8338801860809326,0.0,0.0,0.0,1.0,0.1428568959236145,0.9533211588859558,0.2660278975963592,-0.1651051193475723,0.9710294604301452,-0.1870191395282745,0.1487477570772171,0.2037380039691925,0.1915566772222518,0.2370712757110595,-0.9524198174476624,0.8283536434173584,0,0,0,1
8.4,0.6039860297974702,0.30391305662270857,0.7367752234051653,0.2017937153577804,-0.7558256312580918,0.5116895432463179,0.4085357101474498,0.1395521163940429,-0.2528408411289526,-0.8036234599279791,0.5387586135836595,0.8338801860809326,0.0,0.0,0.0,1.0,0.1428568959236145,0.9533211588859558,0.2660278975963592,-0.1651051193475723,0.9710294604301452,-0.1870191395282745,0.1487477570772171,0.2037380039691925,0.1915566772222518,0.2370712757110595,-0.9524198174476624,0.8283536434173584,0,0,0,1
8.433333333333334,0.6039860297974702,0.30391305662270857,0.7367752234051653,0.2017937153577804,-0.7558256312580918,0.5116895432463179,0.4085357101474498,0.1395521163940429,-0.2528408411289526,-0.8036234599279791,0.5387586135836595,0.8338801860809326,0.0,0.0,0.0,1.0,0.1428568959236145,0.9533211588859558,0.2660278975963592,-0.1651051193475723,0.9710294604301452,-0.1870191395282745,0.1487477570772171,0.2037380039691925,0.1915566772222518,0.2370712757110595,-0.9524198174476624,0.8283536434173584,0,0,0,1
8.466666666666667,0.6039860297974702,0.30391305662270857,0.7367752234051653,0.2017937153577804,-0.7558256312580918,0.5116895432463179,0.4085357101474498,0.1395521163940429,-0.2528408411289526,-0.8036234599279791,0.5387586135836595,0.8338801860809326,0.0,0.0,0.0,1.0,0.1428568959236145,0.9533211588859558,0.2660278975963592,-0.1651051193475723,0.9710294604301452,-0.1870191395282745,0.1487477570772171,0.2037380039691925,0.1915566772222518,0.2370712757110595,-0.9524198174476624,0.8283536434173584,0,0,0,1
8.5,0.6039860297974702,0.30391305662270857,0.7367752234051653,0.2017937153577804,-0.7558256312580918,0.5116895432463179,0.4085357101474498,0.1395521163940429,-0.2528408411289526,-0.8036234599279791,0.5387586135836595,0.8338801860809326,0.0,0.0,0.0,1.0,0.1428568959236145,0.9533211588859558,0.2660278975963592,-0.1651051193475723,0.9710294604301452,-0.1870191395282745,0.1487477570772171,0.2037380039691925,0.1915566772222518,0.2370712757110595,-0.9524198174476624,0.8283536434173584,0,0,0,1
8.533333333333333,0.6039860297974702,0.30391305662270857,0.7367752234051653,0.2017937153577804,-0.7558256312580918,0.5116895432463179,0.4085357101474498,0.1395521163940429,-0.2528408411289526,-0.8036234599279791,0.5387586135836595,0.8338801860809326,0.0,0.0,0.0,1.0,0.1428568959236145,0.9533211588859558,0.2660278975963592,-0.1651051193475723,0.9710294604301452,-0.1870191395282745,0.1487477570772171,0.2037380039691925,0.1915566772222518,0.2370712757110595,-0.9524198174476624,0.8283536434173584,0,0,0,1
8.566666666666666,0.6039860297974702,0.30391305662270857,0.7367752234051653,0.2017937153577804,-0.7558256312580918,0.5116895432463179,0.4085357101474498,0.1395521163940429,-0.2528408411289526,-0.8036234599279791,0.5387586135836595,0.8338801860809326,0.0,0.0,0.0,1.0,0.1428568959236145,0.9533211588859558,0.2660278975963592,-0.1651051193475723,0.9710294604301452,-0.1870191395282745,0.1487477570772171,0.2037380039691925,0.1915566772222518,0.2370712757110595,-0.9524198174476624,0.8283536434173584,0,0,0,1
8.6,0.6039860297974702,0.30391305662270857,0.7367752234051653,0.2017937153577804,-0.7558256312580918,0.5116895432463179,0.4085357101474498,0.1395521163940429,-0.2528408411289526,-0.8036234599279791,0.5387586135836595,0.8338801860809326,0.0,0.0,0.0,1.0,0.1428568959236145,0.9533211588859558,0.2660278975963592,-0.1651051193475723,0.9710294604301452,-0.1870191395282745,0.1487477570772171,0.2037380039691925,0.1915566772222518,0.2370712757110595,-0.9524198174476624,0.8283536434173584,0,0,0,1
8.633333333333333,0.6039860297974702,0.30391305662270857,0.7367752234051653,0.2017937153577804,-0.7558256312580918,0.5116895432463179,0.4085357101474498,0.1395521163940429,-0.2528408411289526,-0.8036234599279791,0.5387586135836595,0.8338801860809326,0.0,0.0,0.0,1.0,0.1428568959236145,0.9533211588859558,0.2660278975963592,-0.1651051193475723,0.9710294604301452,-0.1870191395282745,0.1487477570772171,0.2037380039691925,0.1915566772222518,0.2370712757110595,-0.9524198174476624,0.8283536434173584,0,0,0,1
8.666666666666666,0.6039860297974702,0.30391305662270857,0.7367752234051653,0.2017937153577804,-0.7558256312580918,0.5116895432463179,0.4085357101474498,0.1395521163940429,-0.2528408411289526,-0.8036234599279791,0.5387586135836595,0.8338801860809326,0.0,0.0,0.0,1.0,0.1428568959236145,0.9533211588859558,0.2660278975963592,-0.1651051193475723,0.9710294604301452,-0.1870191395282745,0.1487477570772171,0.2037380039691925,0.1915566772222518,0.2370712757110595,-0.9524198174476624,0.8283536434173584,0,0,0,1
8.7,0.6039860297974702,0.30391305662270857,0.7367752234051653,0.2017937153577804,-0.7558256312580918,0.5116895432463179,0.4085357101474498,0.1395521163940429,-0.2528408411289526,-0.8036234599279791,0.5387586135836595,0.8338801860809326,0.0,0.0,0.0,1.0,0.1428568959236145,0.9533211588859558,0.2660278975963592,-0.1651051193475723,0.9710294604301452,-0.1870191395282745,0.1487477570772171,0.2037380039691925,0.1915566772222518,0.2370712757110595,-0.9524198174476624,0.8283536434173584,0,0,0,1
8.733333333333333,0.6039860297974702,0.30391305662270857,0.7367752234051653,0.2017937153577804,-0.7558256312580918,0.5116895432463179,0.4085357101474498,0.1395521163940429,-0.2528408411289526,-0.8036234599279791,0.5387586135836595,0.8338801860809326,0.0,0.0,0.0,1.0,0.1428568959236145,0.9533211588859558,0.2660278975963592,-0.1651051193475723,0.9710294604301452,-0.1870191395282745,0.1487477570772171,0.2037380039691925,0.1915566772222518,0.2370712757110595,-0.9524198174476624,0.8283536434173584,0,0,0,1
8.766666666666667,0.6039860297974702,0.30391305662270857,0.7367752234051653,0.2017937153577804,-0.7558256312580918,0.5116895432463179,0.4085357101474498,0.1395521163940429,-0.2528408411289526,-0.8036234599279791,0.5387586135836595,0.8338801860809326,0.0,0.0,0.0,1.0,0.1428568959236145,0.9533211588859558,0.2660278975963592,-0.1651051193475723,0.9710294604301452,-0.1870191395282745,0.1487477570772171,0.2037380039691925,0.1915566772222518,0.2370712757110595,-0.9524198174476624,0.8283536434173584,0,0,0,1
8.8,0.6039860297974702,0.30391305662270857,0.7367752234051653,0.2017937153577804,-0.7558256312580918,0.5116895432463179,0.4085357101474498,0.1395521163940429,-0.2528408411289526,-0.8036234599279791,0.5387586135836595,0.8338801860809326,0.0,0.0,0.0,1.0,0.1428568959236145,0.9533211588859558,0.2660278975963592,-0.1651051193475723,0.9710294604301452,-0.1870191395282745,0.1487477570772171,0.2037380039691925,0.1915566772222518,0.2370712757110595,-0.9524198174476624,0.8283536434173584,0,0,0,1
8.833333333333334,0.6039860297974702,0.30391305662270857,0.7367752234051653,0.2017937153577804,-0.7558256312580918,0.5116895432463179,0.4085357101474498,0.1395521163940429,-0.2528408411289526,-0.8036234599279791,0.5387586135836595,0.8338801860809326,0.0,0.0,0.0,1.0,0.1428568959236145,0.9533211588859558,0.2660278975963592,-0.1651051193475723,0.9710294604301452,-0.1870191395282745,0.1487477570772171,0.2037380039691925,0.1915566772222518,0.2370712757110595,-0.9524198174476624,0.8283536434173584,0,0,0,1
8.866666666666667,0.6039860297974702,0.30391305662270857,0.7367752234051653,0.2017937153577804,-0.7558256312580918,0.5116895432463179,0.4085357101474498,0.1395521163940429,-0.2528408411289526,-0.8036234599279791,0.5387586135836595,0.8338801860809326,0.0,0.0,0.0,1.0,0.1428568959236145,0.9533211588859558,0.2660278975963592,-0.1651051193475723,0.9710294604301452,-0.1870191395282745,0.1487477570772171,0.2037380039691925,0.1915566772222518,0.2370712757110595,-0.9524198174476624,0.8283536434173584,0,0,0,1
8.9,0.6039860297974702,0.30391305662270857,0.7367752234051653,0.2017937153577804,-0.7558256312580918,0.5116895432463179,0.4085357101474498,0.1395521163940429,-0.2528408411289526,-0.8036234599279791,0.5387586135836595,0.8338801860809326,0.0,0.0,0.0,1.0,0.1428568959236145,0.9533211588859558,0.2660278975963592,-0.1651051193475723,0.9710294604301452,-0.1870191395282745,0.1487477570772171,0.2037380039691925,0.1915566772222518,0.2370712757110595,-0.9524198174476624,0.8283536434173584,0,0,0,1
8.933333333333334,0.6039860297974702,0.30391305662270857,0.7367752234051653,0.2017937153577804,-0.7558256312580918,0.5116895432463179,0.4085357101474498,0.1395521163940429,-0.2528408411289526,-0.8036234599279791,0.5387586135836595,0.8338801860809326,0.0,0.0,0.0,1.0,0.1428568959236145,0.9533211588859558,0.2660278975963592,-0.1651051193475723,0.9710294604301452,-0.1870191395282745,0.1487477570772171,0.2037380039691925,0.1915566772222518,0.2370712757110595,-0.9524198174476624,0.8283536434173584,0,0,0,1
8.966666666666667,0.6039860297974702,0.30391305662270857,0.7367752234051653,0.2017937153577804,-0.7558256312580918,0.5116895432463179,0.4085357101474498,0.1395521163940429,-0.2528408411289526,-0.8036234599279791,0.5387586135836595,0.8338801860809326,0.0,0.0,0.0,1.0,0.1428568959236145,0.9533211588859558,0.2660278975963592,-0.1651051193475723,0.9710294604301452,-0.1870191395282745,0.1487477570772171,0.2037380039691925,0.1915566772222518,0.2370712757110595,-0.9524198174476624,0.8283536434173584,0,0,0,1
9.0,0.6039860297974702,0.30391305662270857,0.7367752234051653,0.2017937153577804,-0.7558256312580918,0.5116895432463179,0.4085357101474498,0.1395521163940429,-0.2528408411289526,-0.8036234599279791,0.5387586135836595,0.8338801860809326,0.0,0.0,0.0,1.0,0.1428568959236145,0.9533211588859558,0.2660278975963592,-0.1651051193475723,0.9710294604301452,-0.1870191395282745,0.1487477570772171,0.2037380039691925,0.1915566772222518,0.2370712757110595,-0.9524198174476624,0.8283536434173584,0,0,0,1
9.033333333333333,0.6039860297974702,0.30391305662270857,0.7367752234051653,0.2017937153577804,-0.7558256312580918,0.5116895432463179,0.4085357101474498,0.1395521163940429,-0.2528408411289526,-0.8036234599279791,0.5387586135836595,0.8338801860809326,0.0,0.0,0.0,1.0,0.1428568959236145,0.9533211588859558,0.2660278975963592,-0.1651051193475723,0.9710294604301452,-0.1870191395282745,0.1487477570772171,0.2037380039691925,0.1915566772222518,0.2370712757110595,-0.9524198174476624,0.8283536434173584,0,0,0,1
9.066666666666666,0.6039860297974702,0.30391305662270857,0.7367752234051653,0.2017937153577804,-0.7558256312580918,0.5116895432463179,0.4085357101474498,0.1395521163940429,-0.2528408411289526,-0.8036234599279791,0.5387586135836595,0.8338801860809326,0.0,0.0,0.0,1.0,0.1428568959236145,0.9533211588859558,0.2660278975963592,-0.1651051193475723,0.9710294604301452,-0.1870191395282745,0.1487477570772171,0.2037380039691925,0.1915566772222518,0.2370712757110595,-0.9524198174476624,0.8283536434173584,0,0,0,1
9.1,0.6039860297974702,0.30391305662270857,0.7367752234051653,0.2017937153577804,-0.7558256312580918,0.5116895432463179,0.4085357101474498,0.1395521163940429,-0.2528408411289526,-0.8036234599279791,0.5387586135836595,0.8338801860809326,0.0,0.0,0.0,1.0,0.1428568959236145,0.9533211588859558,0.2660278975963592,-0.1651051193475723,0.9710294604301452,-0.1870191395282745,0.1487477570772171,0.2037380039691925,0.1915566772222518,0.2370712757110595,-0.9524198174476624,0.8283536434173584,0,0,0,1
9.133333333333333,0.6039860297974702,0.30391305662270857,0.7367752234051653,0.2017937153577804,-0.7558256312580918,0.5116895432463179,0.4085357101474498,0.1395521163940429,-0.2528408411289526,-0.8036234599279791,0.5387586135836595,0.8338801860809326,0.0,0.0,0.0,1.0,0.1428568959236145,0.9533211588859558,0.2660278975963592,-0.1651051193475723,0.9710294604301452,-0.1870191395282745,0.1487477570772171,0.2037380039691925,0.1915566772222518,0.2370712757110595,-0.9524198174476624,0.8283536434173584,0,0,0,1
9.166666666666666,0.6039860297974702,0.30391305662270857,0.7367752234051653,0.2017937153577804,-0.7558256312580918,0.5116895432463179,0.4085357101474498,0.1395521163940429,-0.2528408411289526,-0.8036234599279791,0.5387586135836595,0.8338801860809326,0.0,0.0,0.0,1.0,0.1428568959236145,0.9533211588859558,0.2660278975963592,-0.1651051193475723,0.9710294604301452,-0.1870191395282745,0.1487477570772171,0.2037380039691925,0.1915566772222518,0.2370712757110595,-0.9524198174476624,0.8283536434173584,0,0,0,1
9.2,0.6039860297974702,0.30391305662270857,0.7367752234051653,0.2017937153577804,-0.7558256312580918,0.5116895432463179,0.4085357101474498,0.1395521163940429,-0.2528408411289526,-0.8036234599279791,0.5387586135836595,0.8338801860809326,0.0,0.0,0.0,1.0,0.1428568959236145,0.9533211588859558,0.2660278975963592,-0.1651051193475723,0.9710294604301452,-0.1870191395282745,0.1487477570772171,0.2037380039691925,0.1915566772222518,0.2370712757110595,-0.9524198174476624,0.8283536434173584,0,0,0,1
9.233333333333333,0.6039860297974702,0.30391305662270857,0.7367752234051653,0.2017937153577804,-0.7558256312580918,0.5116895432463179,0.4085357101474498,0.1395521163940429,-0.2528408411289526,-0.8036234599279791,0.5387586135836595,0.8338801860809326,0.0,0.0,0.0,1.0,0.1428568959236145,0.9533211588859558,0.2660278975963592,-0.1651051193475723,0.9710294604301452,-0.1870191395282745,0.1487477570772171,0.2037380039691925,0.1915566772222518,0.2370712757110595,-0.9524198174476624,0.8283536434173584,0,0,0,1
9.266666666666667,0.6039860297974702,0.30391305662270857,0.7367752234051653,0.2017937153577804,-0.7558256312580918,0.5116895432463179,0.4085357101474498,0.1395521163940429,-0.2528408411289526,-0.8036234599279791,0.5387586135836595,0.8338801860809326,0.0,0.0,0.0,1.0,0.1428568959236145,0.9533211588859558,0.2660278975963592,-0.1651051193475723,0.9710294604301452,-0.1870191395282745,0.1487477570772171,0.2037380039691925,0.1915566772222518,0.2370712757110595,-0.9524198174476624,0.8283536434173584,0,0,0,1
9.3,0.6039860297974702,0.30391305662270857,0.7367752234051653,0.2017937153577804,-0.7558256312580918,0.5116895432463179,0.4085357101474498,0.1395521163940429,-0.2528408411289526,-0.8036234599279791,0.5387586135836595,0.8338801860809326,0.0,0.0,0.0,1.0,0.1428568959236145,0.9533211588859558,0.2660278975963592,-0.1651051193475723,0.9710294604301452,-0.1870191395282745,0.1487477570772171,0.2037380039691925,0.1915566772222518,0.2370712757110595,-0.9524198174476624,0.8283536434173584,0,0,0,1
9.333333333333334,0.6039860297974702,0.30391305662270857,0.7367752234051653,0.2017937153577804,-0.7558256312580918,0.5116895432463179,0.4085357101474498,0.1395521163940429,-0.2528408411289526,-0.8036234599279791,0.5387586135836595,0.8338801860809326,0.0,0.0,0.0,1.0,0.1428568959236145,0.9533211588859558,0.2660278975963592,-0.1651051193475723,0.9710294604301452,-0.1870191395282745,0.1487477570772171,0.2037380039691925,0.1915566772222518,0.2370712757110595,-0.9524198174476624,0.8283536434173584,0,0,0,1
9.366666666666667,0.6039860297974702,0.30391305662270857,0.7367752234051653,0.2017937153577804,-0.7558256312580918,0.5116895432463179,0.4085357101474498,0.1395521163940429,-0.2528408411289526,-0.8036234599279791,0.5387586135836595,0.8338801860809326,0.0,0.0,0.0,1.0,0.1428568959236145,0.9533211588859558,0.2660278975963592,-0.1651051193475723,0.9710294604301452,-0.1870191395282745,0.1487477570772171,0.2037380039691925,0.1915566772222518,0.2370712757110595,-0.9524198174476624,0.8283536434173584,0,0,0,1
9.4,0.6039860297974702,0.30391305662270857,0.7367752234051653,0.2017937153577804,-0.7558256312580918,0.5116895432463179,0.4085357101474498,0.1395521163940429,-0.2528408411289526,-0.8036234599279791,0.5387586135836595,0.8338801860809326,0.0,0.0,0.0,1.0,0.1428568959236145,0.9533211588859558,0.2660278975963592,-0.1651051193475723,0.9710294604301452,-0.1870191395282745,0.1487477570772171,0.2037380039691925,0.1915566772222518,0.2370712757110595,-0.9524198174476624,0.8283536434173584,0,0,0,1
9.433333333333334,0.6039860297974702,0.30391305662270857,0.7367752234051653,0.2017937153577804,-0.7558256312580918,0.5116895432463179,0.4085357101474498,0.1395521163940429,-0.2528408411289526,-0.8036234599279791,0.5387586135836595,0.8338801860809326,0.0,0.0,0.0,1.0,0.1428568959236145,0.9533211588859558,0.2660278975963592,-0.1651051193475723,0.9710294604301452,-0.1870191395282745,0.1487477570772171,0.2037380039691925,0.1915566772222518,0.2370712757110595,-0.9524198174476624,0.8283536434173584,0,0,0,1
9.466666666666667,0.6039860297974702,0.30391305662270857,0.7367752234051653,0.2017937153577804,-0.7558256312580918,0.5116895432463179,0.4085357101474498,0.1395521163940429,-0.2528408411289526,-0.8036234599279791,0.5387586135836595,0.8338801860809326,0.0,0.0,0.0,1.0,0.1428568959236145,0.9533211588859558,0.2660278975963592,-0.1651051193475723,0.9710294604301452,-0.1870191395282745,0.1487477570772171,0.2037380039691925,0.1915566772222518,0.2370712757110595,-0.9524198174476624,0.8283536434173584,0,0,0,1
9.5,0.6039860297974702,0.30391305662270857,0.7367752234051653,0.2017937153577804,-0.7558256312580918,0.5116895432463179,0.4085357101474498,0.1395521163940429,-0.2528408411289526,-0.8036234599279791,0.5387586135836595,0.8338801860809326,0.0,0.0,0.0,1.0,0.1428568959236145,0.9533211588859558,0.2660278975963592,-0.1651051193475723,0.9710294604301452,-0.1870191395282745,0.1487477570772171,0.2037380039691925,0.1915566772222518,0.2370712757110595,-0.9524198174476624,0.8283536434173584,0,0,0,1
9.533333333333333,0.6039860297974702,0.30391305662270857,0.7367752234051653,0.2017937153577804,-0.7558256312580918,0.5116895432463179,0.4085357101474498,0.1395521163940429,-0.2528408411289526,-0.8036234599279791,0.5387586135836595,0.8338801860809326,0.0,0.0,0.0,1.0,0.1428568959236145,0.9533211588859558,0.2660278975963592,-0.1651051193475723,0.9710294604301452,-0.1870191395282745,0.1487477570772171,0.2037380039691925,0.1915566772222518,0.2370712757110595,-0.9524198174476624,0.8283536434173584,0,0,0,1
9.566666666666666,0.6039860297974702,0.30391305662270857,0.7367752234051653,0.2017937153577804,-0.7558256312580918,0.5116895432463179,0.4085357101474498,0.1395521163940429,-0.2528408411289526,-0.8036234599279791,0.5387586135836595,0.8338801860809326,0.0,0.0,0.0,1.0,0.1428568959236145,0.9533211588859558,0.2660278975963592,-0.1651051193475723,0.9710294604301452,-0.1870191395282745,0.1487477570772171,0.2037380039691925,0.1915566772222518,0.2370712757110595,-0.9524198174476624,0.8283536434173584,0,0,0,1
9.6,0.6039860297974702,0.30391305662270857,0.7367752234051653,0.2017937153577804,-0.7558256312580918,0.5116895432463179,0.4085357101474498,0.1395521163940429,-0.2528408411289526,-0.8036234599279791,0.5387586135836595,0.8338801860809326,0.0,0.0,0.0,1.0,0.1428568959236145,0.9533211588859558,0.2660278975963592,-0.1651051193475723,0.9710294604301452,-0.1870191395282745,0.1487477570772171,0.2037380039691925,0.1915566772222518,0.2370712757110595,-0.9524198174476624,0.8283536434173584,0,0,0,1
9.633333333333333,0.6039860297974702,0.30391305662270857,0.7367752234051653,0.2017937153577804,-0.7558256312580918,0.5116895432463179,0.4085357101474498,0.1395521163940429,-0.2528408411289526,-0.8036234599279791,0.5387586135836595,0.8338801860809326,0.0,0.0,0.0,1.0,0.1428568959236145,0.9533211588859558,0.2660278975963592,-0.1651051193475723,0.9710294604301452,-0.1870191395282745,0.1487477570772171,0.2037380039691925,0.1915566772222518,0.2370712757110595,-0.9524198174476624,0.8283536434173584,0,0,0,1
9.666666666666666,0.6039860297974702,0.30391305662270857,0.7367752234051653,0.2017937153577804,-0.7558256312580918,0.5116895432463179,0.4085357101474498,0.1395521163940429,-0.2528408411289526,-0.8036234599279791,0.5387586135836595,0.8338801860809326,0.0,0.0,0.0,1.0,0.1428568959236145,0.9533211588859558,0.2660278975963592,-0.1651051193475723,0.9710294604301452,-0.1870191395282745,0.1487477570772171,0.2037380039691925,0.1915566772222518,0.2370712757110595,-0.9524198174476624,0.8283536434173584,0,0,0,1
9.7,0.6039860297974702,0.30391305662270857,0.7367752234051653,0.2017937153577804,-0.7558256312580918,0.5116895432463179,0.4085357101474498,0.1395521163940429,-0.2528408411289526,-0.8036234599279791,0.5387586135836595,0.8338801860809326,0.0,0.0,0.0,1.0,0.1428568959236145,0.9533211588859558,0.2660278975963592,-0.1651051193475723,0.9710294604301452,-0.1870191395282745,0.1487477570772171,0.2037380039691925,0.1915566772222518,0.2370712757110595,-0.9524198174476624,0.8283536434173584,0,0,0,1
9.733333333333333,0.6039860297974702,0.30391305662270857,0.7367752234051653,0.2017937153577804,-0.7558256312580918,0.5116895432463179,0.4085357101474498,0.1395521163940429,-0.2528408411289526,-0.8036234599279791,0.5387586135836595,0.8338801860809326,0.0,0.0,0.0,1.0,0.1428568959236145,0.9533211588859558,0.2660278975963592,-0.1651051193475723,0.9710294604301452,-0.1870191395282745,0.1487477570772171,0.2037380039691925,0.1915566772222518,0.2370712757110595,-0.9524198174476624,0.8283536434173584,0,0,0,1
9.766666666666667,0.6039860297974702,0.30391305662270857,0.7367752234051653,0.2017937153577804,-0.7558256312580918,0.5116895432463179,0.4085357101474498,0.1395521163940429,-0.2528408411289526,-0.8036234599279791,0.5387586135836595,0.8338801860809326,0.0,0.0,0.0,1.0,0.1428568959236145,0.9533211588859558,0.2660278975963592,-0.1651051193475723,0.9710294604301452,-0.1870191395282745,0.1487477570772171,0.2037380039691925,0.1915566772222518,0.2370712757110595,-0.9524198174476624,0.8283536434173584,0,0,0,1
9.8,0.6039860297974702,0.30391305662270857,0.7367752234051653,0.2017937153577804,-0.7558256312580918,0.5116895432463179,0.4085357101474498,0.1395521163940429,-0.2528408411289526,-0.8036234599279791,0.5387586135836595,0.8338801860809326,0.0,0.0,0.0,1.0,0.1428568959236145,0.9533211588859558,0.2660278975963592,-0.1651051193475723,0.9710294604301452,-0.1870191395282745,0.1487477570772171,0.2037380039691925,0.1915566772222518,0.2370712757110595,-0.9524198174476624,0.8283536434173584,0,0,0,1
9.833333333333334,0.6039860297974702,0.30391305662270857,0.7367752234051653,0.2017937153577804,-0.7558256312580918,0.5116895432463179,0.4085357101474498,0.1395521163940429,-0.2528408411289526,-0.8036234599279791,0.5387586135836595,0.8338801860809326,0.0,0.0,0.0,1.0,0.1428568959236145,0.9533211588859558,0.2660278975963592,-0.1651051193475723,0.9710294604301452,-0.1870191395282745,0.1487477570772171,0.2037380039691925,0.1915566772222518,0.2370712757110595,-0.9524198174476624,0.8283536434173584,0,0,0,1
9.866666666666667,0.6039860297974702,0.30391305662270857,0.7367752234051653,0.2017937153577804,-0.7558256312580918,0.5116895432463179,0.4085357101474498,0.1395521163940429,-0.2528408411289526,-0.8036234599279791,0.5387586135836595,0.8338801860809326,0.0,0.0,0.0,1.0,0.1428568959236145,0.9533211588859558,0.2660278975963592,-0.1651051193475723,0.9710294604301452,-0.1870191395282745,0.1487477570772171,0.2037380039691925,0.1915566772222518,0.2370712757110595,-0.9524198174476624,0.8283536434173584,0,0,0,1
9.9,0.6039860297974702,0.30391305662270857,0.7367752234051653,0.2017937153577804,-0.7558256312580918,0.5116895432463179,0.4085357101474498,0.1395521163940429,-0.2528408411289526,-0.8036234599279791,0.5387586135836595,0.8338801860809326,0.0,0.0,0.0,1.0,0.1428568959236145,0.9533211588859558,0.2660278975963592,-0.1651051193475723,0.9710294604301452,-0.1870191395282745,0.1487477570772171,0.2037380039691925,0.1915566772222518,0.2370712757110595,-0.9524198174476624,0.8283536434173584,0,0,0,1
9.933333333333334,0.6039860297974702,0.30391305662270857,0.7367752234051653,0.2017937153577804,-0.7558256312580918,0.5116895432463179,0.4085357101474498,0.1395521163940429,-0.2528408411289526,-0.8036234599279791,0.5387586135836595,0.8338801860809326,0.0,0.0,0.0,1.0,0.1428568959236145,0.9533211588859558,0.2660278975963592,-0.1651051193475723,0.9710294604301452,-0.1870191395282745,0.1487477570772171,0.2037380039691925,0.1915566772222518,0.2370712757110595,-0.9524198174476624,0.8283536434173584,0,0,0,1
9.966666666666667,0.6039860297974702,0.30391305662270857,0.7367752234051653,0.2017937153577804,-0.7558256312580918,0.5116895432463179,0.4085357101474498,0.1395521163940429,-0.2528408411289526,-0.8036234599279791,0.5387586135836595,0.8338801860809326,0.0,0.0,0.0,1.0,0.1428568959236145,0.9533211588859558,0.2660278975963592,-0.1651051193475723,0.9710294604301452,-0.1870191395282745,0.1487477570772171,0.2037380039691925,0.1915566772222518,0.2370712757110595,-0.9524198174476624,0.8283536434173584,0,0,0,1
10.0,0.6039860297974702,0.30391305662270857,0.7367752234051653,0.2017937153577804,-0.7558256312580918,0.5116895432463179,0.4085357101474498,0.1395521163940429,-0.2528408411289526,-0.8036234599279791,0.5387586135836595,0.8338801860809326,0.0,0.0,0.0,1.0,0.1428568959236145,0.9533211588859558,0.2660278975963592,-0.1651051193475723,0.9710294604301452,-0.1870191395282745,0.1487477570772171,0.2037380039691925,0.1915566772222518,0.2370712757110595,-0.9524198174476624,0.8283536434173584,0,0,0,1
10.033333333333333,0.6039860297974702,0.30391305662270857,0.7367752234051653,0.2017937153577804,-0.7558256312580918,0.5116895432463179,0.4085357101474498,0.1395521163940429,-0.2528408411289526,-0.8036234599279791,0.5387586135836595,0.8338801860809326,0.0,0.0,0.0,1.0,0.1428568959236145,0.9533211588859558,0.2660278975963592,-0.1651051193475723,0.9710294604301452,-0.1870191395282745,0.1487477570772171,0.2037380039691925,0.1915566772222518,0.2370712757110595,-0.9524198174476624,0.8283536434173584,0,0,0,1
10.066666666666666,0.6039860297974702,0.30391305662270857,0.7367752234051653,0.2017937153577804,-0.7558256312580918,0.5116895432463179,0.4085357101474498,0.1395521163940429,-0.2528408411289526,-0.8036234599279791,0.5387586135836595,0.8338801860809326,0.0,0.0,0.0,1.0,0.1428568959236145,0.9533211588859558,0.2660278975963592,-0.1651051193475723,0.9710294604301452,-0.1870191395282745,0.1487477570772171,0.2037380039691925,0.1915566772222518,0.2370712757110595,-0.9524198174476624,0.8283536434173584,0,0,0,1
10.1,0.6039860297974702,0.30391305662270857,0.7367752234051653,0.2017937153577804,-0.7558256312580918,0.5116895432463179,0.4085357101474498,0.1395521163940429,-0.2528408411289526,-0.8036234599279791,0.5387586135836595,0.8338801860809326,0.0,0.0,0.0,1.0,0.1428568959236145,0.9533211588859558,0.2660278975963592,-0.1651051193475723,0.9710294604301452,-0.1870191395282745,0.1487477570772171,0.2037380039691925,0.1915566772222518,0.2370712757110595,-0.9524198174476624,0.8283536434173584,0,0,0,1
10.133333333333333,0.6039860297974702,0.30391305662270857,0.7367752234051653,0.2017937153577804,-0.7558256312580918,0.5116895432463179,0.4085357101474498,0.1395521163940429,-0.2528408411289526,-0.8036234599279791,0.5387586135836595,0.8338801860809326,0.0,0.0,0.0,1.0,0.1428568959236145,0.9533211588859558,0.2660278975963592,-0.1651051193475723,0.9710294604301452,-0.1870191395282745,0.1487477570772171,0.2037380039691925,0.1915566772222518,0.2370712757110595,-0.9524198174476624,0.8283536434173584,0,0,0,1
10.166666666666666,0.6039860297974702,0.30391305662270857,0.7367752234051653,0.2017937153577804,-0.7558256312580918,0.5116895432463179,0.4085357101474498,0.1395521163940429,-0.2528408411289526,-0.8036234599279791,0.5387586135836595,0.8338801860809326,0.0,0.0,0.0,1.0,0.1428568959236145,0.9533211588859558,0.2660278975963592,-0.1651051193475723,0.9710294604301452,-0.1870191395282745,0.1487477570772171,0.2037380039691925,0.1915566772222518,0.2370712757110595,-0.9524198174476624,0.8283536434173584,0,0,0,1
10.2,0.6039860297974702,0.30391305662270857,0.7367752234051653,0.2017937153577804,-0.7558256312580918,0.5116895432463179,0.4085357101474498,0.1395521163940429,-0.2528408411289526,-0.8036234599279791,0.5387586135836595,0.8338801860809326,0.0,0.0,0.0,1.0,0.1428568959236145,0.9533211588859558,0.2660278975963592,-0.1651051193475723,0.9710294604301452,-0.1870191395282745,0.1487477570772171,0.2037380039691925,0.1915566772222518,0.2370712757110595,-0.9524198174476624,0.8283536434173584,0,0,0,1
10.233333333333333,0.6039860297974702,0.30391305662270857,0.7367752234051653,0.2017937153577804,-0.7558256312580918,0.5116895432463179,0.4085357101474498,0.1395521163940429,-0.2528408411289526,-0.8036234599279791,0.5387586135836595,0.8338801860809326,0.0,0.0,0.0,1.0,0.1428568959236145,0.9533211588859558,0.2660278975963592,-0.1651051193475723,0.9710294604301452,-0.1870191395282745,0.1487477570772171,0.2037380039691925,0.1915566772222518,0.2370712757110595,-0.9524198174476624,0.8283536434173584,0,0,0,1
10.266666666666667,0.6039860297974702,0.30391305662270857,0.7367752234051653,0.2017937153577804,-0.7558256312580918,0.5116895432463179,0.4085357101474498,0.1395521163940429,-0.2528408411289526,-0.8036234599279791,0.5387586135836595,0.8338801860809326,0.0,0.0,0.0,1.0,0.1428568959236145,0.9533211588859558,0.2660278975963592,-0.1651051193475723,0.9710294604301452,-0.1870191395282745,0.1487477570772171,0.2037380039691925,0.1915566772222518,0.2370712757110595,-0.9524198174476624,0.8283536434173584,0,0,0,1
10.3,0.6039860297974702,0.30391305662270857,0.7367752234051653,0.2017937153577804,-0.7558256312580918,0.5116895432463179,0.4085357101474498,0.1395521163940429,-0.2528408411289526,-0.8036234599279791,0.5387586135836595,0.8338801860809326,0.0,0.0,0.0,1.0,0.1428568959236145,0.9533211588859558,0.2660278975963592,-0.1651051193475723,0.9710294604301452,-0.1870191395282745,0.1487477570772171,0.2037380039691925,0.1915566772222518,0.2370712757110595,-0.9524198174476624,0.8283536434173584,0,0,0,1
10.333333333333334,0.6039860297974702,0.30391305662270857,0.7367752234051653,0.2017937153577804,-0.7558256312580918,0.5116895432463179,0.4085357101474498,0.1395521163940429,-0.2528408411289526,-0.8036234599279791,0.5387586135836595,0.8338801860809326,0.0,0.0,0.0,1.0,0.1428568959236145,0.9533211588859558,0.2660278975963592,-0.1651051193475723,0.9710294604301452,-0.1870191395282745,0.1487477570772171,0.2037380039691925,0.1915566772222518,0.2370712757110595,-0.9524198174476624,0.8283536434173584,0,0,0,1
10.366666666666667,0.6039860297974702,0.30391305662270857,0.7367752234051653,0.2017937153577804,-0.7558256312580918,0.5116895432463179,0.4085357101474498,0.1395521163940429,-0.2528408411289526,-0.8036234599279791,0.5387586135836595,0.8338801860809326,0.0,0.0,0.0,1.0,0.1428568959236145,0.9533211588859558,0.2660278975963592,-0.1651051193475723,0.9710294604301452,-0.1870191395282745,0.1487477570772171,0.2037380039691925,0.1915566772222518,0.2370712757110595,-0.9524198174476624,0.8283536434173584,0,0,0,1
10.4,0.6039860297974702,0.30391305662270857,0.7367752234051653,0.2017937153577804,-0.7558256312580918,0.5116895432463179,0.4085357101474498,0.1395521163940429,-0.2528408411289526,-0.8036234599279791,0.5387586135836595,0.8338801860809326,0.0,0.0,0.0,1.0,0.1428568959236145,0.9533211588859558,0.2660278975963592,-0.1651051193475723,0.9710294604301452,-0.1870191395282745,0.1487477570772171,0.2037380039691925,0.1915566772222518,0.2370712757110595,-0.9524198174476624,0.8283536434173584,0,0,0,1
10.433333333333334,0.6039860297974702,0.30391305662270857,0.7367752234051653,0.2017937153577804,-0.7558256312580918,0.5116895432463179,0.4085357101474498,0.1395521163940429,-0.2528408411289526,-0.8036234599279791,0.5387586135836595,0.8338801860809326,0.0,0.0,0.0,1.0,0.1428568959236145,0.9533211588859558,0.2660278975963592,-0.1651051193475723,0.9710294604301452,-0.1870191395282745,0.1487477570772171,0.2037380039691925,0.1915566772222518,0.2370712757110595,-0.9524198174476624,0.8283536434173584,0,0,0,1
10.466666666666667,0.6039860297974702,0.30391305662270857,0.7367752234051653,0.2017937153577804,-0.7558256312580918,0.5116895432463179,0.4085357101474498,0.1395521163940429,-0.2528408411289526,-0.8036234599279791,0.5387586135836595,0.8338801860809326,0.0,0.0,0.0,1.0,0.1428568959236145,0.9533211588859558,0.2660278975963592,-0.1651051193475723,0.9710294604301452,-0.1870191395282745,0.1487477570772171,0.2037380039691925,0.1915566772222518,0.2370712757110595,-0.9524198174476624,0.8283536434173584,0,0,0,1
10.5,0.6039860297974702,0.30391305662270857,0.7367752234051653,0.2017937153577804,-0.7558256312580918,0.5116895432463179,0.4085357101474498,0.1395521163940429,-0.2528408411289526,-0.8036234599279791,0.5387586135836595,0.8338801860809326,0.0,0.0,0.0,1.0,0.1428568959236145,0.9533211588859558,0.2660278975963592,-0.1651051193475723,0.9710294604301452,-0.1870191395282745,0.1487477570772171,0.2037380039691925,0.1915566772222518,0.2370712757110595,-0.9524198174476624,0.8283536434173584,0,0,0,1
10.533333333333333,0.6039860297974702,0.30391305662270857,0.7367752234051653,0.2017937153577804,-0.7558256312580918,0.5116895432463179,0.4085357101474498,0.1395521163940429,-0.2528408411289526,-0.8036234599279791,0.5387586135836595,0.8338801860809326,0.0,0.0,0.0,1.0,0.1428568959236145,0.9533211588859558,0.2660278975963592,-0.1651051193475723,0.9710294604301452,-0.1870191395282745,0.1487477570772171,0.2037380039691925,0.1915566772222518,0.2370712757110595,-0.9524198174476624,0.8283536434173584,0,0,0,1
10.566666666666666,0.6039860297974702,0.30391305662270857,0.7367752234051653,0.2017937153577804,-0.7558256312580918,0.5116895432463179,0.4085357101474498,0.1395521163940429,-0.2528408411289526,-0.8036234599279791,0.5387586135836595,0.8338801860809326,0.0,0.0,0.0,1.0,0.1428568959236145,0.9533211588859558,0.2660278975963592,-0.1651051193475723,0.9710294604301452,-0.1870191395282745,0.1487477570772171,0.2037380039691925,0.1915566772222518,0.2370712757110595,-0.9524198174476624,0.8283536434173584,0,0,0,1
10.6,0.6039860297974702,0.30391305662270857,0.7367752234051653,0.2017937153577804,-0.7558256312580918,0.5116895432463179,0.4085357101474498,0.1395521163940429,-0.2528408411289526,-0.8036234599279791,0.5387586135836595,0.8338801860809326,0.0,0.0,0.0,1.0,0.1428568959236145,0.9533211588859558,0.2660278975963592,-0.1651051193475723,0.9710294604301452,-0.1870191395282745,0.1487477570772171,0.2037380039691925,0.1915566772222518,0.2370712757110595,-0.9524198174476624,0.8283536434173584,0,0,0,1
10.633333333333333,0.6039860297974702,0.30391305662270857,0.7367752234051653,0.2017937153577804,-0.7558256312580918,0.5116895432463179,0.4085357101474498,0.1395521163940429,-0.2528408411289526,-0.8036234599279791,0.5387586135836595,0.8338801860809326,0.0,0.0,0.0,1.0,0.1428568959236145,0.9533211588859558,0.2660278975963592,-0.1651051193475723,0.9710294604301452,-0.1870191395282745,0.1487477570772171,0.2037380039691925,0.1915566772222518,0.2370712757110595,-0.9524198174476624,0.8283536434173584,0,0,0,1
10.666666666666666,0.6039860297974702,0.30391305662270857,0.7367752234051653,0.2017937153577804,-0.7558256312580918,0.5116895432463179,0.4085357101474498,0.1395521163940429,-0.2528408411289526,-0.8036234599279791,0.5387586135836595,0.8338801860809326,0.0,0.0,0.0,1.0,0.1428568959236145,0.9533211588859558,0.2660278975963592,-0.1651051193475723,0.9710294604301452,-0.1870191395282745,0.1487477570772171,0.2037380039691925,0.1915566772222518,0.2370712757110595,-0.9524198174476624,0.8283536434173584,0,0,0,1
10.7,0.6039860297974702,0.30391305662270857,0.7367752234051653,0.2017937153577804,-0.7558256312580918,0.5116895432463179,0.4085357101474498,0.1395521163940429,-0.2528408411289526,-0.8036234599279791,0.5387586135836595,0.8338801860809326,0.0,0.0,0.0,1.0,0.1428568959236145,0.9533211588859558,0.2660278975963592,-0.1651051193475723,0.9710294604301452,-0.1870191395282745,0.1487477570772171,0.2037380039691925,0.1915566772222518,0.2370712757110595,-0.9524198174476624,0.8283536434173584,0,0,0,1
10.733333333333333,0.6039860297974702,0.30391305662270857,0.7367752234051653,0.2017937153577804,-0.7558256312580918,0.5116895432463179,0.4085357101474498,0.1395521163940429,-0.2528408411289526,-0.8036234599279791,0.5387586135836595,0.8338801860809326,0.0,0.0,0.0,1.0,0.1428568959236145,0.9533211588859558,0.2660278975963592,-0.1651051193475723,0.9710294604301452,-0.1870191395282745,0.1487477570772171,0.2037380039691925,0.1915566772222518,0.2370712757110595,-0.9524198174476624,0.8283536434173584,0,0,0,1
10.766666666666667,0.6039860297974702,0.30391305662270857,0.7367752234051653,0.2017937153577804,-0.7558256312580918,0.5116895432463179,0.4085357101474498,0.1395521163940429,-0.2528408411289526,-0.8036234599279791,0.5387586135836595,0.8338801860809326,0.0,0.0,0.0,1.0,0.1428568959236145,0.9533211588859558,0.2660278975963592,-0.1651051193475723,0.9710294604301452,-0.1870191395282745,0.1487477570772171,0.2037380039691925,0.1915566772222518,0.2370712757110595,-0.9524198174476624,0.8283536434173584,0,0,0,1
10.8,0.6039860297974702,0.30391305662270857,0.7367752234051653,0.2017937153577804,-0.7558256312580918,0.5116895432463179,0.4085357101474498,0.1395521163940429,-0.2528408411289526,-0.8036234599279791,0.5387586135836595,0.8338801860809326,0.0,0.0,0.0,1.0,0.1428568959236145,0.9533211588859558,0.2660278975963592,-0.1651051193475723,0.9710294604301452,-0.1870191395282745,0.1487477570772171,0.2037380039691925,0.1915566772222518,0.2370712757110595,-0.9524198174476624,0.8283536434173584,0,0,0,1
10.833333333333334,0.6039860297974702,0.30391305662270857,0.7367752234051653,0.2017937153577804,-0.7558256312580918,0.5116895432463179,0.4085357101474498,0.1395521163940429,-0.2528408411289526,-0.8036234599279791,0.5387586135836595,0.8338801860809326,0.0,0.0,0.0,1.0,0.1428568959236145,0.9533211588859558,0.2660278975963592,-0.1651051193475723,0.9710294604301452,-0.1870191395282745,0.1487477570772171,0.2037380039691925,0.1915566772222518,0.2370712757110595,-0.9524198174476624,0.8283536434173584,0,0,0,1
10.866666666666667,0.6039860297974702,0.30391305662270857,0.7367752234051653,0.2017937153577804,-0.7558256312580918,0.5116895432463179,0.4085357101474498,0.1395521163940429,-0.2528408411289526,-0.8036234599279791,0.5387586135836595,0.8338801860809326,0.0,0.0,0.0,1.0,0.1428568959236145,0.9533211588859558,0.2660278975963592,-0.1651051193475723,0.9710294604301452,-0.1870191395282745,0.1487477570772171,0.2037380039691925,0.1915566772222518,0.2370712757110595,-0.9524198174476624,0.8283536434173584,0,0,0,1
10.9,0.6039860297974702,0.30391305662270857,0.7367752234051653,0.2017937153577804,-0.7558256312580918,0.5116895432463179,0.4085357101474498,0.1395521163940429,-0.2528408411289526,-0.8036234599279791,0.5387586135836595,0.8338801860809326,0.0,0.0,0.0,1.0,0.1428568959236145,0.9533211588859558,0.2660278975963592,-0.1651051193475723,0.9710294604301452,-0.1870191395282745,0.1487477570772171,0.2037380039691925,0.1915566772222518,0.2370712757110595,-0.9524198174476624,0.8283536434173584,0,0,0,1
10.933333333333334,0.6039860297974702,0.30391305662270857,0.7367752234051653,0.2017937153577804,-0.7558256312580918,0.5116895432463179,0.4085357101474498,0.1395521163940429,-0.2528408411289526,-0.8036234599279791,0.5387586135836595,0.8338801860809326,0.0,0.0,0.0,1.0,0.1428568959236145,0.9533211588859558,0.2660278975963592,-0.1651051193475723,0.9710294604301452,-0.1870191395282745,0.1487477570772171,0.2037380039691925,0.1915566772222518,0.2370712757110595,-0.9524198174476624,0.8283536434173584,0,0,0,1
10.966666666666667,0.6039860297974702,0.30391305662270857,0.7367752234051653,0.2017937153577804,-0.7558256312580918,0.5116895432463179,0.4085357101474498,0.1395521163940429,-0.2528408411289526,-0.8036234599279791,0.5387586135836595,0.8338801860809326,0.0,0.0,0.0,1.0,0.1428568959236145,0.9533211588859558,0.2660278975963592,-0.1651051193475723,0.9710294604301452,-0.1870191395282745,0.1487477570772171,0.2037380039691925,0.1915566772222518,0.2370712757110595,-0.9524198174476624,0.8283536434173584,0,0,0,1
11.0,0.6039860297974702,0.30391305662270857,0.7367752234051653,0.2017937153577804,-0.7558256312580918,0.5116895432463179,0.4085357101474498,0.1395521163940429,-0.2528408411289526,-0.8036234599279791,0.5387586135836595,0.8338801860809326,0.0,0.0,0.0,1.0,0.1428568959236145,0.9533211588859558,0.2660278975963592,-0.1651051193475723,0.9710294604301452,-0.1870191395282745,0.1487477570772171,0.2037380039691925,0.1915566772222518,0.2370712757110595,-0.9524198174476624,0.8283536434173584,0,0,0,1
11.033333333333333,0.6039860297974702,0.30391305662270857,0.7367752234051653,0.2017937153577804,-0.7558256312580918,0.5116895432463179,0.4085357101474498,0.1395521163940429,-0.2528408411289526,-0.8036234599279791,0.5387586135836595,0.8338801860809326,0.0,0.0,0.0,1.0,0.1428568959236145,0.9533211588859558,0.2660278975963592,-0.1651051193475723,0.9710294604301452,-0.1870191395282745,0.1487477570772171,0.2037380039691925,0.1915566772222518,0.2370712757110595,-0.9524198174476624,0.8283536434173584,0,0,0,1
11.066666666666666,0.6039860297974702,0.30391305662270857,0.7367752234051653,0.2017937153577804,-0.7558256312580918,0.5116895432463179,0.4085357101474498,0.1395521163940429,-0.2528408411289526,-0.8036234599279791,0.5387586135836595,0.8338801860809326,0.0,0.0,0.0,1.0,0.1428568959236145,0.9533211588859558,0.2660278975963592,-0.1651051193475723,0.9710294604301452,-0.1870191395282745,0.1487477570772171,0.2037380039691925,0.1915566772222518,0.2370712757110595,-0.9524198174476624,0.8283536434173584,0,0,0,1
11.1,0.6039860297974702,0.30391305662270857,0.7367752234051653,0.2017937153577804,-0.7558256312580918,0.5116895432463179,0.4085357101474498,0.1395521163940429,-0.2528408411289526,-0.8036234599279791,0.5387586135836595,0.8338801860809326,0.0,0.0,0.0,1.0,0.1428568959236145,0.9533211588859558,0.2660278975963592,-0.1651051193475723,0.9710294604301452,-0.1870191395282745,0.1487477570772171,0.2037380039691925,0.1915566772222518,0.2370712757110595,-0.9524198174476624,0.8283536434173584,0,0,0,1
11.133333333333333,0.6039860297974702,0.30391305662270857,0.7367752234051653,0.2017937153577804,-0.7558256312580918,0.5116895432463179,0.4085357101474498,0.1395521163940429,-0.2528408411289526,-0.8036234599279791,0.5387586135836595,0.8338801860809326,0.0,0.0,0.0,1.0,0.1428568959236145,0.9533211588859558,0.2660278975963592,-0.1651051193475723,0.9710294604301452,-0.1870191395282745,0.1487477570772171,0.2037380039691925,0.1915566772222518,0.2370712757110595,-0.9524198174476624,0.8283536434173584,0,0,0,1
11.166666666666666,0.6039860297974702,0.30391305662270857,0.7367752234051653,0.2017937153577804,-0.7558256312580918,0.5116895432463179,0.4085357101474498,0.1395521163940429,-0.2528408411289526,-0.8036234599279791,0.5387586135836595,0.8338801860809326,0.0,0.0,0.0,1.0,0.1428568959236145,0.9533211588859558,0.2660278975963592,-0.1651051193475723,0.9710294604301452,-0.1870191395282745,0.1487477570772171,0.2037380039691925,0.1915566772222518,0.2370712757110595,-0.9524198174476624,0.8283536434173584,0,0,0,1
11.2,0.6039860297974702,0.30391305662270857,0.7367752234051653,0.2017937153577804,-0.7558256312580918,0.5116895432463179,0.4085357101474498,0.1395521163940429,-0.2528408411289526,-0.8036234599279791,0.5387586135836595,0.8338801860809326,0.0,0.0,0.0,1.0,0.1428568959236145,0.9533211588859558,0.2660278975963592,-0.1651051193475723,0.9710294604301452,-0.1870191395282745,0.1487477570772171,0.2037380039691925,0.1915566772222518,0.2370712757110595,-0.9524198174476624,0.8283536434173584,0,0,0,1
11.233333333333333,0.6039860297974702,0.30391305662270857,0.7367752234051653,0.2017937153577804,-0.7558256312580918,0.5116895432463179,0.4085357101474498,0.1395521163940429,-0.2528408411289526,-0.8036234599279791,0.5387586135836595,0.8338801860809326,0.0,0.0,0.0,1.0,0.1428568959236145,0.9533211588859558,0.2660278975963592,-0.1651051193475723,0.9710294604301452,-0.1870191395282745,0.1487477570772171,0.2037380039691925,0.1915566772222518,0.2370712757110595,-0.9524198174476624,0.8283536434173584,0,0,0,1
11.266666666666667,0.6039860297974702,0.30391305662270857,0.7367752234051653,0.2017937153577804,-0.7558256312580918,0.5116895432463179,0.4085357101474498,0.1395521163940429,-0.2528408411289526,-0.8036234599279791,0.5387586135836595,0.8338801860809326,0.0,0.0,0.0,1.0,0.1428568959236145,0.9533211588859558,0.2660278975963592,-0.1651051193475723,0.9710294604301452,-0.1870191395282745,0.1487477570772171,0.2037380039691925,0.1915566772222518,0.2370712757110595,-0.9524198174476624,0.8283536434173584,0,0,0,1
11.3,0.6039860297974702,0.30391305662270857,0.7367752234051653,0.2017937153577804,-0.7558256312580918,0.5116895432463179,0.4085357101474498,0.1395521163940429,-0.2528408411289526,-0.8036234599279791,0.5387586135836595,0.8338801860809326,0.0,0.0,0.0,1.0,0.1428568959236145,0.9533211588859558,0.2660278975963592,-0.1651051193475723,0.9710294604301452,-0.1870191395282745,0.1487477570772171,0.2037380039691925,0.1915566772222518,0.2370712757110595,-0.9524198174476624,0.8283536434173584,0,0,0,1
11.333333333333334,0.6039860297974702,0.30391305662270857,0.7367752234051653,0.2017937153577804,-0.7558256312580918,0.5116895432463179,0.4085357101474498,0.1395521163940429,-0.2528408411289526,-0.8036234599279791,0.5387586135836595,0.8338801860809326,0.0,0.0,0.0,1.0,0.1428568959236145,0.9533211588859558,0.2660278975963592,-0.1651051193475723,0.9710294604301452,-0.1870191395282745,0.1487477570772171,0.2037380039691925,0.1915566772222518,0.2370712757110595,-0.9524198174476624,0.8283536434173584,0,0,0,1
11.366666666666667,0.6039860297974702,0.30391305662270857,0.7367752234051653,0.2017937153577804,-0.7558256312580918,0.5116895432463179,0.4085357101474498,0.1395521163940429,-0.2528408411289526,-0.8036234599279791,0.5387586135836595,0.8338801860809326,0.0,0.0,0.0,1.0,0.1428568959236145,0.9533211588859558,0.2660278975963592,-0.1651051193475723,0.9710294604301452,-0.1870191395282745,0.1487477570772171,0.2037380039691925,0.1915566772222518,0.2370712757110595,-0.9524198174476624,0.8283536434173584,0,0,0,1
11.4,0.6039860297974702,0.30391305662270857,0.7367752234051653,0.2017937153577804,-0.7558256312580918,0.5116895432463179,0.4085357101474498,0.1395521163940429,-0.2528408411289526,-0.8036234599279791,0.5387586135836595,0.8338801860809326,0.0,0.0,0.0,1.0,0.1428568959236145,0.9533211588859558,0.2660278975963592,-0.1651051193475723,0.9710294604301452,-0.1870191395282745,0.1487477570772171,0.2037380039691925,0.1915566772222518,0.2370712757110595,-0.9524198174476624,0.8283536434173584,0,0,0,1
11.433333333333334,0.6039860297974702,0.30391305662270857,0.7367752234051653,0.2017937153577804,-0.7558256312580918,0.5116895432463179,0.4085357101474498,0.1395521163940429,-0.2528408411289526,-0.8036234599279791,0.5387586135836595,0.8338801860809326,0.0,0.0,0.0,1.0,0.1428568959236145,0.9533211588859558,0.2660278975963592,-0.1651051193475723,0.9710294604301452,-0.1870191395282745,0.1487477570772171,0.2037380039691925,0.1915566772222518,0.2370712757110595,-0.9524198174476624,0.8283536434173584,0,0,0,1
11.466666666666667,0.6039860297974702,0.30391305662270857,0.7367752234051653,0.2017937153577804,-0.7558256312580918,0.5116895432463179,0.4085357101474498,0.1395521163940429,-0.2528408411289526,-0.8036234599279791,0.5387586135836595,0.8338801860809326,0.0,0.0,0.0,1.0,0.1428568959236145,0.9533211588859558,0.2660278975963592,-0.1651051193475723,0.9710294604301452,-0.1870191395282745,0.1487477570772171,0.2037380039691925,0.1915566772222518,0.2370712757110595,-0.9524198174476624,0.8283536434173584,0,0,0,1
11.5,0.6039860297974702,0.30391305662270857,0.7367752234051653,0.2017937153577804,-0.7558256312580918,0.5116895432463179,0.4085357101474498,0.1395521163940429,-0.2528408411289526,-0.8036234599279791,0.5387586135836595,0.8338801860809326,0.0,0.0,0.0,1.0,0.1428568959236145,0.9533211588859558,0.2660278975963592,-0.1651051193475723,0.9710294604301452,-0.1870191395282745,0.1487477570772171,0.2037380039691925,0.1915566772222518,0.2370712757110595,-0.9524198174476624,0.8283536434173584,0,0,0,1
11.533333333333333,0.6039860297974702,0.30391305662270857,0.7367752234051653,0.2017937153577804,-0.7558256312580918,0.5116895432463179,0.4085357101474498,0.1395521163940429,-0.2528408411289526,-0.8036234599279791,0.5387586135836595,0.8338801860809326,0.0,0.0,0.0,1.0,0.1428568959236145,0.9533211588859558,0.2660278975963592,-0.1651051193475723,0.9710294604301452,-0.1870191395282745,0.1487477570772171,0.2037380039691925,0.1915566772222518,0.2370712757110595,-0.9524198174476624,0.8283536434173584,0,0,0,1
11.566666666666666,0.6039860297974702,0.30391305662270857,0.7367752234051653,0.2017937153577804,-0.7558256312580918,0.5116895432463179,0.4085357101474498,0.1395521163940429,-0.2528408411289526,-0.8036234599279791,0.5387586135836595,0.8338801860809326,0.0,0.0,0.0,1.0,0.1428568959236145,0.9533211588859558,0.2660278975963592,-0.1651051193475723,0.9710294604301452,-0.1870191395282745,0.1487477570772171,0.2037380039691925,0.1915566772222518,0.2370712757110595,-0.9524198174476624,0.8283536434173584,0,0,0,1
11.6,0.6039860297974702,0.30391305662270857,0.7367752234051653,0.2017937153577804,-0.7558256312580918,0.5116895432463179,0.4085357101474498,0.1395521163940429,-0.2528408411289526,-0.8036234599279791,0.5387586135836595,0.8338801860809326,0.0,0.0,0.0,1.0,0.1428568959236145,0.9533211588859558,0.2660278975963592,-0.1651051193475723,0.9710294604301452,-0.1870191395282745,0.1487477570772171,0.2037380039691925,0.1915566772222518,0.2370712757110595,-0.9524198174476624,0.8283536434173584,0,0,0,1
11.633333333333333,0.6039860297974702,0.30391305662270857,0.7367752234051653,0.2017937153577804,-0.7558256312580918,0.5116895432463179,0.4085357101474498,0.1395521163940429,-0.2528408411289526,-0.8036234599279791,0.5387586135836595,0.8338801860809326,0.0,0.0,0.0,1.0,0.1428568959236145,0.9533211588859558,0.2660278975963592,-0.1651051193475723,0.9710294604301452,-0.1870191395282745,0.1487477570772171,0.2037380039691925,0.1915566772222518,0.2370712757110595,-0.9524198174476624,0.8283536434173584,0,0,0,1
11.666666666666666,0.6039860297974702,0.30391305662270857,0.7367752234051653,0.2017937153577804,-0.7558256312580918,0.5116895432463179,0.4085357101474498,0.1395521163940429,-0.2528408411289526,-0.8036234599279791,0.5387586135836595,0.8338801860809326,0.0,0.0,0.0,1.0,0.1428568959236145,0.9533211588859558,0.2660278975963592,-0.1651051193475723,0.9710294604301452,-0.1870191395282745,0.1487477570772171,0.2037380039691925,0.1915566772222518,0.2370712757110595,-0.9524198174476624,0.8283536434173584,0,0,0,1
11.7,0.6039860297974702,0.30391305662270857,0.7367752234051653,0.2017937153577804,-0.7558256312580918,0.5116895432463179,0.4085357101474498,0.1395521163940429,-0.2528408411289526,-0.8036234599279791,0.5387586135836595,0.8338801860809326,0.0,0.0,0.0,1.0,0.1428568959236145,0.9533211588859558,0.2660278975963592,-0.1651051193475723,0.9710294604301452,-0.1870191395282745,0.1487477570772171,0.2037380039691925,0.1915566772222518,0.2370712757110595,-0.9524198174476624,0.8283536434173584,0,0,0,1
11.733333333333333,0.6039860297974702,0.30391305662270857,0.7367752234051653,0.2017937153577804,-0.7558256312580918,0.5116895432463179,0.4085357101474498,0.1395521163940429,-0.2528408411289526,-0.8036234599279791,0.5387586135836595,0.8338801860809326,0.0,0.0,0.0,1.0,0.1428568959236145,0.9533211588859558,0.2660278975963592,-0.1651051193475723,0.9710294604301452,-0.1870191395282745,0.1487477570772171,0.2037380039691925,0.1915566772222518,0.2370712757110595,-0.9524198174476624,0.8283536434173584,0,0,0,1
11.766666666666667,0.6039860297974702,0.30391305662270857,0.7367752234051653,0.2017937153577804,-0.7558256312580918,0.5116895432463179,0.4085357101474498,0.1395521163940429,-0.2528408411289526,-0.8036234599279791,0.5387586135836595,0.8338801860809326,0.0,0.0,0.0,1.0,0.1428568959236145,0.9533211588859558,0.2660278975963592,-0.1651051193475723,0.9710294604301452,-0.1870191395282745,0.1487477570772171,0.2037380039691925,0.1915566772222518,0.2370712757110595,-0.9524198174476624,0.8283536434173584,0,0,0,1
11.8,0.6039860297974702,0.30391305662270857,0.7367752234051653,0.2017937153577804,-0.7558256312580918,0.5116895432463179,0.4085357101474498,0.1395521163940429,-0.2528408411289526,-0.8036234599279791,0.5387586135836595,0.8338801860809326,0.0,0.0,0.0,1.0,0.1428568959236145,0.9533211588859558,0.2660278975963592,-0.1651051193475723,0.9710294604301452,-0.1870191395282745,0.1487477570772171,0.2037380039691925,0.1915566772222518,0.2370712757110595,-0.9524198174476624,0.8283536434173584,0,0,0,1
11.833333333333334,0.6039860297974702,0.30391305662270857,0.7367752234051653,0.2017937153577804,-0.7558256312580918,0.5116895432463179,0.4085357101474498,0.1395521163940429,-0.2528408411289526,-0.8036234599279791,0.5387586135836595,0.8338801860809326,0.0,0.0,0.0,1.0,0.1428568959236145,0.9533211588859558,0.2660278975963592,-0.1651051193475723,0.9710294604301452,-0.1870191395282745,0.1487477570772171,0.2037380039691925,0.1915566772222518,0.2370712757110595,-0.9524198174476624,0.8283536434173584,0,0,0,1
11.866666666666667,0.6039860297974702,0.30391305662270857,0.7367752234051653,0.2017937153577804,-0.7558256312580918,0.5116895432463179,0.4085357101474498,0.1395521163940429,-0.2528408411289526,-0.8036234599279791,0.5387586135836595,0.8338801860809326,0.0,0.0,0.0,1.0,0.1428568959236145,0.9533211588859558,0.2660278975963592,-0.1651051193475723,0.9710294604301452,-0.1870191395282745,0.1487477570772171,0.2037380039691925,0.1915566772222518,0.2370712757110595,-0.9524198174476624,0.8283536434173584,0,0,0,1
11.9,0.6039860297974702,0.30391305662270857,0.7367752234051653,0.2017937153577804,-0.7558256312580918,0.5116895432463179,0.4085357101474498,0.1395521163940429,-0.2528408411289526,-0.8036234599279791,0.5387586135836595,0.8338801860809326,0.0,0.0,0.0,1.0,0.1428568959236145,0.9533211588859558,0.2660278975963592,-0.1651051193475723,0.9710294604301452,-0.1870191395282745,0.1487477570772171,0.2037380039691925,0.1915566772222518,0.2370712757110595,-0.9524198174476624,0.8283536434173584,0,0,0,1
11.933333333333334,0.6039860297974702,0.30391305662270857,0.7367752234051653,0.2017937153577804,-0.7558256312580918,0.5116895432463179,0.4085357101474498,0.1395521163940429,-0.2528408411289526,-0.8036234599279791,0.5387586135836595,0.8338801860809326,0.0,0.0,0.0,1.0,0.1428568959236145,0.9533211588859558,0.2660278975963592,-0.1651051193475723,0.9710294604301452,-0.1870191395282745,0.1487477570772171,0.2037380039691925,0.1915566772222518,0.2370712757110595,-0.9524198174476624,0.8283536434173584,0,0,0,1
11.966666666666667,0.6039860297974702,0.30391305662270857,0.7367752234051653,0.2017937153577804,-0.7558256312580918,0.5116895432463179,0.4085357101474498,0.1395521163940429,-0.2528408411289526,-0.8036234599279791,0.5387586135836595,0.8338801860809326,0.0,0.0,0.0,1.0,0.1428568959236145,0.9533211588859558,0.2660278975963592,-0.1651051193475723,0.9710294604301452,-0.1870191395282745,0.1487477570772171,0.2037380039691925,0.1915566772222518,0.2370712757110595,-0.9524198174476624,0.8283536434173584,0,0,0,1
12.0,0.6039860297974702,0.30391305662270857,0.7367752234051653,0.2017937153577804,-0.7558256312580918,0.5116895432463179,0.4085357101474498,0.1395521163940429,-0.2528408411289526,-0.8036234599279791,0.5387586135836595,0.8338801860809326,0.0,0.0,0.0,1.0,0.1428568959236145,0.9533211588859558,0.2660278975963592,-0.1651051193475723,0.9710294604301452,-0.1870191395282745,0.1487477570772171,0.2037380039691925,0.1915566772222518,0.2370712757110595,-0.9524198174476624,0.8283536434173584,0,0,0,1
12.033333333333333,0.6039860297974702,0.30391305662270857,0.7367752234051653,0.2017937153577804,-0.7558256312580918,0.5116895432463179,0.4085357101474498,0.1395521163940429,-0.2528408411289526,-0.8036234599279791,0.5387586135836595,0.8338801860809326,0.0,0.0,0.0,1.0,0.1428568959236145,0.9533211588859558,0.2660278975963592,-0.1651051193475723,0.9710294604301452,-0.1870191395282745,0.1487477570772171,0.2037380039691925,0.1915566772222518,0.2370712757110595,-0.9524198174476624,0.8283536434173584,0,0,0,1
12.066666666666666,0.6039860297974702,0.30391305662270857,0.7367752234051653,0.2017937153577804,-0.7558256312580918,0.5116895432463179,0.4085357101474498,0.1395521163940429,-0.2528408411289526,-0.8036234599279791,0.5387586135836595,0.8338801860809326,0.0,0.0,0.0,1.0,0.1428568959236145,0.9533211588859558,0.2660278975963592,-0.1651051193475723,0.9710294604301452,-0.1870191395282745,0.1487477570772171,0.2037380039691925,0.1915566772222518,0.2370712757110595,-0.9524198174476624,0.8283536434173584,0,0,0,1
12.1,0.6039860297974702,0.30391305662270857,0.7367752234051653,0.2017937153577804,-0.7558256312580918,0.5116895432463179,0.4085357101474498,0.1395521163940429,-0.2528408411289526,-0.8036234599279791,0.5387586135836595,0.8338801860809326,0.0,0.0,0.0,1.0,0.1428568959236145,0.9533211588859558,0.2660278975963592,-0.1651051193475723,0.9710294604301452,-0.1870191395282745,0.1487477570772171,0.2037380039691925,0.1915566772222518,0.2370712757110595,-0.9524198174476624,0.8283536434173584,0,0,0,1
12.133333333333333,0.6039860297974702,0.30391305662270857,0.7367752234051653,0.2017937153577804,-0.7558256312580918,0.5116895432463179,0.4085357101474498,0.1395521163940429,-0.2528408411289526,-0.8036234599279791,0.5387586135836595,0.8338801860809326,0.0,0.0,0.0,1.0,0.1428568959236145,0.9533211588859558,0.2660278975963592,-0.1651051193475723,0.9710294604301452,-0.1870191395282745,0.1487477570772171,0.2037380039691925,0.1915566772222518,0.2370712757110595,-0.9524198174476624,0.8283536434173584,0,0,0,1
12.166666666666666,0.6039860297974702,0.30391305662270857,0.7367752234051653,0.2017937153577804,-0.7558256312580918,0.5116895432463179,0.4085357101474498,0.1395521163940429,-0.2528408411289526,-0.8036234599279791,0.5387586135836595,0.8338801860809326,0.0,0.0,0.0,1.0,0.1428568959236145,0.9533211588859558,0.2660278975963592,-0.1651051193475723,0.9710294604301452,-0.1870191395282745,0.1487477570772171,0.2037380039691925,0.1915566772222518,0.2370712757110595,-0.9524198174476624,0.8283536434173584,0,0,0,1
12.2,0.6039860297974702,0.30391305662270857,0.7367752234051653,0.2017937153577804,-0.7558256312580918,0.5116895432463179,0.4085357101474498,0.1395521163940429,-0.2528408411289526,-0.8036234599279791,0.5387586135836595,0.8338801860809326,0.0,0.0,0.0,1.0,0.1428568959236145,0.9533211588859558,0.2660278975963592,-0.1651051193475723,0.9710294604301452,-0.1870191395282745,0.1487477570772171,0.2037380039691925,0.1915566772222518,0.2370712757110595,-0.9524198174476624,0.8283536434173584,0,0,0,1
12.233333333333333,0.6039860297974702,0.30391305662270857,0.7367752234051653,0.2017937153577804,-0.7558256312580918,0.5116895432463179,0.4085357101474498,0.1395521163940429,-0.2528408411289526,-0.8036234599279791,0.5387586135836595,0.8338801860809326,0.0,0.0,0.0,1.0,0.1428568959236145,0.9533211588859558,0.2660278975963592,-0.1651051193475723,0.9710294604301452,-0.1870191395282745,0.1487477570772171,0.2037380039691925,0.1915566772222518,0.2370712757110595,-0.9524198174476624,0.8283536434173584,0,0,0,1
12.266666666666667,0.6039860297974702,0.30391305662270857,0.7367752234051653,0.2017937153577804,-0.7558256312580918,0.5116895432463179,0.4085357101474498,0.1395521163940429,-0.2528408411289526,-0.8036234599279791,0.5387586135836595,0.8338801860809326,0.0,0.0,0.0,1.0,0.1428568959236145,0.9533211588859558,0.2660278975963592,-0.1651051193475723,0.9710294604301452,-0.1870191395282745,0.1487477570772171,0.2037380039691925,0.1915566772222518,0.2370712757110595,-0.9524198174476624,0.8283536434173584,0,0,0,1
12.3,0.6039860297974702,0.30391305662270857,0.7367752234051653,0.2017937153577804,-0.7558256312580918,0.5116895432463179,0.4085357101474498,0.1395521163940429,-0.2528408411289526,-0.8036234599279791,0.5387586135836595,0.8338801860809326,0.0,0.0,0.0,1.0,0.1428568959236145,0.9533211588859558,0.2660278975963592,-0.1651051193475723,0.9710294604301452,-0.1870191395282745,0.1487477570772171,0.2037380039691925,0.1915566772222518,0.2370712757110595,-0.9524198174476624,0.8283536434173584,0,0,0,1
12.333333333333334,0.6039860297974702,0.30391305662270857,0.7367752234051653,0.2017937153577804,-0.7558256312580918,0.5116895432463179,0.4085357101474498,0.1395521163940429,-0.2528408411289526,-0.8036234599279791,0.5387586135836595,0.8338801860809326,0.0,0.0,0.0,1.0,0.1428568959236145,0.9533211588859558,0.2660278975963592,-0.1651051193475723,0.9710294604301452,-0.1870191395282745,0.1487477570772171,0.2037380039691925,0.1915566772222518,0.2370712757110595,-0.9524198174476624,0.8283536434173584,0,0,0,1
12.366666666666667,0.6039860297974702,0.30391305662270857,0.7367752234051653,0.2017937153577804,-0.7558256312580918,0.5116895432463179,0.4085357101474498,0.1395521163940429,-0.2528408411289526,-0.8036234599279791,0.5387586135836595,0.8338801860809326,0.0,0.0,0.0,1.0,0.1428568959236145,0.9533211588859558,0.2660278975963592,-0.1651051193475723,0.9710294604301452,-0.1870191395282745,0.1487477570772171,0.2037380039691925,0.1915566772222518,0.2370712757110595,-0.9524198174476624,0.8283536434173584,0,0,0,1
12.4,0.6039860297974702,0.30391305662270857,0.7367752234051653,0.2017937153577804,-0.7558256312580918,0.5116895432463179,0.4085357101474498,0.1395521163940429,-0.2528408411289526,-0.8036234599279791,0.5387586135836595,0.8338801860809326,0.0,0.0,0.0,1.0,0.1428568959236145,0.9533211588859558,0.2660278975963592,-0.1651051193475723,0.9710294604301452,-0.1870191395282745,0.1487477570772171,0.2037380039691925,0.1915566772222518,0.2370712757110595,-0.9524198174476624,0.8283536434173584,0,0,0,1
12.433333333333334,0.6039860297974702,0.30391305662270857,0.7367752234051653,0.2017937153577804,-0.7558256312580918,0.5116895432463179,0.4085357101474498,0.1395521163940429,-0.2528408411289526,-0.8036234599279791,0.5387586135836595,0.8338801860809326,0.0,0.0,0.0,1.0,0.1428568959236145,0.9533211588859558,0.2660278975963592,-0.1651051193475723,0.9710294604301452,-0.1870191395282745,0.1487477570772171,0.2037380039691925,0.1915566772222518,0.2370712757110595,-0.9524198174476624,0.8283536434173584,0,0,0,1
12.466666666666667,0.6039860297974702,0.30391305662270857,0.7367752234051653,0.2017937153577804,-0.7558256312580918,0.5116895432463179,0.4085357101474498,0.1395521163940429,-0.2528408411289526,-0.8036234599279791,0.5387586135836595,0.8338801860809326,0.0,0.0,0.0,1.0,0.1428568959236145,0.9533211588859558,0.2660278975963592,-0.1651051193475723,0.9710294604301452,-0.1870191395282745,0.1487477570772171,0.2037380039691925,0.1915566772222518,0.2370712757110595,-0.9524198174476624,0.8283536434173584,0,0,0,1
12.5,0.6039860297974702,0.30391305662270857,0.7367752234051653,0.2017937153577804,-0.7558256312580918,0.5116895432463179,0.4085357101474498,0.1395521163940429,-0.2528408411289526,-0.8036234599279791,0.5387586135836595,0.8338801860809326,0.0,0.0,0.0,1.0,0.1428568959236145,0.9533211588859558,0.2660278975963592,-0.1651051193475723,0.9710294604301452,-0.1870191395282745,0.1487477570772171,0.2037380039691925,0.1915566772222518,0.2370712757110595,-0.9524198174476624,0.8283536434173584,0,0,0,1
12.533333333333333,0.6039860297974702,0.30391305662270857,0.7367752234051653,0.2017937153577804,-0.7558256312580918,0.5116895432463179,0.4085357101474498,0.1395521163940429,-0.2528408411289526,-0.8036234599279791,0.5387586135836595,0.8338801860809326,0.0,0.0,0.0,1.0,0.1428568959236145,0.9533211588859558,0.2660278975963592,-0.1651051193475723,0.9710294604301452,-0.1870191395282745,0.1487477570772171,0.2037380039691925,0.1915566772222518,0.2370712757110595,-0.9524198174476624,0.8283536434173584,0,0,0,1
12.566666666666666,0.6039860297974702,0.30391305662270857,0.7367752234051653,0.2017937153577804,-0.7558256312580918,0.5116895432463179,0.4085357101474498,0.1395521163940429,-0.2528408411289526,-0.8036234599279791,0.5387586135836595,0.8338801860809326,0.0,0.0,0.0,1.0,0.1428568959236145,0.9533211588859558,0.2660278975963592,-0.1651051193475723,0.9710294604301452,-0.1870191395282745,0.1487477570772171,0.2037380039691925,0.1915566772222518,0.2370712757110595,-0.9524198174476624,0.8283536434173584,0,0,0,1
12.6,0.6039860297974702,0.30391305662270857,0.7367752234051653,0.2017937153577804,-0.7558256312580918,0.5116895432463179,0.4085357101474498,0.1395521163940429,-0.2528408411289526,-0.8036234599279791,0.5387586135836595,0.8338801860809326,0.0,0.0,0.0,1.0,0.1428568959236145,0.9533211588859558,0.2660278975963592,-0.1651051193475723,0.9710294604301452,-0.1870191395282745,0.1487477570772171,0.2037380039691925,0.1915566772222518,0.2370712757110595,-0.9524198174476624,0.8283536434173584,0,0,0,1
12.633333333333333,0.6039860297974702,0.30391305662270857,0.7367752234051653,0.2017937153577804,-0.7558256312580918,0.5116895432463179,0.4085357101474498,0.1395521163940429,-0.2528408411289526,-0.8036234599279791,0.5387586135836595,0.8338801860809326,0.0,0.0,0.0,1.0,0.1428568959236145,0.9533211588859558,0.2660278975963592,-0.1651051193475723,0.9710294604301452,-0.1870191395282745,0.1487477570772171,0.2037380039691925,0.1915566772222518,0.2370712757110595,-0.9524198174476624,0.8283536434173584,0,0,0,1
12.666666666666666,0.6039860297974702,0.30391305662270857,0.7367752234051653,0.2017937153577804,-0.7558256312580918,0.5116895432463179,0.4085357101474498,0.1395521163940429,-0.2528408411289526,-0.8036234599279791,0.5387586135836595,0.8338801860809326,0.0,0.0,0.0,1.0,0.1428568959236145,0.9533211588859558,0.2660278975963592,-0.1651051193475723,0.9710294604301452,-0.1870191395282745,0.1487477570772171,0.2037380039691925,0.1915566772222518,0.2370712757110595,-0.9524198174476624,0.8283536434173584,0,0,0,1
12.7,0.6039860297974702,0.30391305662270857,0.7367752234051653,0.2017937153577804,-0.7558256312580918,0.5116895432463179,0.4085357101474498,0.1395521163940429,-0.2528408411289526,-0.8036234599279791,0.5387586135836595,0.8338801860809326,0.0,0.0,0.0,1.0,0.1428568959236145,0.9533211588859558,0.2660278975963592,-0.1651051193475723,0.9710294604301452,-0.1870191395282745,0.1487477570772171,0.2037380039691925,0.1915566772222518,0.2370712757110595,-0.9524198174476624,0.8283536434173584,0,0,0,1
12.733333333333333,0.6039860297974702,0.30391305662270857,0.7367752234051653,0.2017937153577804,-0.7558256312580918,0.5116895432463179,0.4085357101474498,0.1395521163940429,-0.2528408411289526,-0.8036234599279791,0.5387586135836595,0.8338801860809326,0.0,0.0,0.0,1.0,0.1428568959236145,0.9533211588859558,0.2660278975963592,-0.1651051193475723,0.9710294604301452,-0.1870191395282745,0.1487477570772171,0.2037380039691925,0.1915566772222518,0.2370712757110595,-0.9524198174476624,0.8283536434173584,0,0,0,1
12.766666666666667,0.6039860297974702,0.30391305662270857,0.7367752234051653,0.2017937153577804,-0.7558256312580918,0.5116895432463179,0.4085357101474498,0.1395521163940429,-0.2528408411289526,-0.8036234599279791,0.5387586135836595,0.8338801860809326,0.0,0.0,0.0,1.0,0.1428568959236145,0.9533211588859558,0.2660278975963592,-0.1651051193475723,0.9710294604301452,-0.1870191395282745,0.1487477570772171,0.2037380039691925,0.1915566772222518,0.2370712757110595,-0.9524198174476624,0.8283536434173584,0,0,0,1
12.8,0.6039860297974702,0.30391305662270857,0.7367752234051653,0.2017937153577804,-0.7558256312580918,0.5116895432463179,0.4085357101474498,0.1395521163940429,-0.2528408411289526,-0.8036234599279791,0.5387586135836595,0.8338801860809326,0.0,0.0,0.0,1.0,0.1428568959236145,0.9533211588859558,0.2660278975963592,-0.1651051193475723,0.9710294604301452,-0.1870191395282745,0.1487477570772171,0.2037380039691925,0.1915566772222518,0.2370712757110595,-0.9524198174476624,0.8283536434173584,0,0,0,1
12.833333333333334,0.6039860297974702,0.30391305662270857,0.7367752234051653,0.2017937153577804,-0.7558256312580918,0.5116895432463179,0.4085357101474498,0.1395521163940429,-0.2528408411289526,-0.8036234599279791,0.5387586135836595,0.8338801860809326,0.0,0.0,0.0,1.0,0.1428568959236145,0.9533211588859558,0.2660278975963592,-0.1651051193475723,0.9710294604301452,-0.1870191395282745,0.1487477570772171,0.2037380039691925,0.1915566772222518,0.2370712757110595,-0.9524198174476624,0.8283536434173584,0,0,0,1
12.866666666666667,0.6039860297974702,0.30391305662270857,0.7367752234051653,0.2017937153577804,-0.7558256312580918,0.5116895432463179,0.4085357101474498,0.1395521163940429,-0.2528408411289526,-0.8036234599279791,0.5387586135836595,0.8338801860809326,0.0,0.0,0.0,1.0,0.1428568959236145,0.9533211588859558,0.2660278975963592,-0.1651051193475723,0.9710294604301452,-0.1870191395282745,0.1487477570772171,0.2037380039691925,0.1915566772222518,0.2370712757110595,-0.9524198174476624,0.8283536434173584,0,0,0,1
12.9,0.6039860297974702,0.30391305662270857,0.7367752234051653,0.2017937153577804,-0.7558256312580918,0.5116895432463179,0.4085357101474498,0.1395521163940429,-0.2528408411289526,-0.8036234599279791,0.5387586135836595,0.8338801860809326,0.0,0.0,0.0,1.0,0.1428568959236145,0.9533211588859558,0.2660278975963592,-0.1651051193475723,0.9710294604301452,-0.1870191395282745,0.1487477570772171,0.2037380039691925,0.1915566772222518,0.2370712757110595,-0.9524198174476624,0.8283536434173584,0,0,0,1
12.933333333333334,0.6039860297974702,0.30391305662270857,0.7367752234051653,0.2017937153577804,-0.7558256312580918,0.5116895432463179,0.4085357101474498,0.1395521163940429,-0.2528408411289526,-0.8036234599279791,0.5387586135836595,0.8338801860809326,0.0,0.0,0.0,1.0,0.1428568959236145,0.9533211588859558,0.2660278975963592,-0.1651051193475723,0.9710294604301452,-0.1870191395282745,0.1487477570772171,0.2037380039691925,0.1915566772222518,0.2370712757110595,-0.9524198174476624,0.8283536434173584,0,0,0,1
12.966666666666667,0.6039860297974702,0.30391305662270857,0.7367752234051653,0.2017937153577804,-0.7558256312580918,0.5116895432463179,0.4085357101474498,0.1395521163940429,-0.2528408411289526,-0.8036234599279791,0.5387586135836595,0.8338801860809326,0.0,0.0,0.0,1.0,0.1428568959236145,0.9533211588859558,0.2660278975963592,-0.1651051193475723,0.9710294604301452,-0.1870191395282745,0.1487477570772171,0.2037380039691925,0.1915566772222518,0.2370712757110595,-0.9524198174476624,0.8283536434173584,0,0,0,1
13.0,0.6039860297974702,0.30391305662270857,0.7367752234051653,0.2017937153577804,-0.7558256312580918,0.5116895432463179,0.4085357101474498,0.1395521163940429,-0.2528408411289526,-0.8036234599279791,0.5387586135836595,0.8338801860809326,0.0,0.0,0.0,1.0,0.1428568959236145,0.9533211588859558,0.2660278975963592,-0.1651051193475723,0.9710294604301452,-0.1870191395282745,0.1487477570772171,0.2037380039691925,0.1915566772222518,0.2370712757110595,-0.9524198174476624,0.8283536434173584,0,0,0,1
13.033333333333333,0.6039860297974702,0.30391305662270857,0.7367752234051653,0.2017937153577804,-0.7558256312580918,0.5116895432463179,0.4085357101474498,0.1395521163940429,-0.2528408411289526,-0.8036234599279791,0.5387586135836595,0.8338801860809326,0.0,0.0,0.0,1.0,0.1428568959236145,0.9533211588859558,0.2660278975963592,-0.1651051193475723,0.9710294604301452,-0.1870191395282745,0.1487477570772171,0.2037380039691925,0.1915566772222518,0.2370712757110595,-0.9524198174476624,0.8283536434173584,0,0,0,1
13.066666666666666,0.6039860297974702,0.30391305662270857,0.7367752234051653,0.2017937153577804,-0.7558256312580918,0.5116895432463179,0.4085357101474498,0.1395521163940429,-0.2528408411289526,-0.8036234599279791,0.5387586135836595,0.8338801860809326,0.0,0.0,0.0,1.0,0.1428568959236145,0.9533211588859558,0.2660278975963592,-0.1651051193475723,0.9710294604301452,-0.1870191395282745,0.1487477570772171,0.2037380039691925,0.1915566772222518,0.2370712757110595,-0.9524198174476624,0.8283536434173584,0,0,0,1
13.1,0.6039860297974702,0.30391305662270857,0.7367752234051653,0.2017937153577804,-0.7558256312580918,0.5116895432463179,0.4085357101474498,0.1395521163940429,-0.2528408411289526,-0.8036234599279791,0.5387586135836595,0.8338801860809326,0.0,0.0,0.0,1.0,0.1428568959236145,0.9533211588859558,0.2660278975963592,-0.1651051193475723,0.9710294604301452,-0.1870191395282745,0.1487477570772171,0.2037380039691925,0.1915566772222518,0.2370712757110595,-0.9524198174476624,0.8283536434173584,0,0,0,1
13.133333333333333,0.6039860297974702,0.30391305662270857,0.7367752234051653,0.2017937153577804,-0.7558256312580918,0.5116895432463179,0.4085357101474498,0.1395521163940429,-0.2528408411289526,-0.8036234599279791,0.5387586135836595,0.8338801860809326,0.0,0.0,0.0,1.0,0.1428568959236145,0.9533211588859558,0.2660278975963592,-0.1651051193475723,0.9710294604301452,-0.1870191395282745,0.1487477570772171,0.2037380039691925,0.1915566772222518,0.2370712757110595,-0.9524198174476624,0.8283536434173584,0,0,0,1
13.166666666666666,0.6039860297974702,0.30391305662270857,0.7367752234051653,0.2017937153577804,-0.7558256312580918,0.5116895432463179,0.4085357101474498,0.1395521163940429,-0.2528408411289526,-0.8036234599279791,0.5387586135836595,0.8338801860809326,0.0,0.0,0.0,1.0,0.1428568959236145,0.9533211588859558,0.2660278975963592,-0.1651051193475723,0.9710294604301452,-0.1870191395282745,0.1487477570772171,0.2037380039691925,0.1915566772222518,0.2370712757110595,-0.9524198174476624,0.8283536434173584,0,0,0,1
13.2,0.6039860297974702,0.30391305662270857,0.7367752234051653,0.2017937153577804,-0.7558256312580918,0.5116895432463179,0.4085357101474498,0.1395521163940429,-0.2528408411289526,-0.8036234599279791,0.5387586135836595,0.8338801860809326,0.0,0.0,0.0,1.0,0.1428568959236145,0.9533211588859558,0.2660278975963592,-0.1651051193475723,0.9710294604301452,-0.1870191395282745,0.1487477570772171,0.2037380039691925,0.1915566772222518,0.2370712757110595,-0.9524198174476624,0.8283536434173584,0,0,0,1
13.233333333333333,0.6039860297974702,0.30391305662270857,0.7367752234051653,0.2017937153577804,-0.7558256312580918,0.5116895432463179,0.4085357101474498,0.1395521163940429,-0.2528408411289526,-0.8036234599279791,0.5387586135836595,0.8338801860809326,0.0,0.0,0.0,1.0,0.1428568959236145,0.9533211588859558,0.2660278975963592,-0.1651051193475723,0.9710294604301452,-0.1870191395282745,0.1487477570772171,0.2037380039691925,0.1915566772222518,0.2370712757110595,-0.9524198174476624,0.8283536434173584,0,0,0,1
13.266666666666667,0.6039860297974702,0.30391305662270857,0.7367752234051653,0.2017937153577804,-0.7558256312580918,0.5116895432463179,0.4085357101474498,0.1395521163940429,-0.2528408411289526,-0.8036234599279791,0.5387586135836595,0.8338801860809326,0.0,0.0,0.0,1.0,0.1428568959236145,0.9533211588859558,0.2660278975963592,-0.1651051193475723,0.9710294604301452,-0.1870191395282745,0.1487477570772171,0.2037380039691925,0.1915566772222518,0.2370712757110595,-0.9524198174476624,0.8283536434173584,0,0,0,1
13.3,0.6039860297974702,0.30391305662270857,0.7367752234051653,0.2017937153577804,-0.7558256312580918,0.5116895432463179,0.4085357101474498,0.1395521163940429,-0.2528408411289526,-0.8036234599279791,0.5387586135836595,0.8338801860809326,0.0,0.0,0.0,1.0,0.1428568959236145,0.9533211588859558,0.2660278975963592,-0.1651051193475723,0.9710294604301452,-0.1870191395282745,0.1487477570772171,0.2037380039691925,0.1915566772222518,0.2370712757110595,-0.9524198174476624,0.8283536434173584,0,0,0,1
13.333333333333334,0.6039860297974702,0.30391305662270857,0.7367752234051653,0.2017937153577804,-0.7558256312580918,0.5116895432463179,0.4085357101474498,0.1395521163940429,-0.2528408411289526,-0.8036234599279791,0.5387586135836595,0.8338801860809326,0.0,0.0,0.0,1.0,0.1428568959236145,0.9533211588859558,0.2660278975963592,-0.1651051193475723,0.9710294604301452,-0.1870191395282745,0.1487477570772171,0.2037380039691925,0.1915566772222518,0.2370712757110595,-0.9524198174476624,0.8283536434173584,0,0,0,1
13.366666666666667,0.6039860297974702,0.30391305662270857,0.7367752234051653,0.2017937153577804,-0.7558256312580918,0.5116895432463179,0.4085357101474498,0.1395521163940429,-0.2528408411289526,-0.8036234599279791,0.5387586135836595,0.8338801860809326,0.0,0.0,0.0,1.0,0.1428568959236145,0.9533211588859558,0.2660278975963592,-0.1651051193475723,0.9710294604301452,-0.1870191395282745,0.1487477570772171,0.2037380039691925,0.1915566772222518,0.2370712757110595,-0.9524198174476624,0.8283536434173584,0,0,0,1
13.4,0.6039860297974702,0.30391305662270857,0.7367752234051653,0.2017937153577804,-0.7558256312580918,0.5116895432463179,0.4085357101474498,0.1395521163940429,-0.2528408411289526,-0.8036234599279791,0.5387586135836595,0.8338801860809326,0.0,0.0,0.0,1.0,0.1428568959236145,0.9533211588859558,0.2660278975963592,-0.1651051193475723,0.9710294604301452,-0.1870191395282745,0.1487477570772171,0.2037380039691925,0.1915566772222518,0.2370712757110595,-0.9524198174476624,0.8283536434173584,0,0,0,1
13.433333333333334,0.6039860297974702,0.30391305662270857,0.7367752234051653,0.2017937153577804,-0.7558256312580918,0.5116895432463179,0.4085357101474498,0.1395521163940429,-0.2528408411289526,-0.8036234599279791,0.5387586135836595,0.8338801860809326,0.0,0.0,0.0,1.0,0.1428568959236145,0.9533211588859558,0.2660278975963592,-0.1651051193475723,0.9710294604301452,-0.1870191395282745,0.1487477570772171,0.2037380039691925,0.1915566772222518,0.2370712757110595,-0.9524198174476624,0.8283536434173584,0,0,0,1
13.466666666666667,0.6039860297974702,0.30391305662270857,0.7367752234051653,0.2017937153577804,-0.7558256312580918,0.5116895432463179,0.4085357101474498,0.1395521163940429,-0.2528408411289526,-0.8036234599279791,0.5387586135836595,0.8338801860809326,0.0,0.0,0.0,1.0,0.1428568959236145,0.9533211588859558,0.2660278975963592,-0.1651051193475723,0.9710294604301452,-0.1870191395282745,0.1487477570772171,0.2037380039691925,0.1915566772222518,0.2370712757110595,-0.9524198174476624,0.8283536434173584,0,0,0,1
13.5,0.6039860297974702,0.30391305662270857,0.7367752234051653,0.2017937153577804,-0.7558256312580918,0.5116895432463179,0.4085357101474498,0.1395521163940429,-0.2528408411289526,-0.8036234599279791,0.5387586135836595,0.8338801860809326,0.0,0.0,0.0,1.0,0.1428568959236145,0.9533211588859558,0.2660278975963592,-0.1651051193475723,0.9710294604301452,-0.1870191395282745,0.1487477570772171,0.2037380039691925,0.1915566772222518,0.2370712757110595,-0.9524198174476624,0.8283536434173584,0,0,0,1
13.533333333333333,0.6039860297974702,0.30391305662270857,0.7367752234051653,0.2017937153577804,-0.7558256312580918,0.5116895432463179,0.4085357101474498,0.1395521163940429,-0.2528408411289526,-0.8036234599279791,0.5387586135836595,0.8338801860809326,0.0,0.0,0.0,1.0,0.1428568959236145,0.9533211588859558,0.2660278975963592,-0.1651051193475723,0.9710294604301452,-0.1870191395282745,0.1487477570772171,0.2037380039691925,0.1915566772222518,0.2370712757110595,-0.9524198174476624,0.8283536434173584,0,0,0,1
13.566666666666666,0.6039860297974702,0.30391305662270857,0.7367752234051653,0.2017937153577804,-0.7558256312580918,0.5116895432463179,0.4085357101474498,0.1395521163940429,-0.2528408411289526,-0.8036234599279791,0.5387586135836595,0.8338801860809326,0.0,0.0,0.0,1.0,0.1428568959236145,0.9533211588859558,0.2660278975963592,-0.1651051193475723,0.9710294604301452,-0.1870191395282745,0.1487477570772171,0.2037380039691925,0.1915566772222518,0.2370712757110595,-0.9524198174476624,0.8283536434173584,0,0,0,1
13.6,0.6039860297974702,0.30391305662270857,0.7367752234051653,0.2017937153577804,-0.7558256312580918,0.5116895432463179,0.4085357101474498,0.1395521163940429,-0.2528408411289526,-0.8036234599279791,0.5387586135836595,0.8338801860809326,0.0,0.0,0.0,1.0,0.1428568959236145,0.9533211588859558,0.2660278975963592,-0.1651051193475723,0.9710294604301452,-0.1870191395282745,0.1487477570772171,0.2037380039691925,0.1915566772222518,0.2370712757110595,-0.9524198174476624,0.8283536434173584,0,0,0,1
13.633333333333333,0.6039860297974702,0.30391305662270857,0.7367752234051653,0.2017937153577804,-0.7558256312580918,0.5116895432463179,0.4085357101474498,0.1395521163940429,-0.2528408411289526,-0.8036234599279791,0.5387586135836595,0.8338801860809326,0.0,0.0,0.0,1.0,0.1428568959236145,0.9533211588859558,0.2660278975963592,-0.1651051193475723,0.9710294604301452,-0.1870191395282745,0.1487477570772171,0.2037380039691925,0.1915566772222518,0.2370712757110595,-0.9524198174476624,0.8283536434173584,0,0,0,1
13.666666666666666,0.6039860297974702,0.30391305662270857,0.7367752234051653,0.2017937153577804,-0.7558256312580918,0.5116895432463179,0.4085357101474498,0.1395521163940429,-0.2528408411289526,-0.8036234599279791,0.5387586135836595,0.8338801860809326,0.0,0.0,0.0,1.0,0.1428568959236145,0.9533211588859558,0.2660278975963592,-0.1651051193475723,0.9710294604301452,-0.1870191395282745,0.1487477570772171,0.2037380039691925,0.1915566772222518,0.2370712757110595,-0.9524198174476624,0.8283536434173584,0,0,0,1
13.7,0.6039860297974702,0.30391305662270857,0.7367752234051653,0.2017937153577804,-0.7558256312580918,0.5116895432463179,0.4085357101474498,0.1395521163940429,-0.2528408411289526,-0.8036234599279791,0.5387586135836595,0.8338801860809326,0.0,0.0,0.0,1.0,0.1428568959236145,0.9533211588859558,0.2660278975963592,-0.1651051193475723,0.9710294604301452,-0.1870191395282745,0.1487477570772171,0.2037380039691925,0.1915566772222518,0.2370712757110595,-0.9524198174476624,0.8283536434173584,0,0,0,1
13.733333333333333,0.6039860297974702,0.30391305662270857,0.7367752234051653,0.2017937153577804,-0.7558256312580918,0.5116895432463179,0.4085357101474498,0.1395521163940429,-0.2528408411289526,-0.8036234599279791,0.5387586135836595,0.8338801860809326,0.0,0.0,0.0,1.0,0.1428568959236145,0.9533211588859558,0.2660278975963592,-0.1651051193475723,0.9710294604301452,-0.1870191395282745,0.1487477570772171,0.2037380039691925,0.1915566772222518,0.2370712757110595,-0.9524198174476624,0.8283536434173584,0,0,0,1
13.766666666666667,0.6039860297974702,0.30391305662270857,0.7367752234051653,0.2017937153577804,-0.7558256312580918,0.5116895432463179,0.4085357101474498,0.1395521163940429,-0.2528408411289526,-0.8036234599279791,0.5387586135836595,0.8338801860809326,0.0,0.0,0.0,1.0,0.1428568959236145,0.9533211588859558,0.2660278975963592,-0.1651051193475723,0.9710294604301452,-0.1870191395282745,0.1487477570772171,0.2037380039691925,0.1915566772222518,0.2370712757110595,-0.9524198174476624,0.8283536434173584,0,0,0,1
13.8,0.6039860297974702,0.30391305662270857,0.7367752234051653,0.2017937153577804,-0.7558256312580918,0.5116895432463179,0.4085357101474498,0.1395521163940429,-0.2528408411289526,-0.8036234599279791,0.5387586135836595,0.8338801860809326,0.0,0.0,0.0,1.0,0.1428568959236145,0.9533211588859558,0.2660278975963592,-0.1651051193475723,0.9710294604301452,-0.1870191395282745,0.1487477570772171,0.2037380039691925,0.1915566772222518,0.2370712757110595,-0.9524198174476624,0.8283536434173584,0,0,0,1
13.833333333333334,0.6039860297974702,0.30391305662270857,0.7367752234051653,0.2017937153577804,-0.7558256312580918,0.5116895432463179,0.4085357101474498,0.1395521163940429,-0.2528408411289526,-0.8036234599279791,0.5387586135836595,0.8338801860809326,0.0,0.0,0.0,1.0,0.1428568959236145,0.9533211588859558,0.2660278975963592,-0.1651051193475723,0.9710294604301452,-0.1870191395282745,0.1487477570772171,0.2037380039691925,0.1915566772222518,0.2370712757110595,-0.9524198174476624,0.8283536434173584,0,0,0,1
13.866666666666667,0.6039860297974702,0.30391305662270857,0.7367752234051653,0.2017937153577804,-0.7558256312580918,0.5116895432463179,0.4085357101474498,0.1395521163940429,-0.2528408411289526,-0.8036234599279791,0.5387586135836595,0.8338801860809326,0.0,0.0,0.0,1.0,0.1428568959236145,0.9533211588859558,0.2660278975963592,-0.1651051193475723,0.9710294604301452,-0.1870191395282745,0.1487477570772171,0.2037380039691925,0.1915566772222518,0.2370712757110595,-0.9524198174476624,0.8283536434173584,0,0,0,1
13.9,0.6039860297974702,0.30391305662270857,0.7367752234051653,0.2017937153577804,-0.7558256312580918,0.5116895432463179,0.4085357101474498,0.1395521163940429,-0.2528408411289526,-0.8036234599279791,0.5387586135836595,0.8338801860809326,0.0,0.0,0.0,1.0,0.1428568959236145,0.9533211588859558,0.2660278975963592,-0.1651051193475723,0.9710294604301452,-0.1870191395282745,0.1487477570772171,0.2037380039691925,0.1915566772222518,0.2370712757110595,-0.9524198174476624,0.8283536434173584,0,0,0,1
13.933333333333334,0.6039860297974702,0.30391305662270857,0.7367752234051653,0.2017937153577804,-0.7558256312580918,0.5116895432463179,0.4085357101474498,0.1395521163940429,-0.2528408411289526,-0.8036234599279791,0.5387586135836595,0.8338801860809326,0.0,0.0,0.0,1.0,0.1428568959236145,0.9533211588859558,0.2660278975963592,-0.1651051193475723,0.9710294604301452,-0.1870191395282745,0.1487477570772171,0.2037380039691925,0.1915566772222518,0.2370712757110595,-0.9524198174476624,0.8283536434173584,0,0,0,1
13.966666666666667,0.6039860297974702,0.30391305662270857,0.7367752234051653,0.2017937153577804,-0.7558256312580918,0.5116895432463179,0.4085357101474498,0.1395521163940429,-0.2528408411289526,-0.8036234599279791,0.5387586135836595,0.8338801860809326,0.0,0.0,0.0,1.0,0.1428568959236145,0.9533211588859558,0.2660278975963592,-0.1651051193475723,0.9710294604301452,-0.1870191395282745,0.1487477570772171,0.2037380039691925,0.1915566772222518,0.2370712757110595,-0.9524198174476624,0.8283536434173584,0,0,0,1
14.0,0.6039860297974702,0.30391305662270857,0.7367752234051653,0.2017937153577804,-0.7558256312580918,0.5116895432463179,0.4085357101474498,0.1395521163940429,-0.2528408411289526,-0.8036234599279791,0.5387586135836595,0.8338801860809326,0.0,0.0,0.0,1.0,0.1428568959236145,0.9533211588859558,0.2660278975963592,-0.1651051193475723,0.9710294604301452,-0.1870191395282745,0.1487477570772171,0.2037380039691925,0.1915566772222518,0.2370712757110595,-0.9524198174476624,0.8283536434173584,0,0,0,1
14.033333333333333,0.6039860297974702,0.30391305662270857,0.7367752234051653,0.2017937153577804,-0.7558256312580918,0.5116895432463179,0.4085357101474498,0.1395521163940429,-0.2528408411289526,-0.8036234599279791,0.5387586135836595,0.8338801860809326,0.0,0.0,0.0,1.0,0.1428568959236145,0.9533211588859558,0.2660278975963592,-0.1651051193475723,0.9710294604301452,-0.1870191395282745,0.1487477570772171,0.2037380039691925,0.1915566772222518,0.2370712757110595,-0.9524198174476624,0.8283536434173584,0,0,0,1
14.066666666666666,0.6039860297974702,0.30391305662270857,0.7367752234051653,0.2017937153577804,-0.7558256312580918,0.5116895432463179,0.4085357101474498,0.1395521163940429,-0.2528408411289526,-0.8036234599279791,0.5387586135836595,0.8338801860809326,0.0,0.0,0.0,1.0,0.1428568959236145,0.9533211588859558,0.2660278975963592,-0.1651051193475723,0.9710294604301452,-0.1870191395282745,0.1487477570772171,0.2037380039691925,0.1915566772222518,0.2370712757110595,-0.9524198174476624,0.8283536434173584,0,0,0,1
14.1,0.6039860297974702,0.30391305662270857,0.7367752234051653,0.2017937153577804,-0.7558256312580918,0.5116895432463179,0.4085357101474498,0.1395521163940429,-0.2528408411289526,-0.8036234599279791,0.5387586135836595,0.8338801860809326,0.0,0.0,0.0,1.0,0.1428568959236145,0.9533211588859558,0.2660278975963592,-0.1651051193475723,0.9710294604301452,-0.1870191395282745,0.1487477570772171,0.2037380039691925,0.1915566772222518,0.2370712757110595,-0.9524198174476624,0.8283536434173584,0,0,0,1
14.133333333333333,0.6039860297974702,0.30391305662270857,0.7367752234051653,0.2017937153577804,-0.7558256312580918,0.5116895432463179,0.4085357101474498,0.1395521163940429,-0.2528408411289526,-0.8036234599279791,0.5387586135836595,0.8338801860809326,0.0,0.0,0.0,1.0,0.1428568959236145,0.9533211588859558,0.2660278975963592,-0.1651051193475723,0.9710294604301452,-0.1870191395282745,0.1487477570772171,0.2037380039691925,0.1915566772222518,0.2370712757110595,-0.9524198174476624,0.8283536434173584,0,0,0,1
14.166666666666666,0.6039860297974702,0.30391305662270857,0.7367752234051653,0.2017937153577804,-0.7558256312580918,0.5116895432463179,0.4085357101474498,0.1395521163940429,-0.2528408411289526,-0.8036234599279791,0.5387586135836595,0.8338801860809326,0.0,0.0,0.0,1.0,0.1428568959236145,0.9533211588859558,0.2660278975963592,-0.1651051193475723,0.9710294604301452,-0.1870191395282745,0.1487477570772171,0.2037380039691925,0.1915566772222518,0.2370712757110595,-0.9524198174476624,0.8283536434173584,0,0,0,1
14.2,0.6039860297974702,0.30391305662270857,0.7367752234051653,0.2017937153577804,-0.7558256312580918,0.5116895432463179,0.4085357101474498,0.1395521163940429,-0.2528408411289526,-0.8036234599279791,0.5387586135836595,0.8338801860809326,0.0,0.0,0.0,1.0,0.1428568959236145,0.9533211588859558,0.2660278975963592,-0.1651051193475723,0.9710294604301452,-0.1870191395282745,0.1487477570772171,0.2037380039691925,0.1915566772222518,0.2370712757110595,-0.9524198174476624,0.8283536434173584,0,0,0,1
14.233333333333333,0.6039860297974702,0.30391305662270857,0.7367752234051653,0.2017937153577804,-0.7558256312580918,0.5116895432463179,0.4085357101474498,0.1395521163940429,-0.2528408411289526,-0.8036234599279791,0.5387586135836595,0.8338801860809326,0.0,0.0,0.0,1.0,0.1428568959236145,0.9533211588859558,0.2660278975963592,-0.1651051193475723,0.9710294604301452,-0.1870191395282745,0.1487477570772171,0.2037380039691925,0.1915566772222518,0.2370712757110595,-0.9524198174476624,0.8283536434173584,0,0,0,1
14.266666666666667,0.6039860297974702,0.30391305662270857,0.7367752234051653,0.2017937153577804,-0.7558256312580918,0.5116895432463179,0.4085357101474498,0.1395521163940429,-0.2528408411289526,-0.8036234599279791,0.5387586135836595,0.8338801860809326,0.0,0.0,0.0,1.0,0.1428568959236145,0.9533211588859558,0.2660278975963592,-0.1651051193475723,0.9710294604301452,-0.1870191395282745,0.1487477570772171,0.2037380039691925,0.1915566772222518,0.2370712757110595,-0.9524198174476624,0.8283536434173584,0,0,0,1
14.3,0.6039860297974702,0.30391305662270857,0.7367752234051653,0.2017937153577804,-0.7558256312580918,0.5116895432463179,0.4085357101474498,0.1395521163940429,-0.2528408411289526,-0.8036234599279791,0.5387586135836595,0.8338801860809326,0.0,0.0,0.0,1.0,0.1428568959236145,0.9533211588859558,0.2660278975963592,-0.1651051193475723,0.9710294604301452,-0.1870191395282745,0.1487477570772171,0.2037380039691925,0.1915566772222518,0.2370712757110595,-0.9524198174476624,0.8283536434173584,0,0,0,1
14.333333333333334,0.6039860297974702,0.30391305662270857,0.7367752234051653,0.2017937153577804,-0.7558256312580918,0.5116895432463179,0.4085357101474498,0.1395521163940429,-0.2528408411289526,-0.8036234599279791,0.5387586135836595,0.8338801860809326,0.0,0.0,0.0,1.0,0.1428568959236145,0.9533211588859558,0.2660278975963592,-0.1651051193475723,0.9710294604301452,-0.1870191395282745,0.1487477570772171,0.2037380039691925,0.1915566772222518,0.2370712757110595,-0.9524198174476624,0.8283536434173584,0,0,0,1
14.366666666666667,0.6039860297974702,0.30391305662270857,0.7367752234051653,0.2017937153577804,-0.7558256312580918,0.5116895432463179,0.4085357101474498,0.1395521163940429,-0.2528408411289526,-0.8036234599279791,0.5387586135836595,0.8338801860809326,0.0,0.0,0.0,1.0,0.1428568959236145,0.9533211588859558,0.2660278975963592,-0.1651051193475723,0.9710294604301452,-0.1870191395282745,0.1487477570772171,0.2037380039691925,0.1915566772222518,0.2370712757110595,-0.9524198174476624,0.8283536434173584,0,0,0,1
14.4,0.6039860297974702,0.30391305662270857,0.7367752234051653,0.2017937153577804,-0.7558256312580918,0.5116895432463179,0.4085357101474498,0.1395521163940429,-0.2528408411289526,-0.8036234599279791,0.5387586135836595,0.8338801860809326,0.0,0.0,0.0,1.0,0.1428568959236145,0.9533211588859558,0.2660278975963592,-0.1651051193475723,0.9710294604301452,-0.1870191395282745,0.1487477570772171,0.2037380039691925,0.1915566772222518,0.2370712757110595,-0.9524198174476624,0.8283536434173584,0,0,0,1
14.433333333333334,0.6039860297974702,0.30391305662270857,0.7367752234051653,0.2017937153577804,-0.7558256312580918,0.5116895432463179,0.4085357101474498,0.1395521163940429,-0.2528408411289526,-0.8036234599279791,0.5387586135836595,0.8338801860809326,0.0,0.0,0.0,1.0,0.1428568959236145,0.9533211588859558,0.2660278975963592,-0.1651051193475723,0.9710294604301452,-0.1870191395282745,0.1487477570772171,0.2037380039691925,0.1915566772222518,0.2370712757110595,-0.9524198174476624,0.8283536434173584,0,0,0,1
14.466666666666667,0.6039860297974702,0.30391305662270857,0.7367752234051653,0.2017937153577804,-0.7558256312580918,0.5116895432463179,0.4085357101474498,0.1395521163940429,-0.2528408411289526,-0.8036234599279791,0.5387586135836595,0.8338801860809326,0.0,0.0,0.0,1.0,0.1428568959236145,0.9533211588859558,0.2660278975963592,-0.1651051193475723,0.9710294604301452,-0.1870191395282745,0.1487477570772171,0.2037380039691925,0.1915566772222518,0.2370712757110595,-0.9524198174476624,0.8283536434173584,0,0,0,1
14.5,0.6039860297974702,0.30391305662270857,0.7367752234051653,0.2017937153577804,-0.7558256312580918,0.5116895432463179,0.4085357101474498,0.1395521163940429,-0.2528408411289526,-0.8036234599279791,0.5387586135836595,0.8338801860809326,0.0,0.0,0.0,1.0,0.1428568959236145,0.9533211588859558,0.2660278975963592,-0.1651051193475723,0.9710294604301452,-0.1870191395282745,0.1487477570772171,0.2037380039691925,0.1915566772222518,0.2370712757110595,-0.9524198174476624,0.8283536434173584,0,0,0,1
14.533333333333333,0.6039860297974702,0.30391305662270857,0.7367752234051653,0.2017937153577804,-0.7558256312580918,0.5116895432463179,0.4085357101474498,0.1395521163940429,-0.2528408411289526,-0.8036234599279791,0.5387586135836595,0.8338801860809326,0.0,0.0,0.0,1.0,0.1428568959236145,0.9533211588859558,0.2660278975963592,-0.1651051193475723,0.9710294604301452,-0.1870191395282745,0.1487477570772171,0.2037380039691925,0.1915566772222518,0.2370712757110595,-0.9524198174476624,0.8283536434173584,0,0,0,1
14.566666666666666,0.6039860297974702,0.30391305662270857,0.7367752234051653,0.2017937153577804,-0.7558256312580918,0.5116895432463179,0.4085357101474498,0.1395521163940429,-0.2528408411289526,-0.8036234599279791,0.5387586135836595,0.8338801860809326,0.0,0.0,0.0,1.0,0.1428568959236145,0.9533211588859558,0.2660278975963592,-0.1651051193475723,0.9710294604301452,-0.1870191395282745,0.1487477570772171,0.2037380039691925,0.1915566772222518,0.2370712757110595,-0.9524198174476624,0.8283536434173584,0,0,0,1
14.6,0.6039860297974702,0.30391305662270857,0.7367752234051653,0.2017937153577804,-0.7558256312580918,0.5116895432463179,0.4085357101474498,0.1395521163940429,-0.2528408411289526,-0.8036234599279791,0.5387586135836595,0.8338801860809326,0.0,0.0,0.0,1.0,0.1428568959236145,0.9533211588859558,0.2660278975963592,-0.1651051193475723,0.9710294604301452,-0.1870191395282745,0.1487477570772171,0.2037380039691925,0.1915566772222518,0.2370712757110595,-0.9524198174476624,0.8283536434173584,0,0,0,1
14.633333333333333,0.6039860297974702,0.30391305662270857,0.7367752234051653,0.2017937153577804,-0.7558256312580918,0.5116895432463179,0.4085357101474498,0.1395521163940429,-0.2528408411289526,-0.8036234599279791,0.5387586135836595,0.8338801860809326,0.0,0.0,0.0,1.0,0.1428568959236145,0.9533211588859558,0.2660278975963592,-0.1651051193475723,0.9710294604301452,-0.1870191395282745,0.1487477570772171,0.2037380039691925,0.1915566772222518,0.2370712757110595,-0.9524198174476624,0.8283536434173584,0,0,0,1
14.666666666666666,0.6039860297974702,0.30391305662270857,0.7367752234051653,0.2017937153577804,-0.7558256312580918,0.5116895432463179,0.4085357101474498,0.1395521163940429,-0.2528408411289526,-0.8036234599279791,0.5387586135836595,0.8338801860809326,0.0,0.0,0.0,1.0,0.1428568959236145,0.9533211588859558,0.2660278975963592,-0.1651051193475723,0.9710294604301452,-0.1870191395282745,0.1487477570772171,0.2037380039691925,0.1915566772222518,0.2370712757110595,-0.9524198174476624,0.8283536434173584,0,0,0,1
14.7,0.6039860297974702,0.30391305662270857,0.7367752234051653,0.2017937153577804,-0.7558256312580918,0.5116895432463179,0.4085357101474498,0.1395521163940429,-0.2528408411289526,-0.8036234599279791,0.5387586135836595,0.8338801860809326,0.0,0.0,0.0,1.0,0.1428568959236145,0.9533211588859558,0.2660278975963592,-0.1651051193475723,0.9710294604301452,-0.1870191395282745,0.1487477570772171,0.2037380039691925,0.1915566772222518,0.2370712757110595,-0.9524198174476624,0.8283536434173584,0,0,0,1
14.733333333333333,0.6039860297974702,0.30391305662270857,0.7367752234051653,0.2017937153577804,-0.7558256312580918,0.5116895432463179,0.4085357101474498,0.1395521163940429,-0.2528408411289526,-0.8036234599279791,0.5387586135836595,0.8338801860809326,0.0,0.0,0.0,1.0,0.1428568959236145,0.9533211588859558,0.2660278975963592,-0.1651051193475723,0.9710294604301452,-0.1870191395282745,0.1487477570772171,0.2037380039691925,0.1915566772222518,0.2370712757110595,-0.9524198174476624,0.8283536434173584,0,0,0,1
14.766666666666667,0.6039860297974702,0.30391305662270857,0.7367752234051653,0.2017937153577804,-0.7558256312580918,0.5116895432463179,0.4085357101474498,0.1395521163940429,-0.2528408411289526,-0.8036234599279791,0.5387586135836595,0.8338801860809326,0.0,0.0,0.0,1.0,0.1428568959236145,0.9533211588859558,0.2660278975963592,-0.1651051193475723,0.9710294604301452,-0.1870191395282745,0.1487477570772171,0.2037380039691925,0.1915566772222518,0.2370712757110595,-0.9524198174476624,0.8283536434173584,0,0,0,1
14.8,0.6039860297974702,0.30391305662270857,0.7367752234051653,0.2017937153577804,-0.7558256312580918,0.5116895432463179,0.4085357101474498,0.1395521163940429,-0.2528408411289526,-0.8036234599279791,0.5387586135836595,0.8338801860809326,0.0,0.0,0.0,1.0,0.1428568959236145,0.9533211588859558,0.2660278975963592,-0.1651051193475723,0.9710294604301452,-0.1870191395282745,0.1487477570772171,0.2037380039691925,0.1915566772222518,0.2370712757110595,-0.9524198174476624,0.8283536434173584,0,0,0,1
14.833333333333334,0.6039860297974702,0.30391305662270857,0.7367752234051653,0.2017937153577804,-0.7558256312580918,0.5116895432463179,0.4085357101474498,0.1395521163940429,-0.2528408411289526,-0.8036234599279791,0.5387586135836595,0.8338801860809326,0.0,0.0,0.0,1.0,0.1428568959236145,0.9533211588859558,0.2660278975963592,-0.1651051193475723,0.9710294604301452,-0.1870191395282745,0.1487477570772171,0.2037380039691925,0.1915566772222518,0.2370712757110595,-0.9524198174476624,0.8283536434173584,0,0,0,1
14.866666666666667,0.6039860297974702,0.30391305662270857,0.7367752234051653,0.2017937153577804,-0.7558256312580918,0.5116895432463179,0.4085357101474498,0.1395521163940429,-0.2528408411289526,-0.8036234599279791,0.5387586135836595,0.8338801860809326,0.0,0.0,0.0,1.0,0.1428568959236145,0.9533211588859558,0.2660278975963592,-0.1651051193475723,0.9710294604301452,-0.1870191395282745,0.1487477570772171,0.2037380039691925,0.1915566772222518,0.2370712757110595,-0.9524198174476624,0.8283536434173584,0,0,0,1
14.9,0.6039860297974702,0.30391305662270857,0.7367752234051653,0.2017937153577804,-0.7558256312580918,0.5116895432463179,0.4085357101474498,0.1395521163940429,-0.2528408411289526,-0.8036234599279791,0.5387586135836595,0.8338801860809326,0.0,0.0,0.0,1.0,0.1428568959236145,0.9533211588859558,0.2660278975963592,-0.1651051193475723,0.9710294604301452,-0.1870191395282745,0.1487477570772171,0.2037380039691925,0.1915566772222518,0.2370712757110595,-0.9524198174476624,0.8283536434173584,0,0,0,1
14.933333333333334,0.6039860297974702,0.30391305662270857,0.7367752234051653,0.2017937153577804,-0.7558256312580918,0.5116895432463179,0.4085357101474498,0.1395521163940429,-0.2528408411289526,-0.8036234599279791,0.5387586135836595,0.8338801860809326,0.0,0.0,0.0,1.0,0.1428568959236145,0.9533211588859558,0.2660278975963592,-0.1651051193475723,0.9710294604301452,-0.1870191395282745,0.1487477570772171,0.2037380039691925,0.1915566772222518,0.2370712757110595,-0.9524198174476624,0.8283536434173584,0,0,0,1
14.966666666666667,0.6039860297974702,0.30391305662270857,0.7367752234051653,0.2017937153577804,-0.7558256312580918,0.5116895432463179,0.4085357101474498,0.1395521163940429,-0.2528408411289526,-0.8036234599279791,0.5387586135836595,0.8338801860809326,0.0,0.0,0.0,1.0,0.1428568959236145,0.9533211588859558,0.2660278975963592,-0.1651051193475723,0.9710294604301452,-0.1870191395282745,0.1487477570772171,0.2037380039691925,0.1915566772222518,0.2370712757110595,-0.9524198174476624,0.8283536434173584,0,0,0,1
15.0,0.6039860297974702,0.30391305662270857,0.7367752234051653,0.2017937153577804,-0.7558256312580918,0.5116895432463179,0.4085357101474498,0.1395521163940429,-0.2528408411289526,-0.8036234599279791,0.5387586135836595,0.8338801860809326,0.0,0.0,0.0,1.0,0.1428568959236145,0.9533211588859558,0.2660278975963592,-0.1651051193475723,0.9710294604301452,-0.1870191395282745,0.1487477570772171,0.2037380039691925,0.1915566772222518,0.2370712757110595,-0.9524198174476624,0.8283536434173584,0,0,0,1
15.033333333333333,0.6039860297974702,0.30391305662270857,0.7367752234051653,0.20193128464475446,-0.7558256312580918,0.5116895432463179,0.4085357101474498,0.1395521163940429,-0.2528408411289526,-0.8036234599279791,0.5387586135836595,0.8338801860809326,0.0,0.0,0.0,1.0,0.1428568959236145,0.9533211588859558,0.2660278975963592,-0.1651051193475723,0.9710294604301452,-0.1870191395282745,0.1487477570772171,0.2037380039691925,0.1915566772222518,0.2370712757110595,-0.9524198174476624,0.8283536434173584,0,0,0,1
15.066666666666666,0.6039860297974702,0.30391305662270857,0.7367752234051653,0.20234399250567658,-0.7558256312580918,0.5116895432463179,0.4085357101474498,0.1395521163940429,-0.2528408411289526,-0.8036234599279791,0.5387586135836595,0.8338801860809326,0.0,0.0,0.0,1.0,0.1428568959236145,0.9533211588859558,0.2660278975963592,-0.1651051193475723,0.9710294604301452,-0.1870191395282745,0.1487477570772171,0.2037380039691925,0.1915566772222518,0.2370712757110595,-0.9524198174476624,0.8283536434173584,0,0,0,1
15.1,0.6039860297974702,0.30391305662270857,0.7367752234051653,0.20303183894054685,-0.7558256312580918,0.5116895432463179,0.4085357101474498,0.1395521163940429,-0.2528408411289526,-0.8036234599279791,0.5387586135836595,0.8338801860809326,0.0,0.0,0.0,1.0,0.1428568959236145,0.9533211588859558,0.2660278975963592,-0.1651051193475723,0.9710294604301452,-0.1870191395282745,0.1487477570772171,0.2037380039691925,0.1915566772222518,0.2370712757110595,-0.9524198174476624,0.8283536434173584,0,0,0,1
15.133333333333333,0.6039860297974702,0.30391305662270857,0.7367752234051653,0.2039746677387328,-0.7558256312580918,0.5116895432463179,0.4085357101474498,0.1395521163940429,-0.2528408411289526,-0.8036234599279791,0.5387586135836595,0.8338801860809326,0.0,0.0,0.0,1.0,0.1428568959236145,0.9533211588859558,0.2660278975963592,-0.1651051193475723,0.9710294604301452,-0.1870191395282745,0.1487477570772171,0.2037380039691925,0.1915566772222518,0.2370712757110595,-0.9524198174476624,0.8283536434173584,0,0,0,1
15.166666666666666,0.6039860297974702,0.30391305662270857,0.7367752234051653,0.20496990583397087,-0.7558256312580918,0.5116895432463179,0.4085357101474498,0.1395521163940429,-0.2528408411289526,-0.8036234599279791,0.5387586135836595,0.8338801860809326,0.0,0.0,0.0,1.0,0.1428568959236145,0.9533211588859558,0.2660278975963592,-0.1651051193475723,0.9710294604301452,-0.1870191395282745,0.1487477570772171,0.2037380039691925,0.1915566772222518,0.2370712757110595,-0.9524198174476624,0.8283536434173584,0,0,0,1
15.2,0.6039860297974702,0.30391305662270857,0.7367752234051653,0.20596514392920898,-0.7558256312580918,0.5116895432463179,0.4085357101474498,0.1395521163940429,-0.2528408411289526,-0.8036234599279791,0.5387586135836595,0.8338801860809326,0.0,0.0,0.0,1.0,0.1428568959236145,0.9533211588859558,0.2660278975963592,-0.1651051193475723,0.9710294604301452,-0.1870191395282745,0.1487477570772171,0.2037380039691925,0.1915566772222518,0.2370712757110595,-0.9524198174476624,0.8283536434173584,0,0,0,1
15.233333333333333,0.6039860297974702,0.30391305662270857,0.7367752234051653,0.20696038202444708,-0.7558256312580918,0.5116895432463179,0.4085357101474498,0.1395521163940429,-0.2528408411289526,-0.8036234599279791,0.5387586135836595,0.8338801860809326,0.0,0.0,0.0,1.0,0.1428568959236145,0.9533211588859558,0.2660278975963592,-0.1651051193475723,0.9710294604301452,-0.1870191395282745,0.1487477570772171,0.2037380039691925,0.1915566772222518,0.2370712757110595,-0.9524198174476624,0.8283536434173584,0,0,0,1
15.266666666666667,0.6039860297974702,0.30391305662270857,0.7367752234051653,0.20795562011968516,-0.7558256312580918,0.5116895432463179,0.4085357101474498,0.1395521163940429,-0.2528408411289526,-0.8036234599279791,0.5387586135836595,0.8338801860809326,0.0,0.0,0.0,1.0,0.1428568959236145,0.9533211588859558,0.2660278975963592,-0.1651051193475723,0.9710294604301452,-0.1870191395282745,0.1487477570772171,0.2037380039691925,0.1915566772222518,0.2370712757110595,-0.9524198174476624,0.8283536434173584,0,0,0,1
15.3,0.6039860297974702,0.30391305662270857,0.7367752234051653,0.20895085821492326,-0.7558256312580918,0.5116895432463179,0.4085357101474498,0.1395521163940429,-0.2528408411289526,-0.8036234599279791,0.5387586135836595,0.8338801860809326,0.0,0.0,0.0,1.0,0.1428568959236145,0.9533211588859558,0.2660278975963592,-0.1651051193475723,0.9710294604301452,-0.1870191395282745,0.1487477570772171,0.2037380039691925,0.1915566772222518,0.2370712757110595,-0.9524198174476624,0.8283536434173584,0,0,0,1
15.333333333333334,0.6039860297974702,0.30391305662270857,0.7367752234051653,0.20994609631016137,-0.7558256312580918,0.5116895432463179,0.4085357101474498,0.1395521163940429,-0.2528408411289526,-0.8036234599279791,0.5387586135836595,0.8338801860809326,0.0,0.0,0.0,1.0,0.1428568959236145,0.9533211588859558,0.2660278975963592,-0.1651051193475723,0.9710294604301452,-0.1870191395282745,0.1487477570772171,0.2037380039691925,0.1915566772222518,0.2370712757110595,-0.9524198174476624,0.8283536434173584,0,0,0,1
15.366666666666667,0.6039860297974702,0.30391305662270857,0.7367752234051653,0.21094133440539944,-0.7558256312580918,0.5116895432463179,0.4085357101474498,0.1395521163940429,-0.2528408411289526,-0.8036234599279791,0.5387586135836595,0.8338801860809326,0.0,0.0,0.0,1.0,0.1428568959236145,0.9533211588859558,0.2660278975963592,-0.1651051193475723,0.9710294604301452,-0.1870191395282745,0.1487477570772171,0.2037380039691925,0.1915566772222518,0.2370712757110595,-0.9524198174476624,0.8283536434173584,0,0,0,1
15.4,0.6039860297974702,0.30391305662270857,0.7367752234051653,0.21193657250063755,-0.7558256312580918,0.5116895432463179,0.4085357101474498,0.1395521163940429,-0.2528408411289526,-0.8036234599279791,0.5387586135836595,0.8338801860809326,0.0,0.0,0.0,1.0,0.1428568959236145,0.9533211588859558,0.2660278975963592,-0.1651051193475723,0.9710294604301452,-0.1870191395282745,0.1487477570772171,0.2037380039691925,0.1915566772222518,0.2370712757110595,-0.9524198174476624,0.8283536434173584,0,0,0,1
15.433333333333334,0.6039860297974702,0.30391305662270857,0.7367752234051653,0.21293181059587565,-0.7558256312580918,0.5116895432463179,0.4085357101474498,0.1395521163940429,-0.2528408411289526,-0.8036234599279791,0.5387586135836595,0.8338801860809326,0.0,0.0,0.0,1.0,0.1428568959236145,0.9533211588859558,0.2660278975963592,-0.1651051193475723,0.9710294604301452,-0.1870191395282745,0.1487477570772171,0.2037380039691925,0.1915566772222518,0.2370712757110595,-0.9524198174476624,0.8283536434173584,0,0,0,1
15.466666666666667,0.6039860297974702,0.30391305662270857,0.7367752234051653,0.21392704869111373,-0.7558256312580918,0.5116895432463179,0.4085357101474498,0.1395521163940429,-0.2528408411289526,-0.8036234599279791,0.5387586135836595,0.8338801860809326,0.0,0.0,0.0,1.0,0.1428568959236145,0.9533211588859558,0.2660278975963592,-0.1651051193475723,0.9710294604301452,-0.1870191395282745,0.1487477570772171,0.2037380039691925,0.1915566772222518,0.2370712757110595,-0.9524198174476624,0.8283536434173584,0,0,0,1
15.5,0.6039860297974702,0.30391305662270857,0.7367752234051653,0.21492228678635183,-0.7558256312580918,0.5116895432463179,0.4085357101474498,0.1395521163940429,-0.2528408411289526,-0.8036234599279791,0.5387586135836595,0.8338801860809326,0.0,0.0,0.0,1.0,0.1428568959236145,0.9533211588859558,0.2660278975963592,-0.1651051193475723,0.9710294604301452,-0.1870191395282745,0.1487477570772171,0.2037380039691925,0.1915566772222518,0.2370712757110595,-0.9524198174476624,0.8283536434173584,0,0,0,1
15.533333333333333,0.6039860297974702,0.30391305662270857,0.7367752234051653,0.21591752488158994,-0.7558256312580918,0.5116895432463179,0.4085357101474498,0.1395521163940429,-0.2528408411289526,-0.8036234599279791,0.5387586135836595,0.8338801860809326,0.0,0.0,0.0,1.0,0.1428568959236145,0.9533211588859558,0.2660278975963592,-0.1651051193475723,0.9710294604301452,-0.1870191395282745,0.1487477570772171,0.2037380039691925,0.1915566772222518,0.2370712757110595,-0.9524198174476624,0.8283536434173584,0,0,0,1
15.566666666666666,0.6039860297974702,0.30391305662270857,0.7367752234051653,0.21691276297682802,-0.7558256312580918,0.5116895432463179,0.4085357101474498,0.1395521163940429,-0.2528408411289526,-0.8036234599279791,0.5387586135836595,0.8338801860809326,0.0,0.0,0.0,1.0,0.1428568959236145,0.9533211588859558,0.2660278975963592,-0.1651051193475723,0.9710294604301452,-0.1870191395282745,0.1487477570772171,0.2037380039691925,0.1915566772222518,0.2370712757110595,-0.9524198174476624,0.8283536434173584,0,0,0,1
15.6,0.6039860297974702,0.30391305662270857,0.7367752234051653,0.21790800107206612,-0.7558256312580918,0.5116895432463179,0.4085357101474498,0.1395521163940429,-0.2528408411289526,-0.8036234599279791,0.5387586135836595,0.8338801860809326,0.0,0.0,0.0,1.0,0.1428568959236145,0.9533211588859558,0.2660278975963592,-0.1651051193475723,0.9710294604301452,-0.1870191395282745,0.1487477570772171,0.2037380039691925,0.1915566772222518,0.2370712757110595,-0.9524198174476624,0.8283536434173584,0,0,0,1
15.633333333333333,0.6039860297974702,0.30391305662270857,0.7367752234051653,0.21890323916730423,-0.7558256312580918,0.5116895432463179,0.4085357101474498,0.1395521163940429,-0.2528408411289526,-0.8036234599279791,0.5387586135836595,0.8338801860809326,0.0,0.0,0.0,1.0,0.1428568959236145,0.9533211588859558,0.2660278975963592,-0.1651051193475723,0.9710294604301452,-0.1870191395282745,0.1487477570772171,0.2037380039691925,0.1915566772222518,0.2370712757110595,-0.9524198174476624,0.8283536434173584,0,0,0,1
15.666666666666666,0.6039860297974702,0.30391305662270857,0.7367752234051653,0.2198984772625423,-0.7558256312580918,0.5116895432463179,0.4085357101474498,0.1395521163940429,-0.2528408411289526,-0.8036234599279791,0.5387586135836595,0.8338801860809326,0.0,0.0,0.0,1.0,0.1428568959236145,0.9533211588859558,0.2660278975963592,-0.1651051193475723,0.9710294604301452,-0.1870191395282745,0.1487477570772171,0.2037380039691925,0.1915566772222518,0.2370712757110595,-0.9524198174476624,0.8283536434173584,0,0,0,1
15.7,0.6039860297974702,0.30391305662270857,0.7367752234051653,0.2208937153577804,-0.7558256312580918,0.5116895432463179,0.4085357101474498,0.1395521163940429,-0.2528408411289526,-0.8036234599279791,0.5387586135836595,0.8338801860809326,0.0,0.0,0.0,1.0,0.1428568959236145,0.9533211588859558,0.2660278975963592,-0.1651051193475723,0.9710294604301452,-0.1870191395282745,0.1487477570772171,0.2037380039691925,0.1915566772222518,0.2370712757110595,-0.9524198174476624,0.8283536434173584,0,0,0,1
15.733333333333333,0.6039860297974702,0.30391305662270857,0.7367752234051653,0.2218889534530185,-0.7558256312580918,0.5116895432463179,0.4085357101474498,0.1395521163940429,-0.2528408411289526,-0.8036234599279791,0.5387586135836595,0.8338801860809326,0.0,0.0,0.0,1.0,0.1428568959236145,0.9533211588859558,0.2660278975963592,-0.1651051193475723,0.9710294604301452,-0.1870191395282745,0.1487477570772171,0.2037380039691925,0.1915566772222518,0.2370712757110595,-0.9524198174476624,0.8283536434173584,0,0,0,1
15.766666666666667,0.6039860297974702,0.30391305662270857,0.7367752234051653,0.22288419154825662,-0.7558256312580918,0.5116895432463179,0.4085357101474498,0.1395521163940429,-0.2528408411289526,-0.8036234599279791,0.5387586135836595,0.8338801860809326,0.0,0.0,0.0,1.0,0.1428568959236145,0.9533211588859558,0.2660278975963592,-0.1651051193475723,0.9710294604301452,-0.1870191395282745,0.1487477570772171,0.2037380039691925,0.1915566772222518,0.2370712757110595,-0.9524198174476624,0.8283536434173584,0,0,0,1
15.8,0.6039860297974702,0.30391305662270857,0.7367752234051653,0.2238794296434947,-0.7558256312580918,0.5116895432463179,0.4085357101474498,0.1395521163940429,-0.2528408411289526,-0.8036234599279791,0.5387586135836595,0.8338801860809326,0.0,0.0,0.0,1.0,0.1428568959236145,0.9533211588859558,0.2660278975963592,-0.1651051193475723,0.9710294604301452,-0.1870191395282745,0.1487477570772171,0.2037380039691925,0.1915566772222518,0.2370712757110595,-0.9524198174476624,0.8283536434173584,0,0,0,1
15.833333333333334,0.6039860297974702,0.30391305662270857,0.7367752234051653,0.2248746677387328,-0.7558256312580918,0.5116895432463179,0.4085357101474498,0.1395521163940429,-0.2528408411289526,-0.8036234599279791,0.5387586135836595,0.8338801860809326,0.0,0.0,0.0,1.0,0.1428568959236145,0.9533211588859558,0.2660278975963592,-0.1651051193475723,0.9710294604301452,-0.1870191395282745,0.1487477570772171,0.2037380039691925,0.1915566772222518,0.2370712757110595,-0.9524198174476624,0.8283536434173584,0,0,0,1
15.866666666666667,0.6039860297974702,0.30391305662270857,0.7367752234051653,0.22586990583397087,-0.7558256312580918,0.5116895432463179,0.4085357101474498,0.1395521163940429,-0.2528408411289526,-0.8036234599279791,0.5387586135836595,0.8338801860809326,0.0,0.0,0.0,1.0,0.1428568959236145,0.9533211588859558,0.2660278975963592,-0.1651051193475723,0.9710294604301452,-0.1870191395282745,0.1487477570772171,0.2037380039691925,0.1915566772222518,0.2370712757110595,-0.9524198174476624,0.8283536434173584,0,0,0,1
15.9,0.6039860297974702,0.30391305662270857,0.7367752234051653,0.22686514392920898,-0.7558256312580918,0.5116895432463179,0.4085357101474498,0.1395521163940429,-0.2528408411289526,-0.8036234599279791,0.5387586135836595,0.8338801860809326,0.0,0.0,0.0,1.0,0.1428568959236145,0.9533211588859558,0.2660278975963592,-0.1651051193475723,0.9710294604301452,-0.1870191395282745,0.1487477570772171,0.2037380039691925,0.1915566772222518,0.2370712757110595,-0.9524198174476624,0.8283536434173584,0,0,0,1
15.933333333333334,0.6039860297974702,0.30391305662270857,0.7367752234051653,0.22786038202444708,-0.7558256312580918,0.5116895432463179,0.4085357101474498,0.1395521163940429,-0.2528408411289526,-0.8036234599279791,0.5387586135836595,0.8338801860809326,0.0,0.0,0.0,1.0,0.1428568959236145,0.9533211588859558,0.2660278975963592,-0.1651051193475723,0.9710294604301452,-0.1870191395282745,0.1487477570772171,0.2037380039691925,0.1915566772222518,0.2370712757110595,-0.9524198174476624,0.8283536434173584,0,0,0,1
15.966666666666667,0.6039860297974702,0.30391305662270857,0.7367752234051653,0.22885562011968516,-0.7558256312580918,0.5116895432463179,0.4085357101474498,0.1395521163940429,-0.2528408411289526,-0.8036234599279791,0.5387586135836595,0.8338801860809326,0.0,0.0,0.0,1.0,0.1428568959236145,0.9533211588859558,0.2660278975963592,-0.1651051193475723,0.9710294604301452,-0.1870191395282745,0.1487477570772171,0.2037380039691925,0.1915566772222518,0.2370712757110595,-0.9524198174476624,0.8283536434173584,0,0,0,1
16.0,0.6039860297974702,0.30391305662270857,0.7367752234051653,0.22985085821492326,-0.7558256312580918,0.5116895432463179,0.4085357101474498,0.1395521163940429,-0.2528408411289526,-0.8036234599279791,0.5387586135836595,0.8338801860809326,0.0,0.0,0.0,1.0,0.1428568959236145,0.9533211588859558,0.2660278975963592,-0.1651051193475723,0.9710294604301452,-0.1870191395282745,0.1487477570772171,0.2037380039691925,0.1915566772222518,0.2370712757110595,-0.9524198174476624,0.8283536434173584,0,0,0,1
16.033333333333335,0.6039860297974702,0.30391305662270857,0.7367752234051653,0.23084609631016137,-0.7558256312580918,0.5116895432463179,0.4085357101474498,0.1395521163940429,-0.2528408411289526,-0.8036234599279791,0.5387586135836595,0.8338801860809326,0.0,0.0,0.0,1.0,0.1428568959236145,0.9533211588859558,0.2660278975963592,-0.1651051193475723,0.9710294604301452,-0.1870191395282745,0.1487477570772171,0.2037380039691925,0.1915566772222518,0.2370712757110595,-0.9524198174476624,0.8283536434173584,0,0,0,1
16.066666666666666,0.6039860297974702,0.30391305662270857,0.7367752234051653,0.23184133440539945,-0.7558256312580918,0.5116895432463179,0.4085357101474498,0.1395521163940429,-0.2528408411289526,-0.8036234599279791,0.5387586135836595,0.8338801860809326,0.0,0.0,0.0,1.0,0.1428568959236145,0.9533211588859558,0.2660278975963592,-0.1651051193475723,0.9710294604301452,-0.1870191395282745,0.1487477570772171,0.2037380039691925,0.1915566772222518,0.2370712757110595,-0.9524198174476624,0.8283536434173584,0,0,0,1
16.1,0.6039860297974702,0.30391305662270857,0.7367752234051653,0.23283657250063755,-0.7558256312580918,0.5116895432463179,0.4085357101474498,0.1395521163940429,-0.2528408411289526,-0.8036234599279791,0.5387586135836595,0.8338801860809326,0.0,0.0,0.0,1.0,0.1428568959236145,0.9533211588859558,0.2660278975963592,-0.1651051193475723,0.9710294604301452,-0.1870191395282745,0.1487477570772171,0.2037380039691925,0.1915566772222518,0.2370712757110595,-0.9524198174476624,0.8283536434173584,0,0,0,1
16.133333333333333,0.6039860297974702,0.30391305662270857,0.7367752234051653,0.23383181059587566,-0.7558256312580918,0.5116895432463179,0.4085357101474498,0.1395521163940429,-0.2528408411289526,-0.8036234599279791,0.5387586135836595,0.8338801860809326,0.0,0.0,0.0,1.0,0.1428568959236145,0.9533211588859558,0.2660278975963592,-0.1651051193475723,0.9710294604301452,-0.1870191395282745,0.1487477570772171,0.2037380039691925,0.1915566772222518,0.2370712757110595,-0.9524198174476624,0.8283536434173584,0,0,0,1
16.166666666666668,0.6039860297974702,0.30391305662270857,0.7367752234051653,0.23482704869111373,-0.7558256312580918,0.5116895432463179,0.4085357101474498,0.1395521163940429,-0.2528408411289526,-0.8036234599279791,0.5387586135836595,0.8338801860809326,0.0,0.0,0.0,1.0,0.1428568959236145,0.9533211588859558,0.2660278975963592,-0.1651051193475723,0.9710294604301452,-0.1870191395282745,0.1487477570772171,0.2037380039691925,0.1915566772222518,0.2370712757110595,-0.9524198174476624,0.8283536434173584,0,0,0,1
16.2,0.6039860297974702,0.30391305662270857,0.7367752234051653,0.23582228678635184,-0.7558256312580918,0.5116895432463179,0.4085357101474498,0.1395521163940429,-0.2528408411289526,-0.8036234599279791,0.5387586135836595,0.8338801860809326,0.0,0.0,0.0,1.0,0.1428568959236145,0.9533211588859558,0.2660278975963592,-0.1651051193475723,0.9710294604301452,-0.1870191395282745,0.1487477570772171,0.2037380039691925,0.1915566772222518,0.2370712757110595,-0.9524198174476624,0.8283536434173584,0,0,0,1
16.233333333333334,0.6039860297974702,0.30391305662270857,0.7367752234051653,0.23681752488158994,-0.7558256312580918,0.5116895432463179,0.4085357101474498,0.1395521163940429,-0.2528408411289526,-0.8036234599279791,0.5387586135836595,0.8338801860809326,0.0,0.0,0.0,1.0,0.1428568959236145,0.9533211588859558,0.2660278975963592,-0.1651051193475723,0.9710294604301452,-0.1870191395282745,0.1487477570772171,0.2037380039691925,0.1915566772222518,0.2370712757110595,-0.9524198174476624,0.8283536434173584,0,0,0,1
16.266666666666666,0.6039860297974702,0.30391305662270857,0.7367752234051653,0.23781276297682805,-0.7558256312580918,0.5116895432463179,0.4085357101474498,0.1395521163940429,-0.2528408411289526,-0.8036234599279791,0.5387586135836595,0.8338801860809326,0.0,0.0,0.0,1.0,0.1428568959236145,0.9533211588859558,0.2660278975963592,-0.1651051193475723,0.9710294604301452,-0.1870191395282745,0.1487477570772171,0.2037380039691925,0.1915566772222518,0.2370712757110595,-0.9524198174476624,0.8283536434173584,0,0,0,1
16.3,0.6039860297974702,0.30391305662270857,0.7367752234051653,0.23880800107206612,-0.7558256312580918,0.5116895432463179,0.4085357101474498,0.1395521163940429,-0.2528408411289526,-0.8036234599279791,0.5387586135836595,0.8338801860809326,0.0,0.0,0.0,1.0,0.1428568959236145,0.9533211588859558,0.2660278975963592,-0.1651051193475723,0.9710294604301452,-0.1870191395282745,0.1487477570772171,0.2037380039691925,0.1915566772222518,0.2370712757110595,-0.9524198174476624,0.8283536434173584,0,0,0,1
16.333333333333332,0.6039860297974702,0.30391305662270857,0.7367752234051653,0.23980323916730423,-0.7558256312580918,0.5116895432463179,0.4085357101474498,0.1395521163940429,-0.2528408411289526,-0.8036234599279791,0.5387586135836595,0.8338801860809326,0.0,0.0,0.0,1.0,0.1428568959236145,0.9533211588859558,0.2660278975963592,-0.1651051193475723,0.9710294604301452,-0.1870191395282745,0.1487477570772171,0.2037380039691925,0.1915566772222518,0.2370712757110595,-0.9524198174476624,0.8283536434173584,0,0,0,1
16.366666666666667,0.6039860297974702,0.30391305662270857,0.7367752234051653,0.24079847726254233,-0.7558256312580918,0.5116895432463179,0.4085357101474498,0.1395521163940429,-0.2528408411289526,-0.8036234599279791,0.5387586135836595,0.8338801860809326,0.0,0.0,0.0,1.0,0.1428568959236145,0.9533211588859558,0.2660278975963592,-0.1651051193475723,0.9710294604301452,-0.1870191395282745,0.1487477570772171,0.2037380039691925,0.1915566772222518,0.2370712757110595,-0.9524198174476624,0.8283536434173584,0,0,0,1
16.4,0.6039860297974702,0.30391305662270857,0.7367752234051653,0.24179371535778044,-0.7558256312580918,0.5116895432463179,0.4085357101474498,0.1395521163940429,-0.2528408411289526,-0.8036234599279791,0.5387586135836595,0.8338801860809326,0.0,0.0,0.0,1.0,0.1428568959236145,0.9533211588859558,0.2660278975963592,-0.1651051193475723,0.9710294604301452,-0.1870191395282745,0.1487477570772171,0.2037380039691925,0.1915566772222518,0.2370712757110595,-0.9524198174476624,0.8283536434173584,0,0,0,1
16.433333333333334,0.6039860297974702,0.30391305662270857,0.7367752234051653,0.2427889534530185,-0.7558256312580918,0.5116895432463179,0.4085357101474498,0.1395521163940429,-0.2528408411289526,-0.8036234599279791,0.5387586135836595,0.8338801860809326,0.0,0.0,0.0,1.0,0.1428568959236145,0.9533211588859558,0.2660278975963592,-0.1651051193475723,0.9710294604301452,-0.1870191395282745,0.1487477570772171,0.2037380039691925,0.1915566772222518,0.2370712757110595,-0.9524198174476624,0.8283536434173584,0,0,0,1
16.466666666666665,0.6039860297974702,0.30391305662270857,0.7367752234051653,0.2437841915482566,-0.7558256312580918,0.5116895432463179,0.4085357101474498,0.1395521163940429,-0.2528408411289526,-0.8036234599279791,0.5387586135836595,0.8338801860809326,0.0,0.0,0.0,1.0,0.1428568959236145,0.9533211588859558,0.2660278975963592,-0.1651051193475723,0.9710294604301452,-0.1870191395282745,0.1487477570772171,0.2037380039691925,0.1915566772222518,0.2370712757110595,-0.9524198174476624,0.8283536434173584,0,0,0,1
16.5,0.6039860297974702,0.30391305662270857,0.7367752234051653,0.2447794296434947,-0.7558256312580918,0.5116895432463179,0.4085357101474498,0.1395521163940429,-0.2528408411289526,-0.8036234599279791,0.5387586135836595,0.8338801860809326,0.0,0.0,0.0,1.0,0.1428568959236145,0.9533211588859558,0.2660278975963592,-0.1651051193475723,0.9710294604301452,-0.1870191395282745,0.1487477570772171,0.2037380039691925,0.1915566772222518,0.2370712757110595,-0.9524198174476624,0.8283536434173584,0,0,0,1
16.533333333333335,0.6039860297974702,0.30391305662270857,0.7367752234051653,0.2457746677387328,-0.7558256312580918,0.5116895432463179,0.4085357101474498,0.1395521163940429,-0.2528408411289526,-0.8036234599279791,0.5387586135836595,0.8338801860809326,0.0,0.0,0.0,1.0,0.1428568959236145,0.9533211588859558,0.2660278975963592,-0.1651051193475723,0.9710294604301452,-0.1870191395282745,0.1487477570772171,0.2037380039691925,0.1915566772222518,0.2370712757110595,-0.9524198174476624,0.8283536434173584,0,0,0,1
16.566666666666666,0.6039860297974702,0.30391305662270857,0.7367752234051653,0.2467699058339709,-0.7558256312580918,0.5116895432463179,0.4085357101474498,0.1395521163940429,-0.2528408411289526,-0.8036234599279791,0.5387586135836595,0.8338801860809326,0.0,0.0,0.0,1.0,0.1428568959236145,0.9533211588859558,0.2660278975963592,-0.1651051193475723,0.9710294604301452,-0.1870191395282745,0.1487477570772171,0.2037380039691925,0.1915566772222518,0.2370712757110595,-0.9524198174476624,0.8283536434173584,0,0,0,1
16.6,0.6039860297974702,0.30391305662270857,0.7367752234051653,0.24776514392920898,-0.7558256312580918,0.5116895432463179,0.4085357101474498,0.1395521163940429,-0.2528408411289526,-0.8036234599279791,0.5387586135836595,0.8338801860809326,0.0,0.0,0.0,1.0,0.1428568959236145,0.9533211588859558,0.2660278975963592,-0.1651051193475723,0.9710294604301452,-0.1870191395282745,0.1487477570772171,0.2037380039691925,0.1915566772222518,0.2370712757110595,-0.9524198174476624,0.8283536434173584,0,0,0,1
16.633333333333333,0.6039860297974702,0.30391305662270857,0.7367752234051653,0.24876038202444706,-0.7558256312580918,0.5116895432463179,0.4085357101474498,0.1395521163940429,-0.2528408411289526,-0.8036234599279791,0.5387586135836595,0.8338801860809326,0.0,0.0,0.0,1.0,0.1428568959236145,0.9533211588859558,0.2660278975963592,-0.1651051193475723,0.9710294604301452,-0.1870191395282745,0.1487477570772171,0.2037380039691925,0.1915566772222518,0.2370712757110595,-0.9524198174476624,0.8283536434173584,0,0,0,1
16.666666666666668,0.6039860297974702,0.30391305662270857,0.7367752234051653,0.2497556201196852,-0.7558256312580918,0.5116895432463179,0.4085357101474498,0.1395521163940429,-0.2528408411289526,-0.8036234599279791,0.5387586135836595,0.8338801860809326,0.0,0.0,0.0,1.0,0.1428568959236145,0.9533211588859558,0.2660278975963592,-0.1651051193475723,0.9710294604301452,-0.1870191395282745,0.1487477570772171,0.2037380039691925,0.1915566772222518,0.2370712757110595,-0.9524198174476624,0.8283536434173584,0,0,0,1
16.7,0.6039860297974702,0.30391305662270857,0.7367752234051653,0.25075085821492327,-0.7558256312580918,0.5116895432463179,0.4085357101474498,0.1395521163940429,-0.2528408411289526,-0.8036234599279791,0.5387586135836595,0.8338801860809326,0.0,0.0,0.0,1.0,0.1428568959236145,0.9533211588859558,0.2660278975963592,-0.1651051193475723,0.9710294604301452,-0.1870191395282745,0.1487477570772171,0.2037380039691925,0.1915566772222518,0.2370712757110595,-0.9524198174476624,0.8283536434173584,0,0,0,1
16.733333333333334,0.6039860297974702,0.30391305662270857,0.7367752234051653,0.25174609631016137,-0.7558256312580918,0.5116895432463179,0.4085357101474498,0.1395521163940429,-0.2528408411289526,-0.8036234599279791,0.5387586135836595,0.8338801860809326,0.0,0.0,0.0,1.0,0.1428568959236145,0.9533211588859558,0.2660278975963592,-0.1651051193475723,0.9710294604301452,-0.1870191395282745,0.1487477570772171,0.2037380039691925,0.1915566772222518,0.2370712757110595,-0.9524198174476624,0.8283536434173584,0,0,0,1
16.766666666666666,0.6039860297974702,0.30391305662270857,0.7367752234051653,0.2527413344053995,-0.7558256312580918,0.5116895432463179,0.4085357101474498,0.1395521163940429,-0.2528408411289526,-0.8036234599279791,0.5387586135836595,0.8338801860809326,0.0,0.0,0.0,1.0,0.1428568959236145,0.9533211588859558,0.2660278975963592,-0.1651051193475723,0.9710294604301452,-0.1870191395282745,0.1487477570772171,0.2037380039691925,0.1915566772222518,0.2370712757110595,-0.9524198174476624,0.8283536434173584,0,0,0,1
16.8,0.6039860297974702,0.30391305662270857,0.7367752234051653,0.2537365725006376,-0.7558256312580918,0.5116895432463179,0.4085357101474498,0.1395521163940429,-0.2528408411289526,-0.8036234599279791,0.5387586135836595,0.8338801860809326,0.0,0.0,0.0,1.0,0.1428568959236145,0.9533211588859558,0.2660278975963592,-0.1651051193475723,0.9710294604301452,-0.1870191395282745,0.1487477570772171,0.2037380039691925,0.1915566772222518,0.2370712757110595,-0.9524198174476624,0.8283536434173584,0,0,0,1
16.833333333333332,0.6039860297974702,0.30391305662270857,0.7367752234051653,0.2547318105958757,-0.7558256312580918,0.5116895432463179,0.4085357101474498,0.1395521163940429,-0.2528408411289526,-0.8036234599279791,0.5387586135836595,0.8338801860809326,0.0,0.0,0.0,1.0,0.1428568959236145,0.9533211588859558,0.2660278975963592,-0.1651051193475723,0.9710294604301452,-0.1870191395282745,0.1487477570772171,0.2037380039691925,0.1915566772222518,0.2370712757110595,-0.9524198174476624,0.8283536434173584,0,0,0,1
16.866666666666667,0.6039860297974702,0.30391305662270857,0.7367752234051653,0.25572704869111373,-0.7558256312580918,0.5116895432463179,0.4085357101474498,0.1395521163940429,-0.2528408411289526,-0.8036234599279791,0.5387586135836595,0.8338801860809326,0.0,0.0,0.0,1.0,0.1428568959236145,0.9533211588859558,0.2660278975963592,-0.1651051193475723,0.9710294604301452,-0.1870191395282745,0.1487477570772171,0.2037380039691925,0.1915566772222518,0.2370712757110595,-0.9524198174476624,0.8283536434173584,0,0,0,1
16.9,0.6039860297974702,0.30391305662270857,0.7367752234051653,0.25672228678635184,-0.7558256312580918,0.5116895432463179,0.4085357101474498,0.1395521163940429,-0.2528408411289526,-0.8036234599279791,0.5387586135836595,0.8338801860809326,0.0,0.0,0.0,1.0,0.1428568959236145,0.9533211588859558,0.2660278975963592,-0.1651051193475723,0.9710294604301452,-0.1870191395282745,0.1487477570772171,0.2037380039691925,0.1915566772222518,0.2370712757110595,-0.9524198174476624,0.8283536434173584,0,0,0,1
16.933333333333334,0.6039860297974702,0.30391305662270857,0.7367752234051653,0.25771752488158994,-0.7558256312580918,0.5116895432463179,0.4085357101474498,0.1395521163940429,-0.2528408411289526,-0.8036234599279791,0.5387586135836595,0.8338801860809326,0.0,0.0,0.0,1.0,0.1428568959236145,0.9533211588859558,0.2660278975963592,-0.1651051193475723,0.9710294604301452,-0.1870191395282745,0.1487477570772171,0.2037380039691925,0.1915566772222518,0.2370712757110595,-0.9524198174476624,0.8283536434173584,0,0,0,1
16.966666666666665,0.6039860297974702,0.30391305662270857,0.7367752234051653,0.25871276297682805,-0.7558256312580918,0.5116895432463179,0.4085357101474498,0.1395521163940429,-0.2528408411289526,-0.8036234599279791,0.5387586135836595,0.8338801860809326,0.0,0.0,0.0,1.0,0.1428568959236145,0.9533211588859558,0.2660278975963592,-0.1651051193475723,0.9710294604301452,-0.1870191395282745,0.1487477570772171,0.2037380039691925,0.1915566772222518,0.2370712757110595,-0.9524198174476624,0.8283536434173584,0,0,0,1
17.0,0.6039860297974702,0.30391305662270857,0.7367752234051653,0.25970800107206615,-0.7558256312580918,0.5116895432463179,0.4085357101474498,0.1395521163940429,-0.2528408411289526,-0.8036234599279791,0.5387586135836595,0.8338801860809326,0.0,0.0,0.0,1.0,0.1428568959236145,0.9533211588859558,0.2660278975963592,-0.1651051193475723,0.9710294604301452,-0.1870191395282745,0.1487477570772171,0.2037380039691925,0.1915566772222518,0.2370712757110595,-0.9524198174476624,0.8283536434173584,0,0,0,1
17.033333333333335,0.6039860297974702,0.30391305662270857,0.7367752234051653,0.2607032391673042,-0.7558256312580918,0.5116895432463179,0.4085357101474498,0.1395521163940429,-0.2528408411289526,-0.8036234599279791,0.5387586135836595,0.8338801860809326,0.0,0.0,0.0,1.0,0.1428568959236145,0.9533211588859558,0.2660278975963592,-0.1651051193475723,0.9710294604301452,-0.1870191395282745,0.1487477570772171,0.2037380039691925,0.1915566772222518,0.2370712757110595,-0.9524198174476624,0.8283536434173584,0,0,0,1
17.066666666666666,0.6039860297974702,0.30391305662270857,0.7367752234051653,0.26169847726254236,-0.7558256312580918,0.5116895432463179,0.4085357101474498,0.1395521163940429,-0.2528408411289526,-0.8036234599279791,0.5387586135836595,0.8338801860809326,0.0,0.0,0.0,1.0,0.1428568959236145,0.9533211588859558,0.2660278975963592,-0.1651051193475723,0.9710294604301452,-0.1870191395282745,0.1487477570772171,0.2037380039691925,0.1915566772222518,0.2370712757110595,-0.9524198174476624,0.8283536434173584,0,0,0,1
17.1,0.6039860297974702,0.30391305662270857,0.7367752234051653,0.2626937153577804,-0.7558256312580918,0.5116895432463179,0.4085357101474498,0.1395521163940429,-0.2528408411289526,-0.8036234599279791,0.5387586135836595,0.8338801860809326,0.0,0.0,0.0,1.0,0.1428568959236145,0.9533211588859558,0.2660278975963592,-0.1651051193475723,0.9710294604301452,-0.1870191395282745,0.1487477570772171,0.2037380039691925,0.1915566772222518,0.2370712757110595,-0.9524198174476624,0.8283536434173584,0,0,0,1
17.133333333333333,0.6039860297974702,0.30391305662270857,0.7367752234051653,0.2636889534530185,-0.7558256312580918,0.5116895432463179,0.4085357101474498,0.1395521163940429,-0.2528408411289526,-0.8036234599279791,0.5387586135836595,0.8338801860809326,0.0,0.0,0.0,1.0,0.1428568959236145,0.9533211588859558,0.2660278975963592,-0.1651051193475723,0.9710294604301452,-0.1870191395282745,0.1487477570772171,0.2037380039691925,0.1915566772222518,0.2370712757110595,-0.9524198174476624,0.8283536434173584,0,0,0,1
17.166666666666668,0.6039860297974702,0.30391305662270857,0.7367752234051653,0.2646841915482566,-0.7558256312580918,0.5116895432463179,0.4085357101474498,0.1395521163940429,-0.2528408411289526,-0.8036234599279791,0.5387586135836595,0.8338801860809326,0.0,0.0,0.0,1.0,0.1428568959236145,0.9533211588859558,0.2660278975963592,-0.1651051193475723,0.9710294604301452,-0.1870191395282745,0.1487477570772171,0.2037380039691925,0.1915566772222518,0.2370712757110595,-0.9524198174476624,0.8283536434173584,0,0,0,1
17.2,0.6039860297974702,0.30391305662270857,0.7367752234051653,0.26567942964349467,-0.7558256312580918,0.5116895432463179,0.4085357101474498,0.1395521163940429,-0.2528408411289526,-0.8036234599279791,0.5387586135836595,0.8338801860809326,0.0,0.0,0.0,1.0,0.1428568959236145,0.9533211588859558,0.2660278975963592,-0.1651051193475723,0.9710294604301452,-0.1870191395282745,0.1487477570772171,0.2037380039691925,0.1915566772222518,0.2370712757110595,-0.9524198174476624,0.8283536434173584,0,0,0,1
17.233333333333334,0.6039860297974702,0.30391305662270857,0.7367752234051653,0.26667466773873283,-0.7558256312580918,0.5116895432463179,0.4085357101474498,0.1395521163940429,-0.2528408411289526,-0.8036234599279791,0.5387586135836595,0.8338801860809326,0.0,0.0,0.0,1.0,0.1428568959236145,0.9533211588859558,0.2660278975963592,-0.1651051193475723,0.9710294604301452,-0.1870191395282745,0.1487477570772171,0.2037380039691925,0.1915566772222518,0.2370712757110595,-0.9524198174476624,0.8283536434173584,0,0,0,1
17.266666666666666,0.6039860297974702,0.30391305662270857,0.7367752234051653,0.2676699058339709,-0.7558256312580918,0.5116895432463179,0.4085357101474498,0.1395521163940429,-0.2528408411289526,-0.8036234599279791,0.5387586135836595,0.8338801860809326,0.0,0.0,0.0,1.0,0.1428568959236145,0.9533211588859558,0.2660278975963592,-0.1651051193475723,0.9710294604301452,-0.1870191395282745,0.1487477570772171,0.2037380039691925,0.1915566772222518,0.2370712757110595,-0.9524198174476624,0.8283536434173584,0,0,0,1
17.3,0.6039860297974702,0.30391305662270857,0.7367752234051653,0.268665143929209,-0.7558256312580918,0.5116895432463179,0.4085357101474498,0.1395521163940429,-0.2528408411289526,-0.8036234599279791,0.5387586135836595,0.8338801860809326,0.0,0.0,0.0,1.0,0.1428568959236145,0.9533211588859558,0.2660278975963592,-0.1651051193475723,0.9710294604301452,-0.1870191395282745,0.1487477570772171,0.2037380039691925,0.1915566772222518,0.2370712757110595,-0.9524198174476624,0.8283536434173584,0,0,0,1
17.333333333333332,0.6039860297974702,0.30391305662270857,0.7367752234051653,0.2696603820244471,-0.7558256312580918,0.5116895432463179,0.4085357101474498,0.1395521163940429,-0.2528408411289526,-0.8036234599279791,0.5387586135836595,0.8338801860809326,0.0,0.0,0.0,1.0,0.1428568959236145,0.9533211588859558,0.2660278975963592,-0.1651051193475723,0.9710294604301452,-0.1870191395282745,0.1487477570772171,0.2037380039691925,0.1915566772222518,0.2370712757110595,-0.9524198174476624,0.8283536434173584,0,0,0,1
17.366666666666667,0.6039860297974702,0.30391305662270857,0.7367752234051653,0.2706556201196852,-0.7558256312580918,0.5116895432463179,0.4085357101474498,0.1395521163940429,-0.2528408411289526,-0.8036234599279791,0.5387586135836595,0.8338801860809326,0.0,0.0,0.0,1.0,0.1428568959236145,0.9533211588859558,0.2660278975963592,-0.1651051193475723,0.9710294604301452,-0.1870191395282745,0.1487477570772171,0.2037380039691925,0.1915566772222518,0.2370712757110595,-0.9524198174476624,0.8283536434173584,0,0,0,1
17.4,0.6039860297974702,0.30391305662270857,0.7367752234051653,0.2716508582149233,-0.7558256312580918,0.5116895432463179,0.4085357101474498,0.1395521163940429,-0.2528408411289526,-0.8036234599279791,0.5387586135836595,0.8338801860809326,0.0,0.0,0.0,1.0,0.1428568959236145,0.9533211588859558,0.2660278975963592,-0.1651051193475723,0.9710294604301452,-0.1870191395282745,0.1487477570772171,0.2037380039691925,0.1915566772222518,0.2370712757110595,-0.9524198174476624,0.8283536434173584,0,0,0,1
17.433333333333334,0.6039860297974702,0.30391305662270857,0.7367752234051653,0.27264609631016135,-0.7558256312580918,0.5116895432463179,0.4085357101474498,0.1395521163940429,-0.2528408411289526,-0.8036234599279791,0.5387586135836595,0.8338801860809326,0.0,0.0,0.0,1.0,0.1428568959236145,0.9533211588859558,0.2660278975963592,-0.1651051193475723,0.9710294604301452,-0.1870191395282745,0.1487477570772171,0.2037380039691925,0.1915566772222518,0.2370712757110595,-0.9524198174476624,0.8283536434173584,0,0,0,1
17.466666666666665,0.6039860297974702,0.30391305662270857,0.7367752234051653,0.27364133440539945,-0.7558256312580918,0.5116895432463179,0.4085357101474498,0.1395521163940429,-0.2528408411289526,-0.8036234599279791,0.5387586135836595,0.8338801860809326,0.0,0.0,0.0,1.0,0.1428568959236145,0.9533211588859558,0.2660278975963592,-0.1651051193475723,0.9710294604301452,-0.1870191395282745,0.1487477570772171,0.2037380039691925,0.1915566772222518,0.2370712757110595,-0.9524198174476624,0.8283536434173584,0,0,0,1
17.5,0.6039860297974702,0.30391305662270857,0.7367752234051653,0.27463657250063755,-0.7558256312580918,0.5116895432463179,0.4085357101474498,0.1395521163940429,-0.2528408411289526,-0.8036234599279791,0.5387586135836595,0.8338801860809326,0.0,0.0,0.0,1.0,0.1428568959236145,0.9533211588859558,0.2660278975963592,-0.1651051193475723,0.9710294604301452,-0.1870191395282745,0.1487477570772171,0.2037380039691925,0.1915566772222518,0.2370712757110595,-0.9524198174476624,0.8283536434173584,0,0,0,1
17.533333333333335,0.6039860297974702,0.30391305662270857,0.7367752234051653,0.27563181059587566,-0.7558256312580918,0.5116895432463179,0.4085357101474498,0.1395521163940429,-0.2528408411289526,-0.8036234599279791,0.5387586135836595,0.8338801860809326,0.0,0.0,0.0,1.0,0.1428568959236145,0.9533211588859558,0.2660278975963592,-0.1651051193475723,0.9710294604301452,-0.1870191395282745,0.1487477570772171,0.2037380039691925,0.1915566772222518,0.2370712757110595,-0.9524198174476624,0.8283536434173584,0,0,0,1
17.566666666666666,0.6039860297974702,0.30391305662270857,0.7367752234051653,0.27662704869111376,-0.7558256312580918,0.5116895432463179,0.4085357101474498,0.1395521163940429,-0.2528408411289526,-0.8036234599279791,0.5387586135836595,0.8338801860809326,0.0,0.0,0.0,1.0,0.1428568959236145,0.9533211588859558,0.2660278975963592,-0.1651051193475723,0.9710294604301452,-0.1870191395282745,0.1487477570772171,0.2037380039691925,0.1915566772222518,0.2370712757110595,-0.9524198174476624,0.8283536434173584,0,0,0,1
17.6,0.6039860297974702,0.30391305662270857,0.7367752234051653,0.2776222867863518,-0.7558256312580918,0.5116895432463179,0.4085357101474498,0.1395521163940429,-0.2528408411289526,-0.8036234599279791,0.5387586135836595,0.8338801860809326,0.0,0.0,0.0,1.0,0.1428568959236145,0.9533211588859558,0.2660278975963592,-0.1651051193475723,0.9710294604301452,-0.1870191395282745,0.1487477570772171,0.2037380039691925,0.1915566772222518,0.2370712757110595,-0.9524198174476624,0.8283536434173584,0,0,0,1
17.633333333333333,0.6039860297974702,0.30391305662270857,0.7367752234051653,0.2786175248815899,-0.7558256312580918,0.5116895432463179,0.4085357101474498,0.1395521163940429,-0.2528408411289526,-0.8036234599279791,0.5387586135836595,0.8338801860809326,0.0,0.0,0.0,1.0,0.1428568959236145,0.9533211588859558,0.2660278975963592,-0.1651051193475723,0.9710294604301452,-0.1870191395282745,0.1487477570772171,0.2037380039691925,0.1915566772222518,0.2370712757110595,-0.9524198174476624,0.8283536434173584,0,0,0,1
17.666666666666668,0.6039860297974702,0.30391305662270857,0.7367752234051653,0.279612762976828,-0.7558256312580918,0.5116895432463179,0.4085357101474498,0.1395521163940429,-0.2528408411289526,-0.8036234599279791,0.5387586135836595,0.8338801860809326,0.0,0.0,0.0,1.0,0.1428568959236145,0.9533211588859558,0.2660278975963592,-0.1651051193475723,0.9710294604301452,-0.1870191395282745,0.1487477570772171,0.2037380039691925,0.1915566772222518,0.2370712757110595,-0.9524198174476624,0.8283536434173584,0,0,0,1
17.7,0.6039860297974702,0.30391305662270857,0.7367752234051653,0.280555591775014,-0.7558256312580918,0.5116895432463179,0.4085357101474498,0.1395521163940429,-0.2528408411289526,-0.8036234599279791,0.5387586135836595,0.8338801860809326,0.0,0.0,0.0,1.0,0.1428568959236145,0.9533211588859558,0.2660278975963592,-0.1651051193475723,0.9710294604301452,-0.1870191395282745,0.1487477570772171,0.2037380039691925,0.1915566772222518,0.2370712757110595,-0.9524198174476624,0.8283536434173584,0,0,0,1
17.733333333333334,0.6039860297974702,0.30391305662270857,0.7367752234051653,0.2812434382098842,-0.7558256312580918,0.5116895432463179,0.4085357101474498,0.1395521163940429,-0.2528408411289526,-0.8036234599279791,0.5387586135836595,0.8338801860809326,0.0,0.0,0.0,1.0,0.1428568959236145,0.9533211588859558,0.2660278975963592,-0.1651051193475723,0.9710294604301452,-0.1870191395282745,0.1487477570772171,0.2037380039691925,0.1915566772222518,0.2370712757110595,-0.9524198174476624,0.8283536434173584,0,0,0,1
17.766666666666666,0.6039860297974702,0.30391305662270857,0.7367752234051653,0.28165614607080636,-0.7558256312580918,0.5116895432463179,0.4085357101474498,0.1395521163940429,-0.2528408411289526,-0.8036234599279791,0.5387586135836595,0.8338801860809326,0.0,0.0,0.0,1.0,0.1428568959236145,0.9533211588859558,0.2660278975963592,-0.1651051193475723,0.9710294604301452,-0.1870191395282745,0.1487477570772171,0.2037380039691925,0.1915566772222518,0.2370712757110595,-0.9524198174476624,0.8283536434173584,0,0,0,1
17.8,0.6039860297974702,0.30391305662270857,0.7367752234051653,0.2817937153577804,-0.7558256312580918,0.5116895432463179,0.4085357101474498,0.1395521163940429,-0.2528408411289526,-0.8036234599279791,0.5387586135836595,0.8338801860809326,0.0,0.0,0.0,1.0,0.1428568959236145,0.9533211588859558,0.2660278975963592,-0.1651051193475723,0.9710294604301452,-0.1870191395282745,0.1487477570772171,0.2037380039691925,0.1915566772222518,0.2370712757110595,-0.9524198174476624,0.8283536434173584,0,0,0,1
17.833333333333332,0.6039860297974702,0.30391305662270857,0.7367752234051653,0.2817935955017806,-0.7558256312580918,0.5116895432463179,0.4085357101474498,0.1395521163940429,-0.2528408411289526,-0.8036234599279791,0.5387586135836595,0.8340186669301372,0.0,0.0,0.0,1.0,0.1428568959236145,0.9533211588859558,0.2660278975963592,-0.1651051193475723,0.9710294604301452,-0.1870191395282745,0.1487477570772171,0.2037380039691925,0.1915566772222518,0.2370712757110595,-0.9524198174476624,0.8283536434173584,0,0,0,1
17.866666666666667,0.6039860297974702,0.30391305662270857,0.7367752234051653,0.28179179766896695,-0.7558256312580918,0.5116895432463179,0.4085357101474498,0.1395521163940429,-0.2528408411289526,-0.8036234599279791,0.5387586135836595,0.834434105328318,0.0,0.0,0.0,1.0,0.1428568959236145,0.9533211588859558,0.2660278975963592,-0.1651051193475723,0.9710294604301452,-0.1870191395282745,0.1487477570772171,0.2037380039691925,0.1915566772222518,0.2370712757110595,-0.9524198174476624,0.8283536434173584,0,0,0,1
17.9,0.6039860297974702,0.30391305662270857,0.7367752234051653,0.28178400721573194,-0.7558256312580918,0.5116895432463179,0.4085357101474498,0.1395521163940429,-0.2528408411289526,-0.8036234599279791,0.5387586135836595,0.8351264639310657,0.0,0.0,0.0,1.0,0.1428568959236145,0.9533211588859558,0.2660278975963592,-0.1651051193475723,0.9710294604301452,-0.1870191395282745,0.1487477570772171,0.2037380039691925,0.1915566772222518,0.2370712757110595,-0.9524198174476624,0.8283536434173584,0,0,0,1
17.933333333333334,0.6039860297974702,0.30391305662270857,0.7367752234051653,0.28176362870293514,-0.7558256312580918,0.5116895432463179,0.4085357101474498,0.1395521163940429,-0.2528408411289526,-0.8036234599279791,0.5387586135836595,0.8360740319206491,0.0,0.0,0.0,1.0,0.1428568959236145,0.9533211588859558,0.2660278975963592,-0.1651051193475723,0.9710294604301452,-0.1870191395282745,0.1487477570772171,0.2037380039691925,0.1915566772222518,0.2370712757110595,-0.9524198174476624,0.8283536434173584,0,0,0,1
17.966666666666665,0.6039860297974702,0.30391305662270857,0.7367752234051653,0.28173001742981274,-0.7558256312580918,0.5116895432463179,0.4085357101474498,0.1395521163940429,-0.2528408411289526,-0.8036234599279791,0.5387586135836595,0.8370719898106127,0.0,0.0,0.0,1.0,0.1428568959236145,0.9533211588859558,0.2660278975963592,-0.1651051193475723,0.9710294604301452,-0.1870191395282745,0.1487477570772171,0.2037380039691925,0.1915566772222518,0.2370712757110595,-0.9524198174476624,0.8283536434173584,0,0,0,1
18.0,0.6039860297974702,0.30391305662270857,0.7367752234051653,0.2816839529592797,-0.7558256312580918,0.5116895432463179,0.4085357101474498,0.1395521163940429,-0.2528408411289526,-0.8036234599279791,0.5387586135836595,0.8380694504526313,0.0,0.0,0.0,1.0,0.1428568959236145,0.9533211588859558,0.2660278975963592,-0.1651051193475723,0.9710294604301452,-0.1870191395282745,0.1487477570772171,0.2037380039691925,0.1915566772222518,0.2370712757110595,-0.9524198174476624,0.8283536434173584,0,0,0,1
18.033333333333335,0.6039860297974702,0.30391305662270857,0.7367752234051653,0.2816254424676744,-0.7558256312580918,0.5116895432463179,0.4085357101474498,0.1395521163940429,-0.2528408411289526,-0.8036234599279791,0.5387586135836595,0.8390662584532983,0.0,0.0,0.0,1.0,0.1428568959236145,0.9533211588859558,0.2660278975963592,-0.1651051193475723,0.9710294604301452,-0.1870191395282745,0.1487477570772171,0.2037380039691925,0.1915566772222518,0.2370712757110595,-0.9524198174476624,0.8283536434173584,0,0,0,1
18.066666666666666,0.6039860297974702,0.30391305662270857,0.7367752234051653,0.2815544950702884,-0.7558256312580918,0.5116895432463179,0.4085357101474498,0.1395521163940429,-0.2528408411289526,-0.8036234599279791,0.5387586135836595,0.8400622585208815,0.0,0.0,0.0,1.0,0.1428568959236145,0.9533211588859558,0.2660278975963592,-0.1651051193475723,0.9710294604301452,-0.1870191395282745,0.1487477570772171,0.2037380039691925,0.1915566772222518,0.2370712757110595,-0.9524198174476624,0.8283536434173584,0,0,0,1
18.1,0.6039860297974702,0.30391305662270857,0.7367752234051653,0.2814711218199465,-0.7558256312580918,0.5116895432463179,0.4085357101474498,0.1395521163940429,-0.2528408411289526,-0.8036234599279791,0.5387586135836595,0.8410572954895158,0.0,0.0,0.0,1.0,0.1428568959236145,0.9533211588859558,0.2660278975963592,-0.1651051193475723,0.9710294604301452,-0.1870191395282745,0.1487477570772171,0.2037380039691925,0.1915566772222518,0.2370712757110595,-0.9524198174476624,0.8283536434173584,0,0,0,1
18.133333333333333,0.6039860297974702,0.30391305662270857,0.7367752234051653,0.28137533570528495,-0.7558256312580918,0.5116895432463179,0.4085357101474498,0.1395521163940429,-0.2528408411289526,-0.8036234599279791,0.5387586135836595,0.8420512143433764,0.0,0.0,0.0,1.0,0.1428568959236145,0.9533211588859558,0.2660278975963592,-0.1651051193475723,0.9710294604301452,-0.1870191395282745,0.1487477570772171,0.2037380039691925,0.1915566772222518,0.2370712757110595,-0.9524198174476624,0.8283536434173584,0,0,0,1
18.166666666666668,0.6039860297974702,0.30391305662270857,0.7367752234051653,0.2812671516487277,-0.7558256312580918,0.5116895432463179,0.4085357101474498,0.1395521163940429,-0.2528408411289526,-0.8036234599279791,0.5387586135836595,0.8430438602408284,0.0,0.0,0.0,1.0,0.1428568959236145,0.9533211588859558,0.2660278975963592,-0.1651051193475723,0.9710294604301452,-0.1870191395282745,0.1487477570772171,0.2037380039691925,0.1915566772222518,0.2370712757110595,-0.9524198174476624,0.8283536434173584,0,0,0,1
18.2,0.6039860297974702,0.30391305662270857,0.7367752234051653,0.2811465865041619,-0.7558256312580918,0.5116895432463179,0.4085357101474498,0.1395521163940429,-0.2528408411289526,-0.8036234599279791,0.5387586135836595,0.8440350785385496,0.0,0.0,0.0,1.0,0.1428568959236145,0.9533211588859558,0.2660278975963592,-0.1651051193475723,0.9710294604301452,-0.1870191395282745,0.1487477570772171,0.2037380039691925,0.1915566772222518,0.2370712757110595,-0.9524198174476624,0.8283536434173584,0,0,0,1
18.233333333333334,0.6039860297974702,0.30391305662270857,0.7367752234051653,0.28101365905431225,-0.7558256312580918,0.5116895432463179,0.4085357101474498,0.1395521163940429,-0.2528408411289526,-0.8036234599279791,0.5387586135836595,0.8450247148156222,0.0,0.0,0.0,1.0,0.1428568959236145,0.9533211588859558,0.2660278975963592,-0.1651051193475723,0.9710294604301452,-0.1870191395282745,0.1487477570772171,0.2037380039691925,0.1915566772222518,0.2370712757110595,-0.9524198174476624,0.8283536434173584,0,0,0,1
18.266666666666666,0.6039860297974702,0.30391305662270857,0.7367752234051653,0.28086839000781455,-0.7558256312580918,0.5116895432463179,0.4085357101474498,0.1395521163940429,-0.2528408411289526,-0.8036234599279791,0.5387586135836595,0.8460126148975896,0.0,0.0,0.0,1.0,0.1428568959236145,0.9533211588859558,0.2660278975963592,-0.1651051193475723,0.9710294604301452,-0.1870191395282745,0.1487477570772171,0.2037380039691925,0.1915566772222518,0.2370712757110595,-0.9524198174476624,0.8283536434173584,0,0,0,1
18.3,0.6039860297974702,0.30391305662270857,0.7367752234051653,0.2807108019959898,-0.7558256312580918,0.5116895432463179,0.4085357101474498,0.1395521163940429,-0.2528408411289526,-0.8036234599279791,0.5387586135836595,0.8469986248804755,0.0,0.0,0.0,1.0,0.1428568959236145,0.9533211588859558,0.2660278975963592,-0.1651051193475723,0.9710294604301452,-0.1870191395282745,0.1487477570772171,0.2037380039691925,0.1915566772222518,0.2370712757110595,-0.9524198174476624,0.8283536434173584,0,0,0,1
18.333333333333332,0.6039860297974702,0.30391305662270857,0.7367752234051653,0.2805409195693185,-0.7558256312580918,0.5116895432463179,0.4085357101474498,0.1395521163940429,-0.2528408411289526,-0.8036234599279791,0.5387586135836595,0.8479825911547603,0.0,0.0,0.0,1.0,0.1428568959236145,0.9533211588859558,0.2660278975963592,-0.1651051193475723,0.9710294604301452,-0.1870191395282745,0.1487477570772171,0.2037380039691925,0.1915566772222518,0.2370712757110595,-0.9524198174476624,0.8283536434173584,0,0,0,1
18.366666666666667,0.6039860297974702,0.30391305662270857,0.7367752234051653,0.28035876919361574,-0.7558256312580918,0.5116895432463179,0.4085357101474498,0.1395521163940429,-0.2528408411289526,-0.8036234599279791,0.5387586135836595,0.8489643604293116,0.0,0.0,0.0,1.0,0.1428568959236145,0.9533211588859558,0.2660278975963592,-0.1651051193475723,0.9710294604301452,-0.1870191395282745,0.1487477570772171,0.2037380039691925,0.1915566772222518,0.2370712757110595,-0.9524198174476624,0.8283536434173584,0,0,0,1
18.4,0.6039860297974702,0.30391305662270857,0.7367752234051653,0.2801643792459084,-0.7558256312580918,0.5116895432463179,0.4085357101474498,0.1395521163940429,-0.2528408411289526,-0.8036234599279791,0.5387586135836595,0.8499437797552655,0.0,0.0,0.0,1.0,0.1428568959236145,0.9533211588859558,0.2660278975963592,-0.1651051193475723,0.9710294604301452,-0.1870191395282745,0.1487477570772171,0.2037380039691925,0.1915566772222518,0.2370712757110595,-0.9524198174476624,0.8283536434173584,0,0,0,1
18.433333333333334,0.6039860297974702,0.30391305662270857,0.7367752234051653,0.27995778001001415,-0.7558256312580918,0.5116895432463179,0.4085357101474498,0.1395521163940429,-0.2528408411289526,-0.8036234599279791,0.5387586135836595,0.8509206965498541,0.0,0.0,0.0,1.0,0.1428568959236145,0.9533211588859558,0.2660278975963592,-0.1651051193475723,0.9710294604301452,-0.1870191395282745,0.1487477570772171,0.2037380039691925,0.1915566772222518,0.2370712757110595,-0.9524198174476624,0.8283536434173584,0,0,0,1
18.466666666666665,0.6039860297974702,0.30391305662270857,0.7367752234051653,0.2797390036718234,-0.7558256312580918,0.5116895432463179,0.4085357101474498,0.1395521163940429,-0.2528408411289526,-0.8036234599279791,0.5387586135836595,0.8518949586201768,0.0,0.0,0.0,1.0,0.1428568959236145,0.9533211588859558,0.2660278975963592,-0.1651051193475723,0.9710294604301452,-0.1870191395282745,0.1487477570772171,0.2037380039691925,0.1915566772222518,0.2370712757110595,-0.9524198174476624,0.8283536434173584,0,0,0,1
18.5,0.6039860297974702,0.30391305662270857,0.7367752234051653,0.2795080843142856,-0.7558256312580918,0.5116895432463179,0.4085357101474498,0.1395521163940429,-0.2528408411289526,-0.8036234599279791,0.5387586135836595,0.8528664141869094,0.0,0.0,0.0,1.0,0.1428568959236145,0.9533211588859558,0.2660278975963592,-0.1651051193475723,0.9710294604301452,-0.1870191395282745,0.1487477570772171,0.2037380039691925,0.1915566772222518,0.2370712757110595,-0.9524198174476624,0.8283536434173584,0,0,0,1
18.533333333333335,0.6039860297974702,0.30391305662270857,0.7367752234051653,0.2792650579120988,-0.7558256312580918,0.5116895432463179,0.4085357101474498,0.1395521163940429,-0.2528408411289526,-0.8036234599279791,0.5387586135836595,0.8538349119079505,0.0,0.0,0.0,1.0,0.1428568959236145,0.9533211588859558,0.2660278975963592,-0.1651051193475723,0.9710294604301452,-0.1870191395282745,0.1487477570772171,0.2037380039691925,0.1915566772222518,0.2370712757110595,-0.9524198174476624,0.8283536434173584,0,0,0,1
18.566666666666666,0.6039860297974702,0.30391305662270857,0.7367752234051653,0.27900996232610586,-0.7558256312580918,0.5116895432463179,0.4085357101474498,0.1395521163940429,-0.2528408411289526,-0.8036234599279791,0.5387586135836595,0.8548003009019982,0.0,0.0,0.0,1.0,0.1428568959236145,0.9533211588859558,0.2660278975963592,-0.1651051193475723,0.9710294604301452,-0.1870191395282745,0.1487477570772171,0.2037380039691925,0.1915566772222518,0.2370712757110595,-0.9524198174476624,0.8283536434173584,0,0,0,1
18.6,0.6039860297974702,0.30391305662270857,0.7367752234051653,0.2787428372973957,-0.7558256312580918,0.5116895432463179,0.4085357101474498,0.1395521163940429,-0.2528408411289526,-0.8036234599279791,0.5387586135836595,0.8557624307720564,0.0,0.0,0.0,1.0,0.1428568959236145,0.9533211588859558,0.2660278975963592,-0.1651051193475723,0.9710294604301452,-0.1870191395282745,0.1487477570772171,0.2037380039691925,0.1915566772222518,0.2370712757110595,-0.9524198174476624,0.8283536434173584,0,0,0,1
18.633333333333333,0.6039860297974702,0.30391305662270857,0.7367752234051653,0.2784637244411122,-0.7558256312580918,0.5116895432463179,0.4085357101474498,0.1395521163940429,-0.2528408411289526,-0.8036234599279791,0.5387586135836595,0.8567211516288645,0.0,0.0,0.0,1.0,0.1428568959236145,0.9533211588859558,0.2660278975963592,-0.1651051193475723,0.9710294604301452,-0.1870191395282745,0.1487477570772171,0.2037380039691925,0.1915566772222518,0.2370712757110595,-0.9524198174476624,0.8283536434173584,0,0,0,1
18.666666666666668,0.6039860297974702,0.30391305662270857,0.7367752234051653,0.27817266723997125,-0.7558256312580918,0.5116895432463179,0.4085357101474498,0.1395521163940429,-0.2528408411289526,-0.8036234599279791,0.5387586135836595,0.8576763141142488,0.0,0.0,0.0,1.0,0.1428568959236145,0.9533211588859558,0.2660278975963592,-0.1651051193475723,0.9710294604301452,-0.1870191395282745,0.1487477570772171,0.2037380039691925,0.1915566772222518,0.2370712757110595,-0.9524198174476624,0.8283536434173584,0,0,0,1
18.7,0.6039860297974702,0.30391305662270857,0.7367752234051653,0.27786971103748603,-0.7558256312580918,0.5116895432463179,0.4085357101474498,0.1395521163940429,-0.2528408411289526,-0.8036234599279791,0.5387586135836595,0.8586277694243908,0.0,0.0,0.0,1.0,0.1428568959236145,0.9533211588859558,0.2660278975963592,-0.1651051193475723,0.9710294604301452,-0.1870191395282745,0.1487477570772171,0.2037380039691925,0.1915566772222518,0.2370712757110595,-0.9524198174476624,0.8283536434173584,0,0,0,1
18.733333333333334,0.6039860297974702,0.30391305662270857,0.7367752234051653,0.27755490303090374,-0.7558256312580918,0.5116895432463179,0.4085357101474498,0.1395521163940429,-0.2528408411289526,-0.8036234599279791,0.5387586135836595,0.8595753693330089,0.0,0.0,0.0,1.0,0.1428568959236145,0.9533211588859558,0.2660278975963592,-0.1651051193475723,0.9710294604301452,-0.1870191395282745,0.1487477570772171,0.2037380039691925,0.1915566772222518,0.2370712757110595,-0.9524198174476624,0.8283536434173584,0,0,0,1
18.766666666666666,0.6039860297974702,0.30391305662270857,0.7367752234051653,0.27722829226385215,-0.7558256312580918,0.5116895432463179,0.4085357101474498,0.1395521163940429,-0.2528408411289526,-0.8036234599279791,0.5387586135836595,0.8605189662144512,0.0,0.0,0.0,1.0,0.1428568959236145,0.9533211588859558,0.2660278975963592,-0.1651051193475723,0.9710294604301452,-0.1870191395282745,0.1487477570772171,0.2037380039691925,0.1915566772222518,0.2370712757110595,-0.9524198174476624,0.8283536434173584,0,0,0,1
18.8,0.6039860297974702,0.30391305662270857,0.7367752234051653,0.27688992961869957,-0.7558256312580918,0.5116895432463179,0.4085357101474498,0.1395521163940429,-0.2528408411289526,-0.8036234599279791,0.5387586135836595,0.8614584130666929,0.0,0.0,0.0,1.0,0.1428568959236145,0.9533211588859558,0.2660278975963592,-0.1651051193475723,0.9710294604301452,-0.1870191395282745,0.1487477570772171,0.2037380039691925,0.1915566772222518,0.2370712757110595,-0.9524198174476624,0.8283536434173584,0,0,0,1
18.833333333333332,0.6039860297974702,0.30391305662270857,0.7367752234051653,0.2765398678086277,-0.7558256312580918,0.5116895432463179,0.4085357101474498,0.1395521163940429,-0.2528408411289526,-0.8036234599279791,0.5387586135836595,0.8623935635342386,0.0,0.0,0.0,1.0,0.1428568959236145,0.9533211588859558,0.2660278975963592,-0.1651051193475723,0.9710294604301452,-0.1870191395282745,0.1487477570772171,0.2037380039691925,0.1915566772222518,0.2370712757110595,-0.9524198174476624,0.8283536434173584,0,0,0,1
18.866666666666667,0.6039860297974702,0.30391305662270857,0.7367752234051653,0.27617816136941953,-0.7558256312580918,0.5116895432463179,0.4085357101474498,0.1395521163940429,-0.2528408411289526,-0.8036234599279791,0.5387586135836595,0.8633242719309219,0.0,0.0,0.0,1.0,0.1428568959236145,0.9533211588859558,0.2660278975963592,-0.1651051193475723,0.9710294604301452,-0.1870191395282745,0.1487477570772171,0.2037380039691925,0.1915566772222518,0.2370712757110595,-0.9524198174476624,0.8283536434173584,0,0,0,1
18.9,0.6039860297974702,0.30391305662270857,0.7367752234051653,0.27580486665096343,-0.7558256312580918,0.5116895432463179,0.4085357101474498,0.1395521163940429,-0.2528408411289526,-0.8036234599279791,0.5387586135836595,0.8642503932626028,0.0,0.0,0.0,1.0,0.1428568959236145,0.9533211588859558,0.2660278975963592,-0.1651051193475723,0.9710294604301452,-0.1870191395282745,0.1487477570772171,0.2037380039691925,0.1915566772222518,0.2370712757110595,-0.9524198174476624,0.8283536434173584,0,0,0,1
18.933333333333334,0.6039860297974702,0.30391305662270857,0.7367752234051653,0.27542004180847424,-0.7558256312580918,0.5116895432463179,0.4085357101474498,0.1395521163940429,-0.2528408411289526,-0.8036234599279791,0.5387586135836595,0.8651717832497552,0.0,0.0,0.0,1.0,0.1428568959236145,0.9533211588859558,0.2660278975963592,-0.1651051193475723,0.9710294604301452,-0.1870191395282745,0.1487477570772171,0.2037380039691925,0.1915566772222518,0.2370712757110595,-0.9524198174476624,0.8283536434173584,0,0,0,1
18.966666666666665,0.6039860297974702,0.30391305662270857,0.7367752234051653,0.27502374679343333,-0.7558256312580918,0.5116895432463179,0.4085357101474498,0.1395521163940429,-0.2528408411289526,-0.8036234599279791,0.5387586135836595,0.8660882983499446,0.0,0.0,0.0,1.0,0.1428568959236145,0.9533211588859558,0.2660278975963592,-0.1651051193475723,0.9710294604301452,-0.1870191395282745,0.1487477570772171,0.2037380039691925,0.1915566772222518,0.2370712757110595,-0.9524198174476624,0.8283536434173584,0,0,0,1
19.0,0.6039860297974702,0.30391305662270857,0.7367752234051653,0.2746160433442491,-0.7558256312580918,0.5116895432463179,0.4085357101474498,0.1395521163940429,-0.2528408411289526,-0.8036234599279791,0.5387586135836595,0.8669997957801905,0.0,0.0,0.0,1.0,0.1428568959236145,0.9533211588859558,0.2660278975963592,-0.1651051193475723,0.9710294604301452,-0.1870191395282745,0.1487477570772171,0.2037380039691925,0.1915566772222518,0.2370712757110595,-0.9524198174476624,0.8283536434173584,0,0,0,1
19.033333333333335,0.6039860297974702,0.30391305662270857,0.7367752234051653,0.27419699497663846,-0.7558256312580918,0.5116895432463179,0.4085357101474498,0.1395521163940429,-0.2528408411289526,-0.8036234599279791,0.5387586135836595,0.86790613353921,0.0,0.0,0.0,1.0,0.1428568959236145,0.9533211588859558,0.2660278975963592,-0.1651051193475723,0.9710294604301452,-0.1870191395282745,0.1487477570772171,0.2037380039691925,0.1915566772222518,0.2370712757110595,-0.9524198174476624,0.8283536434173584,0,0,0,1
19.066666666666666,0.6039860297974702,0.30391305662270857,0.7367752234051653,0.27376666697373203,-0.7558256312580918,0.5116895432463179,0.4085357101474498,0.1395521163940429,-0.2528408411289526,-0.8036234599279791,0.5387586135836595,0.8688071704295403,0.0,0.0,0.0,1.0,0.1428568959236145,0.9533211588859558,0.2660278975963592,-0.1651051193475723,0.9710294604301452,-0.1870191395282745,0.1487477570772171,0.2037380039691925,0.1915566772222518,0.2370712757110595,-0.9524198174476624,0.8283536434173584,0,0,0,1
19.1,0.6039860297974702,0.30391305662270857,0.7367752234051653,0.2733251263759036,-0.7558256312580918,0.5116895432463179,0.4085357101474498,0.1395521163940429,-0.2528408411289526,-0.8036234599279791,0.5387586135836595,0.8697027660795358,0.0,0.0,0.0,1.0,0.1428568959236145,0.9533211588859558,0.2660278975963592,-0.1651051193475723,0.9710294604301452,-0.1870191395282745,0.1487477570772171,0.2037380039691925,0.1915566772222518,0.2370712757110595,-0.9524198174476624,0.8283536434173584,0,0,0,1
19.133333333333333,0.6039860297974702,0.30391305662270857,0.7367752234051653,0.272872441970326,-0.7558256312580918,0.5116895432463179,0.4085357101474498,0.1395521163940429,-0.2528408411289526,-0.8036234599279791,0.5387586135836595,0.8705927809652363,0.0,0.0,0.0,1.0,0.1428568959236145,0.9533211588859558,0.2660278975963592,-0.1651051193475723,0.9710294604301452,-0.1870191395282745,0.1487477570772171,0.2037380039691925,0.1915566772222518,0.2370712757110595,-0.9524198174476624,0.8283536434173584,0,0,0,1
19.166666666666668,0.6039860297974702,0.30391305662270857,0.7367752234051653,0.272408684280255,-0.7558256312580918,0.5116895432463179,0.4085357101474498,0.1395521163940429,-0.2528408411289526,-0.8036234599279791,0.5387586135836595,0.8714770764321033,0.0,0.0,0.0,1.0,0.1428568959236145,0.9533211588859558,0.2660278975963592,-0.1651051193475723,0.9710294604301452,-0.1870191395282745,0.1487477570772171,0.2037380039691925,0.1915566772222518,0.2370712757110595,-0.9524198174476624,0.8283536434173584,0,0,0,1
19.2,0.6039860297974702,0.30391305662270857,0.7367752234051653,0.27193392555404217,-0.7558256312580918,0.5116895432463179,0.4085357101474498,0.1395521163940429,-0.2528408411289526,-0.8036234599279791,0.5387586135836595,0.872355514716621,0.0,0.0,0.0,1.0,0.1428568959236145,0.9533211588859558,0.2660278975963592,-0.1651051193475723,0.9710294604301452,-0.1870191395282745,0.1487477570772171,0.2037380039691925,0.1915566772222518,0.2370712757110595,-0.9524198174476624,0.8283536434173584,0,0,0,1
19.233333333333334,0.6039860297974702,0.30391305662270857,0.7367752234051653,0.27144823975387977,-0.7558256312580918,0.5116895432463179,0.4085357101474498,0.1395521163940429,-0.2528408411289526,-0.8036234599279791,0.5387586135836595,0.8732279589677581,0.0,0.0,0.0,1.0,0.1428568959236145,0.9533211588859558,0.2660278975963592,-0.1651051193475723,0.9710294604301452,-0.1870191395282745,0.1487477570772171,0.2037380039691925,0.1915566772222518,0.2370712757110595,-0.9524198174476624,0.8283536434173584,0,0,0,1
19.266666666666666,0.6039860297974702,0.30391305662270857,0.7367752234051653,0.27095170254427814,-0.7558256312580918,0.5116895432463179,0.4085357101474498,0.1395521163940429,-0.2528408411289526,-0.8036234599279791,0.5387586135836595,0.8740942732682879,0.0,0.0,0.0,1.0,0.1428568959236145,0.9533211588859558,0.2660278975963592,-0.1651051193475723,0.9710294604301452,-0.1870191395282745,0.1487477570772171,0.2037380039691925,0.1915566772222518,0.2370712757110595,-0.9524198174476624,0.8283536434173584,0,0,0,1
19.3,0.6039860297974702,0.30391305662270857,0.7367752234051653,0.2704443912802778,-0.7558256312580918,0.5116895432463179,0.4085357101474498,0.1395521163940429,-0.2528408411289526,-0.8036234599279791,0.5387586135836595,0.8749543226559628,0.0,0.0,0.0,1.0,0.1428568959236145,0.9533211588859558,0.2660278975963592,-0.1651051193475723,0.9710294604301452,-0.1870191395282745,0.1487477570772171,0.2037380039691925,0.1915566772222518,0.2370712757110595,-0.9524198174476624,0.8283536434173584,0,0,0,1
19.333333333333332,0.6039860297974702,0.30391305662270857,0.7367752234051653,0.26992638499539867,-0.7558256312580918,0.5116895432463179,0.4085357101474498,0.1395521163940429,-0.2528408411289526,-0.8036234599279791,0.5387586135836595,0.8758079731445395,0.0,0.0,0.0,1.0,0.1428568959236145,0.9533211588859558,0.2660278975963592,-0.1651051193475723,0.9710294604301452,-0.1870191395282745,0.1487477570772171,0.2037380039691925,0.1915566772222518,0.2370712757110595,-0.9524198174476624,0.8283536434173584,0,0,0,1
19.366666666666667,0.6039860297974702,0.30391305662270857,0.7367752234051653,0.2693977643893274,-0.7558256312580918,0.5116895432463179,0.4085357101474498,0.1395521163940429,-0.2528408411289526,-0.8036234599279791,0.5387586135836595,0.8766550917446532,0.0,0.0,0.0,1.0,0.1428568959236145,0.9533211588859558,0.2660278975963592,-0.1651051193475723,0.9710294604301452,-0.1870191395282745,0.1487477570772171,0.2037380039691925,0.1915566772222518,0.2370712757110595,-0.9524198174476624,0.8283536434173584,0,0,0,1
19.4,0.6039860297974702,0.30391305662270857,0.7367752234051653,0.2688586118153451,-0.7558256312580918,0.5116895432463179,0.4085357101474498,0.1395521163940429,-0.2528408411289526,-0.8036234599279791,0.5387586135836595,0.877495546484535,0.0,0.0,0.0,1.0,0.1428568959236145,0.9533211588859558,0.2660278975963592,-0.1651051193475723,0.9710294604301452,-0.1870191395282745,0.1487477570772171,0.2037380039691925,0.1915566772222518,0.2370712757110595,-0.9524198174476624,0.8283536434173584,0,0,0,1
19.433333333333334,0.6039860297974702,0.30391305662270857,0.7367752234051653,0.2683090112674979,-0.7558256312580918,0.5116895432463179,0.4085357101474498,0.1395521163940429,-0.2528408411289526,-0.8036234599279791,0.5387586135836595,0.8783292064305727,0.0,0.0,0.0,1.0,0.1428568959236145,0.9533211588859558,0.2660278975963592,-0.1651051193475723,0.9710294604301452,-0.1870191395282745,0.1487477570772171,0.2037380039691925,0.1915566772222518,0.2370712757110595,-0.9524198174476624,0.8283536434173584,0,0,0,1
19.466666666666665,0.6039860297974702,0.30391305662270857,0.7367752234051653,0.26774904836751134,-0.7558256312580918,0.5116895432463179,0.4085357101474498,0.1395521163940429,-0.2528408411289526,-0.8036234599279791,0.5387586135836595,0.8791559417077082,0.0,0.0,0.0,1.0,0.1428568959236145,0.9533211588859558,0.2660278975963592,-0.1651051193475723,0.9710294604301452,-0.1870191395282745,0.1487477570772171,0.2037380039691925,0.1915566772222518,0.2370712757110595,-0.9524198174476624,0.8283536434173584,0,0,0,1
19.5,0.6039860297974702,0.30391305662270857,0.7367752234051653,0.26717881035145163,-0.7558256312580918,0.5116895432463179,0.4085357101474498,0.1395521163940429,-0.2528408411289526,-0.8036234599279791,0.5387586135836595,0.8799756235196704,0.0,0.0,0.0,1.0,0.1428568959236145,0.9533211588859558,0.2660278975963592,-0.1651051193475723,0.9710294604301452,-0.1870191395282745,0.1487477570772171,0.2037380039691925,0.1915566772222518,0.2370712757110595,-0.9524198174476624,0.8283536434173584,0,0,0,1
19.533333333333335,0.6039860297974702,0.30391305662270857,0.7367752234051653,0.266598386056135,-0.7558256312580918,0.5116895432463179,0.4085357101474498,0.1395521163940429,-0.2528408411289526,-0.8036234599279791,0.5387586135836595,0.8807881241690411,0.0,0.0,0.0,1.0,0.1428568959236145,0.9533211588859558,0.2660278975963592,-0.1651051193475723,0.9710294604301452,-0.1870191395282745,0.1487477570772171,0.2037380039691925,0.1915566772222518,0.2370712757110595,-0.9524198174476624,0.8283536434173584,0,0,0,1
19.566666666666666,0.6039860297974702,0.30391305662270857,0.7367752234051653,0.26600786590528824,-0.7558256312580918,0.5116895432463179,0.4085357101474498,0.1395521163940429,-0.2528408411289526,-0.8036234599279791,0.5387586135836595,0.8815933170771479,0.0,0.0,0.0,1.0,0.1428568959236145,0.9533211588859558,0.2660278975963592,-0.1651051193475723,0.9710294604301452,-0.1870191395282745,0.1487477570772171,0.2037380039691925,0.1915566772222518,0.2370712757110595,-0.9524198174476624,0.8283536434173584,0,0,0,1
19.6,0.6039860297974702,0.30391305662270857,0.7367752234051653,0.26540734189546134,-0.7558256312580918,0.5116895432463179,0.4085357101474498,0.1395521163940429,-0.2528408411289526,-0.8036234599279791,0.5387586135836595,0.8823910768037843,0.0,0.0,0.0,1.0,0.1428568959236145,0.9533211588859558,0.2660278975963592,-0.1651051193475723,0.9710294604301452,-0.1870191395282745,0.1487477570772171,0.2037380039691925,0.1915566772222518,0.2370712757110595,-0.9524198174476624,0.8283536434173584,0,0,0,1
19.633333333333333,0.6039860297974702,0.30391305662270857,0.7367752234051653,0.2647969075816956,-0.7558256312580918,0.5116895432463179,0.4085357101474498,0.1395521163940429,-0.2528408411289526,-0.8036234599279791,0.5387586135836595,0.8831812790667518,0.0,0.0,0.0,1.0,0.1428568959236145,0.9533211588859558,0.2660278975963592,-0.1651051193475723,0.9710294604301452,-0.1870191395282745,0.1487477570772171,0.2037380039691925,0.1915566772222518,0.2370712757110595,-0.9524198174476624,0.8283536434173584,0,0,0,1
19.666666666666668,0.6039860297974702,0.30391305662270857,0.7367752234051653,0.2641766580629489,-0.7558256312580918,0.5116895432463179,0.4085357101474498,0.1395521163940429,-0.2528408411289526,-0.8036234599279791,0.5387586135836595,0.8839638007612216,0.0,0.0,0.0,1.0,0.1428568959236145,0.9533211588859558,0.2660278975963592,-0.1651051193475723,0.9710294604301452,-0.1870191395282745,0.1487477570772171,0.2037380039691925,0.1915566772222518,0.2370712757110595,-0.9524198174476624,0.8283536434173584,0,0,0,1
19.7,0.6039860297974702,0.30391305662270857,0.7367752234051653,0.26354668996728,-0.7558256312580918,0.5116895432463179,0.4085357101474498,0.1395521163940429,-0.2528408411289526,-0.8036234599279791,0.5387586135836595,0.8847385199789134,0.0,0.0,0.0,1.0,0.1428568959236145,0.9533211588859558,0.2660278975963592,-0.1651051193475723,0.9710294604301452,-0.1870191395282745,0.1487477570772171,0.2037380039691925,0.1915566772222518,0.2370712757110595,-0.9524198174476624,0.8283536434173584,0,0,0,1
19.733333333333334,0.6039860297974702,0.30391305662270857,0.7367752234051653,0.26290710143679524,-0.7558256312580918,0.5116895432463179,0.4085357101474498,0.1395521163940429,-0.2528408411289526,-0.8036234599279791,0.5387586135836595,0.8855053160270865,0.0,0.0,0.0,1.0,0.1428568959236145,0.9533211588859558,0.2660278975963592,-0.1651051193475723,0.9710294604301452,-0.1870191395282745,0.1487477570772171,0.2037380039691925,0.1915566772222518,0.2370712757110595,-0.9524198174476624,0.8283536434173584,0,0,0,1
19.766666666666666,0.6039860297974702,0.30391305662270857,0.7367752234051653,0.262257992112359,-0.7558256312580918,0.5116895432463179,0.4085357101474498,0.1395521163940429,-0.2528408411289526,-0.8036234599279791,0.5387586135836595,0.8862640694473434,0.0,0.0,0.0,1.0,0.1428568959236145,0.9533211588859558,0.2660278975963592,-0.1651051193475723,0.9710294604301452,-0.1870191395282745,0.1487477570772171,0.2037380039691925,0.1915566772222518,0.2370712757110595,-0.9524198174476624,0.8283536434173584,0,0,0,1
19.8,0.6039860297974702,0.30391305662270857,0.7367752234051653,0.2615994631180707,-0.7558256312580918,0.5116895432463179,0.4085357101474498,0.1395521163940429,-0.2528408411289526,-0.8036234599279791,0.5387586135836595,0.8870146620342393,0.0,0.0,0.0,1.0,0.1428568959236145,0.9533211588859558,0.2660278975963592,-0.1651051193475723,0.9710294604301452,-0.1870191395282745,0.1487477570772171,0.2037380039691925,0.1915566772222518,0.2370712757110595,-0.9524198174476624,0.8283536434173584,0,0,0,1
19.833333333333332,0.6039860297974702,0.30391305662270857,0.7367752234051653,0.2609316170455108,-0.7558256312580918,0.5116895432463179,0.4085357101474498,0.1395521163940429,-0.2528408411289526,-0.8036234599279791,0.5387586135836595,0.8877569768536979,0.0,0.0,0.0,1.0,0.1428568959236145,0.9533211588859558,0.2660278975963592,-0.1651051193475723,0.9710294604301452,-0.1870191395282745,0.1487477570772171,0.2037380039691925,0.1915566772222518,0.2370712757110595,-0.9524198174476624,0.8283536434173584,0,0,0,1
19.866666666666667,0.6039860297974702,0.30391305662270857,0.7367752234051653,0.2602545579377582,-0.7558256312580918,0.5116895432463179,0.4085357101474498,0.1395521163940429,-0.2528408411289526,-0.8036234599279791,0.5387586135836595,0.888490898261228,0.0,0.0,0.0,1.0,0.1428568959236145,0.9533211588859558,0.2660278975963592,-0.1651051193475723,0.9710294604301452,-0.1870191395282745,0.1487477570772171,0.2037380039691925,0.1915566772222518,0.2370712757110595,-0.9524198174476624,0.8283536434173584,0,0,0,1
19.9,0.6039860297974702,0.30391305662270857,0.7367752234051653,0.2595683912731814,-0.7558256312580918,0.5116895432463179,0.4085357101474498,0.1395521163940429,-0.2528408411289526,-0.8036234599279791,0.5387586135836595,0.8892163119199393,0.0,0.0,0.0,1.0,0.1428568959236145,0.9533211588859558,0.2660278975963592,-0.1651051193475723,0.9710294604301452,-0.1870191395282745,0.1487477570772171,0.2037380039691925,0.1915566772222518,0.2370712757110595,-0.9524198174476624,0.8283536434173584,0,0,0,1
19.933333333333334,0.6039860297974702,0.30391305662270857,0.7367752234051653,0.25887322394900614,-0.7558256312580918,0.5116895432463179,0.4085357101474498,0.1395521163940429,-0.2528408411289526,-0.8036234599279791,0.5387586135836595,0.889933104818356,0.0,0.0,0.0,1.0,0.1428568959236145,0.9533211588859558,0.2660278975963592,-0.1651051193475723,0.9710294604301452,-0.1870191395282745,0.1487477570772171,0.2037380039691925,0.1915566772222518,0.2370712757110595,-0.9524198174476624,0.8283536434173584,0,0,0,1
19.966666666666665,0.6039860297974702,0.30391305662270857,0.7367752234051653,0.2581691642646621,-0.7558256312580918,0.5116895432463179,0.4085357101474498,0.1395521163940429,-0.2528408411289526,-0.8036234599279791,0.5387586135836595,0.8906411652880215,0.0,0.0,0.0,1.0,0.1428568959236145,0.9533211588859558,0.2660278975963592,-0.1651051193475723,0.9710294604301452,-0.1870191395282745,0.1487477570772171,0.2037380039691925,0.1915566772222518,0.2370712757110595,-0.9524198174476624,0.8283536434173584,0,0,0,1
20.0,0.6039860297974702,0.30391305662270857,0.7367752234051653,0.25745632190491086,-0.7558256312580918,0.5116895432463179,0.4085357101474498,0.1395521163940429,-0.2528408411289526,-0.8036234599279791,0.5387586135836595,0.8913403830208958,0.0,0.0,0.0,1.0,0.1428568959236145,0.9533211588859558,0.2660278975963592,-0.1651051193475723,0.9710294604301452,-0.1870191395282745,0.1487477570772171,0.2037380039691925,0.1915566772222518,0.2370712757110595,-0.9524198174476624,0.8283536434173584,0,0,0,1
20.033333333333335,0.6039860297974702,0.30391305662270857,0.7367752234051653,0.2567348079227584,-0.7558256312580918,0.5116895432463179,0.4085357101474498,0.1395521163940429,-0.2528408411289526,-0.8036234599279791,0.5387586135836595,0.8920306490865401,0.0,0.0,0.0,1.0,0.1428568959236145,0.9533211588859558,0.2660278975963592,-0.1651051193475723,0.9710294604301452,-0.1870191395282745,0.1487477570772171,0.2037380039691925,0.1915566772222518,0.2370712757110595,-0.9524198174476624,0.8283536434173584,0,0,0,1
20.066666666666666,0.6039860297974702,0.30391305662270857,0.7367752234051653,0.2560047347221541,-0.7558256312580918,0.5116895432463179,0.4085357101474498,0.1395521163940429,-0.2528408411289526,-0.8036234599279791,0.5387586135836595,0.892711855949087,0.0,0.0,0.0,1.0,0.1428568959236145,0.9533211588859558,0.2660278975963592,-0.1651051193475723,0.9710294604301452,-0.1870191395282745,0.1487477570772171,0.2037380039691925,0.1915566772222518,0.2370712757110595,-0.9524198174476624,0.8283536434173584,0,0,0,1
20.1,0.6039860297974702,0.30391305662270857,0.7367752234051653,0.25526621604047955,-0.7558256312580918,0.5116895432463179,0.4085357101474498,0.1395521163940429,-0.2528408411289526,-0.8036234599279791,0.5387586135836595,0.8933838974839933,0.0,0.0,0.0,1.0,0.1428568959236145,0.9533211588859558,0.2660278975963592,-0.1651051193475723,0.9710294604301452,-0.1870191395282745,0.1487477570772171,0.2037380039691925,0.1915566772222518,0.2370712757110595,-0.9524198174476624,0.8283536434173584,0,0,0,1
20.133333333333333,0.6039860297974702,0.30391305662270857,0.7367752234051653,0.25451936693082955,-0.7558256312580918,0.5116895432463179,0.4085357101474498,0.1395521163940429,-0.2528408411289526,-0.8036234599279791,0.5387586135836595,0.8940466689945733,0.0,0.0,0.0,1.0,0.1428568959236145,0.9533211588859558,0.2660278975963592,-0.1651051193475723,0.9710294604301452,-0.1870191395282745,0.1487477570772171,0.2037380039691925,0.1915566772222518,0.2370712757110595,-0.9524198174476624,0.8283536434173584,0,0,0,1
20.166666666666668,0.6039860297974702,0.30391305662270857,0.7367752234051653,0.25376430374408787,-0.7558256312580918,0.5116895432463179,0.4085357101474498,0.1395521163940429,-0.2528408411289526,-0.8036234599279791,0.5387586135836595,0.8947000672283091,0.0,0.0,0.0,1.0,0.1428568959236145,0.9533211588859558,0.2660278975963592,-0.1651051193475723,0.9710294604301452,-0.1870191395282745,0.1487477570772171,0.2037380039691925,0.1915566772222518,0.2370712757110595,-0.9524198174476624,0.8283536434173584,0,0,0,1
20.2,0.6039860297974702,0.30391305662270857,0.7367752234051653,0.2530011441108013,-0.7558256312580918,0.5116895432463179,0.4085357101474498,0.1395521163940429,-0.2528408411289526,-0.8036234599279791,0.5387586135836595,0.8953439903929363,0.0,0.0,0.0,1.0,0.1428568959236145,0.9533211588859558,0.2660278975963592,-0.1651051193475723,0.9710294604301452,-0.1870191395282745,0.1487477570772171,0.2037380039691925,0.1915566772222518,0.2370712757110595,-0.9524198174476624,0.8283536434173584,0,0,0,1
20.233333333333334,0.6039860297974702,0.30391305662270857,0.7367752234051653,0.25223000692285413,-0.7558256312580918,0.5116895432463179,0.4085357101474498,0.1395521163940429,-0.2528408411289526,-0.8036234599279791,0.5387586135836595,0.8959783381723022,0.0,0.0,0.0,1.0,0.1428568959236145,0.9533211588859558,0.2660278975963592,-0.1651051193475723,0.9710294604301452,-0.1870191395282745,0.1487477570772171,0.2037380039691925,0.1915566772222518,0.2370712757110595,-0.9524198174476624,0.8283536434173584,0,0,0,1
20.266666666666666,0.6039860297974702,0.30391305662270857,0.7367752234051653,0.2514510123149458,-0.7558256312580918,0.5116895432463179,0.4085357101474498,0.1395521163940429,-0.2528408411289526,-0.8036234599279791,0.5387586135836595,0.8966030117419939,0.0,0.0,0.0,1.0,0.1428568959236145,0.9533211588859558,0.2660278975963592,-0.1651051193475723,0.9710294604301452,-0.1870191395282745,0.1487477570772171,0.2037380039691925,0.1915566772222518,0.2370712757110595,-0.9524198174476624,0.8283536434173584,0,0,0,1
20.3,0.6039860297974702,0.30391305662270857,0.7367752234051653,0.2506642816458756,-0.7558256312580918,0.5116895432463179,0.4085357101474498,0.1395521163940429,-0.2528408411289526,-0.8036234599279791,0.5387586135836595,0.897217913784734,0.0,0.0,0.0,1.0,0.1428568959236145,0.9533211588859558,0.2660278975963592,-0.1651051193475723,0.9710294604301452,-0.1870191395282745,0.1487477570772171,0.2037380039691925,0.1915566772222518,0.2370712757110595,-0.9524198174476624,0.8283536434173584,0,0,0,1
20.333333333333332,0.6039860297974702,0.30391305662270857,0.7367752234051653,0.2498699374796361,-0.7558256312580918,0.5116895432463179,0.4085357101474498,0.1395521163940429,-0.2528408411289526,-0.8036234599279791,0.5387586135836595,0.8978229485055417,0.0,0.0,0.0,1.0,0.1428568959236145,0.9533211588859558,0.2660278975963592,-0.1651051193475723,0.9710294604301452,-0.1870191395282745,0.1487477570772171,0.2037380039691925,0.1915566772222518,0.2370712757110595,-0.9524198174476624,0.8283536434173584,0,0,0,1
20.366666666666667,0.6039860297974702,0.30391305662270857,0.7367752234051653,0.24906810356631898,-0.7558256312580918,0.5116895432463179,0.4085357101474498,0.1395521163940429,-0.2528408411289526,-0.8036234599279791,0.5387586135836595,0.8984180216466563,0.0,0.0,0.0,1.0,0.1428568959236145,0.9533211588859558,0.2660278975963592,-0.1651051193475723,0.9710294604301452,-0.1870191395282745,0.1487477570772171,0.2037380039691925,0.1915566772222518,0.2370712757110595,-0.9524198174476624,0.8283536434173584,0,0,0,1
20.4,0.6039860297974702,0.30391305662270857,0.7367752234051653,0.24825890482283625,-0.7558256312580918,0.5116895432463179,0.4085357101474498,0.1395521163940429,-0.2528408411289526,-0.8036234599279791,0.5387586135836595,0.8990030405022221,0.0,0.0,0.0,1.0,0.1428568959236145,0.9533211588859558,0.2660278975963592,-0.1651051193475723,0.9710294604301452,-0.1870191395282745,0.1487477570772171,0.2037380039691925,0.1915566772222518,0.2370712757110595,-0.9524198174476624,0.8283536434173584,0,0,0,1
20.433333333333334,0.6039860297974702,0.30391305662270857,0.7367752234051653,0.24744246731345954,-0.7558256312580918,0.5116895432463179,0.4085357101474498,0.1395521163940429,-0.2528408411289526,-0.8036234599279791,0.5387586135836595,0.8995779139327303,0.0,0.0,0.0,1.0,0.1428568959236145,0.9533211588859558,0.2660278975963592,-0.1651051193475723,0.9710294604301452,-0.1870191395282745,0.1487477570772171,0.2037380039691925,0.1915566772222518,0.2370712757110595,-0.9524198174476624,0.8283536434173584,0,0,0,1
20.466666666666665,0.6039860297974702,0.30391305662270857,0.7367752234051653,0.24661891823018064,-0.7558256312580918,0.5116895432463179,0.4085357101474498,0.1395521163940429,-0.2528408411289526,-0.8036234599279791,0.5387586135836595,0.9001425523792181,0.0,0.0,0.0,1.0,0.1428568959236145,0.9533211588859558,0.2660278975963592,-0.1651051193475723,0.9710294604301452,-0.1870191395282745,0.1487477570772171,0.2037380039691925,0.1915566772222518,0.2370712757110595,-0.9524198174476624,0.8283536434173584,0,0,0,1
20.5,0.6039860297974702,0.30391305662270857,0.7367752234051653,0.24578838587289648,-0.7558256312580918,0.5116895432463179,0.4085357101474498,0.1395521163940429,-0.2528408411289526,-0.8036234599279791,0.5387586135836595,0.9006968678772205,0.0,0.0,0.0,1.0,0.1428568959236145,0.9533211588859558,0.2660278975963592,-0.1651051193475723,0.9710294604301452,-0.1870191395282745,0.1487477570772171,0.2037380039691925,0.1915566772222518,0.2370712757110595,-0.9524198174476624,0.8283536434173584,0,0,0,1
20.533333333333335,0.6039860297974702,0.30391305662270857,0.7367752234051653,0.24495099962942118,-0.7558256312580918,0.5116895432463179,0.4085357101474498,0.1395521163940429,-0.2528408411289526,-0.8036234599279791,0.5387586135836595,0.9012407740704743,0.0,0.0,0.0,1.0,0.1428568959236145,0.9533211588859558,0.2660278975963592,-0.1651051193475723,0.9710294604301452,-0.1870191395282745,0.1487477570772171,0.2037380039691925,0.1915566772222518,0.2370712757110595,-0.9524198174476624,0.8283536434173584,0,0,0,1
20.566666666666666,0.6039860297974702,0.30391305662270857,0.7367752234051653,0.2441068899553292,-0.7558256312580918,0.5116895432463179,0.4085357101474498,0.1395521163940429,-0.2528408411289526,-0.8036234599279791,0.5387586135836595,0.901774186224372,0.0,0.0,0.0,1.0,0.1428568959236145,0.9533211588859558,0.2660278975963592,-0.1651051193475723,0.9710294604301452,-0.1870191395282745,0.1487477570772171,0.2037380039691925,0.1915566772222518,0.2370712757110595,-0.9524198174476624,0.8283536434173584,0,0,0,1
20.6,0.6039860297974702,0.30391305662270857,0.7367752234051653,0.2432561883536314,-0.7558256312580918,0.5116895432463179,0.4085357101474498,0.1395521163940429,-0.2528408411289526,-0.8036234599279791,0.5387586135836595,0.902297021239162,0.0,0.0,0.0,1.0,0.1428568959236145,0.9533211588859558,0.2660278975963592,-0.1651051193475723,0.9710294604301452,-0.1870191395282745,0.1487477570772171,0.2037380039691925,0.1915566772222518,0.2370712757110595,-0.9524198174476624,0.8283536434173584,0,0,0,1
20.633333333333333,0.6039860297974702,0.30391305662270857,0.7367752234051653,0.2423990273542887,-0.7558256312580918,0.5116895432463179,0.4085357101474498,0.1395521163940429,-0.2528408411289526,-0.8036234599279791,0.5387586135836595,0.9028091976628944,0.0,0.0,0.0,1.0,0.1428568959236145,0.9533211588859558,0.2660278975963592,-0.1651051193475723,0.9710294604301452,-0.1870191395282745,0.1487477570772171,0.2037380039691925,0.1915566772222518,0.2370712757110595,-0.9524198174476624,0.8283536434173584,0,0,0,1
20.666666666666668,0.6039860297974702,0.30391305662270857,0.7367752234051653,0.24153554049356502,-0.7558256312580918,0.5116895432463179,0.4085357101474498,0.1395521163940429,-0.2528408411289526,-0.8036234599279791,0.5387586135836595,0.9033106357041111,0.0,0.0,0.0,1.0,0.1428568959236145,0.9533211588859558,0.2660278975963592,-0.1651051193475723,0.9710294604301452,-0.1870191395282745,0.1487477570772171,0.2037380039691925,0.1915566772222518,0.2370712757110595,-0.9524198174476624,0.8283536434173584,0,0,0,1
20.7,0.6039860297974702,0.30391305662270857,0.7367752234051653,0.24066586229322418,-0.7558256312580918,0.5116895432463179,0.4085357101474498,0.1395521163940429,-0.2528408411289526,-0.8036234599279791,0.5387586135836595,0.9038012572442755,0.0,0.0,0.0,1.0,0.1428568959236145,0.9533211588859558,0.2660278975963592,-0.1651051193475723,0.9710294604301452,-0.1870191395282745,0.1487477570772171,0.2037380039691925,0.1915566772222518,0.2370712757110595,-0.9524198174476624,0.8283536434173584,0,0,0,1
20.733333333333334,0.6039860297974702,0.30391305662270857,0.7367752234051653,0.23979012823957244,-0.7558256312580918,0.5116895432463179,0.4085357101474498,0.1395521163940429,-0.2528408411289526,-0.8036234599279791,0.5387586135836595,0.9042809858499437,0.0,0.0,0.0,1.0,0.1428568959236145,0.9533211588859558,0.2660278975963592,-0.1651051193475723,0.9710294604301452,-0.1870191395282745,0.1487477570772171,0.2037380039691925,0.1915566772222518,0.2370712757110595,-0.9524198174476624,0.8283536434173584,0,0,0,1
20.766666666666666,0.6039860297974702,0.30391305662270857,0.7367752234051653,0.2389084747623516,-0.7558256312580918,0.5116895432463179,0.4085357101474498,0.1395521163940429,-0.2528408411289526,-0.8036234599279791,0.5387586135836595,0.9047497467846706,0.0,0.0,0.0,1.0,0.1428568959236145,0.9533211588859558,0.2660278975963592,-0.1651051193475723,0.9710294604301452,-0.1870191395282745,0.1487477570772171,0.2037380039691925,0.1915566772222518,0.2370712757110595,-0.9524198174476624,0.8283536434173584,0,0,0,1
20.8,0.6039860297974702,0.30391305662270857,0.7367752234051653,0.2380210392134846,-0.7558256312580918,0.5116895432463179,0.4085357101474498,0.1395521163940429,-0.2528408411289526,-0.8036234599279791,0.5387586135836595,0.9052074670206539,0.0,0.0,0.0,1.0,0.1428568959236145,0.9533211588859558,0.2660278975963592,-0.1651051193475723,0.9710294604301452,-0.1870191395282745,0.1487477570772171,0.2037380039691925,0.1915566772222518,0.2370712757110595,-0.9524198174476624,0.8283536434173584,0,0,0,1
20.833333333333332,0.6039860297974702,0.30391305662270857,0.7367752234051653,0.23712795984567753,-0.7558256312580918,0.5116895432463179,0.4085357101474498,0.1395521163940429,-0.2528408411289526,-0.8036234599279791,0.5387586135836595,0.9056540752501111,0.0,0.0,0.0,1.0,0.1428568959236145,0.9533211588859558,0.2660278975963592,-0.1651051193475723,0.9710294604301452,-0.1870191395282745,0.1487477570772171,0.2037380039691925,0.1915566772222518,0.2370712757110595,-0.9524198174476624,0.8283536434173584,0,0,0,1
20.866666666666667,0.6039860297974702,0.30391305662270857,0.7367752234051653,0.23622937579088146,-0.7558256312580918,0.5116895432463179,0.4085357101474498,0.1395521163940429,-0.2528408411289526,-0.8036234599279791,0.5387586135836595,0.9060895018963879,0.0,0.0,0.0,1.0,0.1428568959236145,0.9533211588859558,0.2660278975963592,-0.1651051193475723,0.9710294604301452,-0.1870191395282745,0.1487477570772171,0.2037380039691925,0.1915566772222518,0.2370712757110595,-0.9524198174476624,0.8283536434173584,0,0,0,1
20.9,0.6039860297974702,0.30391305662270857,0.7367752234051653,0.2353254270386173,-0.7558256312580918,0.5116895432463179,0.4085357101474498,0.1395521163940429,-0.2528408411289526,-0.8036234599279791,0.5387586135836595,0.9065136791247979,0.0,0.0,0.0,1.0,0.1428568959236145,0.9533211588859558,0.2660278975963592,-0.1651051193475723,0.9710294604301452,-0.1870191395282745,0.1487477570772171,0.2037380039691925,0.1915566772222518,0.2370712757110595,-0.9524198174476624,0.8283536434173584,0,0,0,1
20.933333333333334,0.6039860297974702,0.30391305662270857,0.7367752234051653,0.23441625441416675,-0.7558256312580918,0.5116895432463179,0.4085357101474498,0.1395521163940429,-0.2528408411289526,-0.8036234599279791,0.5387586135836595,0.9069265408531904,0.0,0.0,0.0,1.0,0.1428568959236145,0.9533211588859558,0.2660278975963592,-0.1651051193475723,0.9710294604301452,-0.1870191395282745,0.1487477570772171,0.2037380039691925,0.1915566772222518,0.2370712757110595,-0.9524198174476624,0.8283536434173584,0,0,0,1
20.966666666666665,0.6039860297974702,0.30391305662270857,0.7367752234051653,0.23350199955663342,-0.7558256312580918,0.5116895432463179,0.4085357101474498,0.1395521163940429,-0.2528408411289526,-0.8036234599279791,0.5387586135836595,0.9073280227622452,0.0,0.0,0.0,1.0,0.1428568959236145,0.9533211588859558,0.2660278975963592,-0.1651051193475723,0.9710294604301452,-0.1870191395282745,0.1487477570772171,0.2037380039691925,0.1915566772222518,0.2370712757110595,-0.9524198174476624,0.8283536434173584,0,0,0,1
21.0,0.6039860297974702,0.30391305662270857,0.7367752234051653,0.23258280489687705,-0.7558256312580918,0.5116895432463179,0.4085357101474498,0.1395521163940429,-0.2528408411289526,-0.8036234599279791,0.5387586135836595,0.9077180623054929,0.0,0.0,0.0,1.0,0.1428568959236145,0.9533211588859558,0.2660278975963592,-0.1651051193475723,0.9710294604301452,-0.1870191395282745,0.1487477570772171,0.2037380039691925,0.1915566772222518,0.2370712757110595,-0.9524198174476624,0.8283536434173584,0,0,0,1
21.033333333333335,0.6039860297974702,0.30391305662270857,0.7367752234051653,0.23165881363532415,-0.7558256312580918,0.5116895432463179,0.4085357101474498,0.1395521163940429,-0.2528408411289526,-0.8036234599279791,0.5387586135836595,0.908096598719059,0.0,0.0,0.0,1.0,0.1428568959236145,0.9533211588859558,0.2660278975963592,-0.1651051193475723,0.9710294604301452,-0.1870191395282745,0.1487477570772171,0.2037380039691925,0.1915566772222518,0.2370712757110595,-0.9524198174476624,0.8283536434173584,0,0,0,1
21.066666666666666,0.6039860297974702,0.30391305662270857,0.7367752234051653,0.23073016971965926,-0.7558256312580918,0.5116895432463179,0.4085357101474498,0.1395521163940429,-0.2528408411289526,-0.8036234599279791,0.5387586135836595,0.9084635730311302,0.0,0.0,0.0,1.0,0.1428568959236145,0.9533211588859558,0.2660278975963592,-0.1651051193475723,0.9710294604301452,-0.1870191395282745,0.1487477570772171,0.2037380039691925,0.1915566772222518,0.2370712757110595,-0.9524198174476624,0.8283536434173584,0,0,0,1
21.1,0.6039860297974702,0.30391305662270857,0.7367752234051653,0.2297970178223991,-0.7558256312580918,0.5116895432463179,0.4085357101474498,0.1395521163940429,-0.2528408411289526,-0.8036234599279791,0.5387586135836595,0.9088189280711414,0.0,0.0,0.0,1.0,0.1428568959236145,0.9533211588859558,0.2660278975963592,-0.1651051193475723,0.9710294604301452,-0.1870191395282745,0.1487477570772171,0.2037380039691925,0.1915566772222518,0.2370712757110595,-0.9524198174476624,0.8283536434173584,0,0,0,1
21.133333333333333,0.6039860297974702,0.30391305662270857,0.7367752234051653,0.22885950331835456,-0.7558256312580918,0.5116895432463179,0.4085357101474498,0.1395521163940429,-0.2528408411289526,-0.8036234599279791,0.5387586135836595,0.9091626084786826,0.0,0.0,0.0,1.0,0.1428568959236145,0.9533211588859558,0.2660278975963592,-0.1651051193475723,0.9710294604301452,-0.1870191395282745,0.1487477570772171,0.2037380039691925,0.1915566772222518,0.2370712757110595,-0.9524198174476624,0.8283536434173584,0,0,0,1
21.166666666666668,0.6039860297974702,0.30391305662270857,0.7367752234051653,0.22791777226198262,-0.7558256312580918,0.5116895432463179,0.4085357101474498,0.1395521163940429,-0.2528408411289526,-0.8036234599279791,0.5387586135836595,0.909494560712123,0.0,0.0,0.0,1.0,0.1428568959236145,0.9533211588859558,0.2660278975963592,-0.1651051193475723,0.9710294604301452,-0.1870191395282745,0.1487477570772171,0.2037380039691925,0.1915566772222518,0.2370712757110595,-0.9524198174476624,0.8283536434173584,0,0,0,1
21.2,0.6039860297974702,0.30391305662270857,0.7367752234051653,0.22697197136463274,-0.7558256312580918,0.5116895432463179,0.4085357101474498,0.1395521163940429,-0.2528408411289526,-0.8036234599279791,0.5387586135836595,0.9098147330569527,0.0,0.0,0.0,1.0,0.1428568959236145,0.9533211588859558,0.2660278975963592,-0.1651051193475723,0.9710294604301452,-0.1870191395282745,0.1487477570772171,0.2037380039691925,0.1915566772222518,0.2370712757110595,-0.9524198174476624,0.8283536434173584,0,0,0,1
21.233333333333334,0.6039860297974702,0.30391305662270857,0.7367752234051653,0.22602224797169101,-0.7558256312580918,0.5116895432463179,0.4085357101474498,0.1395521163940429,-0.2528408411289526,-0.8036234599279791,0.5387586135836595,0.910123075633839,0.0,0.0,0.0,1.0,0.1428568959236145,0.9533211588859558,0.2660278975963592,-0.1651051193475723,0.9710294604301452,-0.1870191395282745,0.1487477570772171,0.2037380039691925,0.1915566772222518,0.2370712757110595,-0.9524198174476624,0.8283536434173584,0,0,0,1
21.266666666666666,0.6039860297974702,0.30391305662270857,0.7367752234051653,0.22506875003962518,-0.7558256312580918,0.5116895432463179,0.4085357101474498,0.1395521163940429,-0.2528408411289526,-0.8036234599279791,0.5387586135836595,0.9104195404063966,0.0,0.0,0.0,1.0,0.1428568959236145,0.9533211588859558,0.2660278975963592,-0.1651051193475723,0.9710294604301452,-0.1870191395282745,0.1487477570772171,0.2037380039691925,0.1915566772222518,0.2370712757110595,-0.9524198174476624,0.8283536434173584,0,0,0,1
21.3,0.6039860297974702,0.30391305662270857,0.7367752234051653,0.22411162611293461,-0.7558256312580918,0.5116895432463179,0.4085357101474498,0.1395521163940429,-0.2528408411289526,-0.8036234599279791,0.5387586135836595,0.9107040811886722,0.0,0.0,0.0,1.0,0.1428568959236145,0.9533211588859558,0.2660278975963592,-0.1651051193475723,0.9710294604301452,-0.1870191395282745,0.1487477570772171,0.2037380039691925,0.1915566772222518,0.2370712757110595,-0.9524198174476624,0.8283536434173584,0,0,0,1
21.333333333333332,0.6039860297974702,0.30391305662270857,0.7367752234051653,0.2231510253010089,-0.7558256312580918,0.5116895432463179,0.4085357101474498,0.1395521163940429,-0.2528408411289526,-0.8036234599279791,0.5387586135836595,0.9109766536523387,0.0,0.0,0.0,1.0,0.1428568959236145,0.9533211588859558,0.2660278975963592,-0.1651051193475723,0.9710294604301452,-0.1870191395282745,0.1487477570772171,0.2037380039691925,0.1915566772222518,0.2370712757110595,-0.9524198174476624,0.8283536434173584,0,0,0,1
21.366666666666667,0.6039860297974702,0.30391305662270857,0.7367752234051653,0.2221870972548981,-0.7558256312580918,0.5116895432463179,0.4085357101474498,0.1395521163940429,-0.2528408411289526,-0.8036234599279791,0.5387586135836595,0.9112372153336018,0.0,0.0,0.0,1.0,0.1428568959236145,0.9533211588859558,0.2660278975963592,-0.1651051193475723,0.9710294604301452,-0.1870191395282745,0.1487477570772171,0.2037380039691925,0.1915566772222518,0.2370712757110595,-0.9524198174476624,0.8283536434173584,0,0,0,1
21.4,0.6039860297974702,0.30391305662270857,0.7367752234051653,0.22121999214399887,-0.7558256312580918,0.5116895432463179,0.4085357101474498,0.1395521163940429,-0.2528408411289526,-0.8036234599279791,0.5387586135836595,0.9114857256398148,0.0,0.0,0.0,1.0,0.1428568959236145,0.9533211588859558,0.2660278975963592,-0.1651051193475723,0.9710294604301452,-0.1870191395282745,0.1487477570772171,0.2037380039691925,0.1915566772222518,0.2370712757110595,-0.9524198174476624,0.8283536434173584,0,0,0,1
21.433333333333334,0.6039860297974702,0.30391305662270857,0.7367752234051653,0.2202498606326595,-0.7558256312580918,0.5116895432463179,0.4085357101474498,0.1395521163940429,-0.2528408411289526,-0.8036234599279791,0.5387586135836595,0.9117221458558031,0.0,0.0,0.0,1.0,0.1428568959236145,0.9533211588859558,0.2660278975963592,-0.1651051193475723,0.9710294604301452,-0.1870191395282745,0.1487477570772171,0.2037380039691925,0.1915566772222518,0.2370712757110595,-0.9524198174476624,0.8283536434173584,0,0,0,1
21.466666666666665,0.6039860297974702,0.30391305662270857,0.7367752234051653,0.21927685385670836,-0.7558256312580918,0.5116895432463179,0.4085357101474498,0.1395521163940429,-0.2528408411289526,-0.8036234599279791,0.5387586135836595,0.9119464391498951,0.0,0.0,0.0,1.0,0.1428568959236145,0.9533211588859558,0.2660278975963592,-0.1651051193475723,0.9710294604301452,-0.1870191395282745,0.1487477570772171,0.2037380039691925,0.1915566772222518,0.2370712757110595,-0.9524198174476624,0.8283536434173584,0,0,0,1
21.5,0.6039860297974702,0.30391305662270857,0.7367752234051653,0.21830112339990826,-0.7558256312580918,0.5116895432463179,0.4085357101474498,0.1395521163940429,-0.2528408411289526,-0.8036234599279791,0.5387586135836595,0.9121585705796605,0.0,0.0,0.0,1.0,0.1428568959236145,0.9533211588859558,0.2660278975963592,-0.1651051193475723,0.9710294604301452,-0.1870191395282745,0.1487477570772171,0.2037380039691925,0.1915566772222518,0.2370712757110595,-0.9524198174476624,0.8283536434173584,0,0,0,1
21.533333333333335,0.6039860297974702,0.30391305662270857,0.7367752234051653,0.21732282127034183,-0.7558256312580918,0.5116895432463179,0.4085357101474498,0.1395521163940429,-0.2528408411289526,-0.8036234599279791,0.5387586135836595,0.9123585070973538,0.0,0.0,0.0,1.0,0.1428568959236145,0.9533211588859558,0.2660278975963592,-0.1651051193475723,0.9710294604301452,-0.1870191395282745,0.1487477570772171,0.2037380039691925,0.1915566772222518,0.2370712757110595,-0.9524198174476624,0.8283536434173584,0,0,0,1
21.566666666666666,0.6039860297974702,0.30391305662270857,0.7367752234051653,0.21634209987672975,-0.7558256312580918,0.5116895432463179,0.4085357101474498,0.1395521163940429,-0.2528408411289526,-0.8036234599279791,0.5387586135836595,0.9125462175550625,0.0,0.0,0.0,1.0,0.1428568959236145,0.9533211588859558,0.2660278975963592,-0.1651051193475723,0.9710294604301452,-0.1870191395282745,0.1487477570772171,0.2037380039691925,0.1915566772222518,0.2370712757110595,-0.9524198174476624,0.8283536434173584,0,0,0,1
21.6,0.6039860297974702,0.30391305662270857,0.7367752234051653,0.21535911200468774,-0.7558256312580918,0.5116895432463179,0.4085357101474498,0.1395521163940429,-0.2528408411289526,-0.8036234599279791,0.5387586135836595,0.9127216727095603,0.0,0.0,0.0,1.0,0.1428568959236145,0.9533211588859558,0.2660278975963592,-0.1651051193475723,0.9710294604301452,-0.1870191395282745,0.1487477570772171,0.2037380039691925,0.1915566772222518,0.2370712757110595,-0.9524198174476624,0.8283536434173584,0,0,0,1
21.633333333333333,0.6039860297974702,0.30391305662270857,0.7367752234051653,0.21437401079292376,-0.7558256312580918,0.5116895432463179,0.4085357101474498,0.1395521163940429,-0.2528408411289526,-0.8036234599279791,0.5387586135836595,0.9128848452268622,0.0,0.0,0.0,1.0,0.1428568959236145,0.9533211588859558,0.2660278975963592,-0.1651051193475723,0.9710294604301452,-0.1870191395282745,0.1487477570772171,0.2037380039691925,0.1915566772222518,0.2370712757110595,-0.9524198174476624,0.8283536434173584,0,0,0,1
21.666666666666668,0.6039860297974702,0.30391305662270857,0.7367752234051653,0.21338694970938085,-0.7558256312580918,0.5116895432463179,0.4085357101474498,0.1395521163940429,-0.2528408411289526,-0.8036234599279791,0.5387586135836595,0.9130357096864832,0.0,0.0,0.0,1.0,0.1428568959236145,0.9533211588859558,0.2660278975963592,-0.1651051193475723,0.9710294604301452,-0.1870191395282745,0.1487477570772171,0.2037380039691925,0.1915566772222518,0.2370712757110595,-0.9524198174476624,0.8283536434173584,0,0,0,1
21.7,0.6039860297974702,0.30391305662270857,0.7367752234051653,0.21239808252732872,-0.7558256312580918,0.5116895432463179,0.4085357101474498,0.1395521163940429,-0.2528408411289526,-0.8036234599279791,0.5387586135836595,0.9131742425853984,0.0,0.0,0.0,1.0,0.1428568959236145,0.9533211588859558,0.2660278975963592,-0.1651051193475723,0.9710294604301452,-0.1870191395282745,0.1487477570772171,0.2037380039691925,0.1915566772222518,0.2370712757110595,-0.9524198174476624,0.8283536434173584,0,0,0,1
21.733333333333334,0.6039860297974702,0.30391305662270857,0.7367752234051653,0.21140756330140725,-0.7558256312580918,0.5116895432463179,0.4085357101474498,0.1395521163940429,-0.2528408411289526,-0.8036234599279791,0.5387586135836595,0.9133004223417045,0.0,0.0,0.0,1.0,0.1428568959236145,0.9533211588859558,0.2660278975963592,-0.1651051193475723,0.9710294604301452,-0.1870191395282745,0.1487477570772171,0.2037380039691925,0.1915566772222518,0.2370712757110595,-0.9524198174476624,0.8283536434173584,0,0,0,1
21.766666666666666,0.6039860297974702,0.30391305662270857,0.7367752234051653,0.2104155463436266,-0.7558256312580918,0.5116895432463179,0.4085357101474498,0.1395521163940429,-0.2528408411289526,-0.8036234599279791,0.5387586135836595,0.9134142292979821,0.0,0.0,0.0,1.0,0.1428568959236145,0.9533211588859558,0.2660278975963592,-0.1651051193475723,0.9710294604301452,-0.1870191395282745,0.1487477570772171,0.2037380039691925,0.1915566772222518,0.2370712757110595,-0.9524198174476624,0.8283536434173584,0,0,0,1
21.8,0.6039860297974702,0.30391305662270857,0.7367752234051653,0.20942218619932715,-0.7558256312580918,0.5116895432463179,0.4085357101474498,0.1395521163940429,-0.2528408411289526,-0.8036234599279791,0.5387586135836595,0.9135156457243583,0.0,0.0,0.0,1.0,0.1428568959236145,0.9533211588859558,0.2660278975963592,-0.1651051193475723,0.9710294604301452,-0.1870191395282745,0.1487477570772171,0.2037380039691925,0.1915566772222518,0.2370712757110595,-0.9524198174476624,0.8283536434173584,0,0,0,1
21.833333333333332,0.6039860297974702,0.30391305662270857,0.7367752234051653,0.2084276376231029,-0.7558256312580918,0.5116895432463179,0.4085357101474498,0.1395521163940429,-0.2528408411289526,-0.8036234599279791,0.5387586135836595,0.913604655821268,0.0,0.0,0.0,1.0,0.1428568959236145,0.9533211588859558,0.2660278975963592,-0.1651051193475723,0.9710294604301452,-0.1870191395282745,0.1487477570772171,0.2037380039691925,0.1915566772222518,0.2370712757110595,-0.9524198174476624,0.8283536434173584,0,0,0,1
21.866666666666667,0.6039860297974702,0.30391305662270857,0.7367752234051653,0.20743205555469255,-0.7558256312580918,0.5116895432463179,0.4085357101474498,0.1395521163940429,-0.2528408411289526,-0.8036234599279791,0.5387586135836595,0.9136812457219166,0.0,0.0,0.0,1.0,0.1428568959236145,0.9533211588859558,0.2660278975963592,-0.1651051193475723,0.9710294604301452,-0.1870191395282745,0.1487477570772171,0.2037380039691925,0.1915566772222518,0.2370712757110595,-0.9524198174476624,0.8283536434173584,0,0,0,1
21.9,0.6039860297974702,0.30391305662270857,0.7367752234051653,0.20643559509484155,-0.7558256312580918,0.5116895432463179,0.4085357101474498,0.1395521163940429,-0.2528408411289526,-0.8036234599279791,0.5387586135836595,0.9137454034944391,0.0,0.0,0.0,1.0,0.1428568959236145,0.9533211588859558,0.2660278975963592,-0.1651051193475723,0.9710294604301452,-0.1870191395282745,0.1487477570772171,0.2037380039691925,0.1915566772222518,0.2370712757110595,-0.9524198174476624,0.8283536434173584,0,0,0,1
21.933333333333334,0.6039860297974702,0.30391305662270857,0.7367752234051653,0.20543841148113898,-0.7558256312580918,0.5116895432463179,0.4085357101474498,0.1395521163940429,-0.2528408411289526,-0.8036234599279791,0.5387586135836595,0.9137971191437596,0.0,0.0,0.0,1.0,0.1428568959236145,0.9533211588859558,0.2660278975963592,-0.1651051193475723,0.9710294604301452,-0.1870191395282745,0.1487477570772171,0.2037380039691925,0.1915566772222518,0.2370712757110595,-0.9524198174476624,0.8283536434173584,0,0,0,1
21.966666666666665,0.6039860297974702,0.30391305662270857,0.7367752234051653,0.2044406600638334,-0.7558256312580918,0.5116895432463179,0.4085357101474498,0.1395521163940429,-0.2528408411289526,-0.8036234599279791,0.5387586135836595,0.9138363846131483,0.0,0.0,0.0,1.0,0.1428568959236145,0.9533211588859558,0.2660278975963592,-0.1651051193475723,0.9710294604301452,-0.1870191395282745,0.1487477570772171,0.2037380039691925,0.1915566772222518,0.2370712757110595,-0.9524198174476624,0.8283536434173584,0,0,0,1
22.0,0.6039860297974702,0.30391305662270857,0.7367752234051653,0.203442496281631,-0.7558256312580918,0.5116895432463179,0.4085357101474498,0.1395521163940429,-0.2528408411289526,-0.8036234599279791,0.5387586135836595,0.9138631937854766,0.0,0.0,0.0,1.0,0.1428568959236145,0.9533211588859558,0.2660278975963592,-0.1651051193475723,0.9710294604301452,-0.1870191395282745,0.1487477570772171,0.2037380039691925,0.1915566772222518,0.2370712757110595,-0.9524198174476624,0.8283536434173584,0,0,0,1
22.033333333333335,0.6039860297974702,0.30391305662270857,0.7367752234051653,0.2024440756374798,-0.7558256312580918,0.5116895432463179,0.4085357101474498,0.1395521163940429,-0.2528408411289526,-0.8036234599279791,0.5387586135836595,0.9138775424841701,0.0,0.0,0.0,1.0,0.1428568959236145,0.9533211588859558,0.2660278975963592,-0.1651051193475723,0.9710294604301452,-0.1870191395282745,0.1487477570772171,0.2037380039691925,0.1915566772222518,0.2370712757110595,-0.9524198174476624,0.8283536434173584,0,0,0,1
22.066666666666666,0.6039860297974702,0.30391305662270857,0.7367752234051653,0.201445553674344,-0.7558256312580918,0.5116895432463179,0.4085357101474498,0.1395521163940429,-0.2528408411289526,-0.8036234599279791,0.5387586135836595,0.913879428473859,0.0,0.0,0.0,1.0,0.1428568959236145,0.9533211588859558,0.2660278975963592,-0.1651051193475723,0.9710294604301452,-0.1870191395282745,0.1487477570772171,0.2037380039691925,0.1915566772222518,0.2370712757110595,-0.9524198174476624,0.8283536434173584,0,0,0,1
22.1,0.6039860297974702,0.30391305662270857,0.7367752234051653,0.20044708595097246,-0.7558256312580918,0.5116895432463179,0.4085357101474498,0.1395521163940429,-0.2528408411289526,-0.8036234599279791,0.5387586135836595,0.913868851460727,0.0,0.0,0.0,1.0,0.1428568959236145,0.9533211588859558,0.2660278975963592,-0.1651051193475723,0.9710294604301452,-0.1870191395282745,0.1487477570772171,0.2037380039691925,0.1915566772222518,0.2370712757110595,-0.9524198174476624,0.8283536434173584,0,0,0,1
22.133333333333333,0.6039860297974702,0.30391305662270857,0.7367752234051653,0.1994488280176639,-0.7558256312580918,0.5116895432463179,0.4085357101474498,0.1395521163940429,-0.2528408411289526,-0.8036234599279791,0.5387586135836595,0.9138458130925565,0.0,0.0,0.0,1.0,0.1428568959236145,0.9533211588859558,0.2660278975963592,-0.1651051193475723,0.9710294604301452,-0.1870191395282745,0.1487477570772171,0.2037380039691925,0.1915566772222518,0.2370712757110595,-0.9524198174476624,0.8283536434173584,0,0,0,1
22.166666666666668,0.6039860297974702,0.30391305662270857,0.7367752234051653,0.1984509353920339,-0.7558256312580918,0.5116895432463179,0.4085357101474498,0.1395521163940429,-0.2528408411289526,-0.8036234599279791,0.5387586135836595,0.9138103169584721,0.0,0.0,0.0,1.0,0.1428568959236145,0.9533211588859558,0.2660278975963592,-0.1651051193475723,0.9710294604301452,-0.1870191395282745,0.1487477570772171,0.2037380039691925,0.1915566772222518,0.2370712757110595,-0.9524198174476624,0.8283536434173584,0,0,0,1
22.2,0.6039860297974702,0.30391305662270857,0.7367752234051653,0.19745356353478746,-0.7558256312580918,0.5116895432463179,0.4085357101474498,0.1395521163940429,-0.2528408411289526,-0.8036234599279791,0.5387586135836595,0.9137623685883816,0.0,0.0,0.0,1.0,0.1428568959236145,0.9533211588859558,0.2660278975963592,-0.1651051193475723,0.9710294604301452,-0.1870191395282745,0.1487477570772171,0.2037380039691925,0.1915566772222518,0.2370712757110595,-0.9524198174476624,0.8283536434173584,0,0,0,1
22.233333333333334,0.6039860297974702,0.30391305662270857,0.7367752234051653,0.1964568678254994,-0.7558256312580918,0.5116895432463179,0.4085357101474498,0.1395521163940429,-0.2528408411289526,-0.8036234599279791,0.5387586135836595,0.9137019754521136,0.0,0.0,0.0,1.0,0.1428568959236145,0.9533211588859558,0.2660278975963592,-0.1651051193475723,0.9710294604301452,-0.1870191395282745,0.1487477570772171,0.2037380039691925,0.1915566772222518,0.2370712757110595,-0.9524198174476624,0.8283536434173584,0,0,0,1
22.266666666666666,0.6039860297974702,0.30391305662270857,0.7367752234051653,0.19546100353840806,-0.7558256312580918,0.5116895432463179,0.4085357101474498,0.1395521163940429,-0.2528408411289526,-0.8036234599279791,0.5387586135836595,0.9136291469582556,0.0,0.0,0.0,1.0,0.1428568959236145,0.9533211588859558,0.2660278975963592,-0.1651051193475723,0.9710294604301452,-0.1870191395282745,0.1487477570772171,0.2037380039691925,0.1915566772222518,0.2370712757110595,-0.9524198174476624,0.8283536434173584,0,0,0,1
22.3,0.6039860297974702,0.30391305662270857,0.7367752234051653,0.19446612581822542,-0.7558256312580918,0.5116895432463179,0.4085357101474498,0.1395521163940429,-0.2528408411289526,-0.8036234599279791,0.5387586135836595,0.9135438944526862,0.0,0.0,0.0,1.0,0.1428568959236145,0.9533211588859558,0.2660278975963592,-0.1651051193475723,0.9710294604301452,-0.1870191395282745,0.1487477570772171,0.2037380039691925,0.1915566772222518,0.2370712757110595,-0.9524198174476624,0.8283536434173584,0,0,0,1
22.333333333333332,0.6039860297974702,0.30391305662270857,0.7367752234051653,0.19347238965596733,-0.7558256312580918,0.5116895432463179,0.4085357101474498,0.1395521163940429,-0.2528408411289526,-0.8036234599279791,0.5387586135836595,0.9134462312168092,0.0,0.0,0.0,1.0,0.1428568959236145,0.9533211588859558,0.2660278975963592,-0.1651051193475723,0.9710294604301452,-0.1870191395282745,0.1487477570772171,0.2037380039691925,0.1915566772222518,0.2370712757110595,-0.9524198174476624,0.8283536434173584,0,0,0,1
22.366666666666667,0.6039860297974702,0.30391305662270857,0.7367752234051653,0.1924799498648071,-0.7558256312580918,0.5116895432463179,0.4085357101474498,0.1395521163940429,-0.2528408411289526,-0.8036234599279791,0.5387586135836595,0.9133361724654833,0.0,0.0,0.0,1.0,0.1428568959236145,0.9533211588859558,0.2660278975963592,-0.1651051193475723,0.9710294604301452,-0.1870191395282745,0.1487477570772171,0.2037380039691925,0.1915566772222518,0.2370712757110595,-0.9524198174476624,0.8283536434173584,0,0,0,1
22.4,0.6039860297974702,0.30391305662270857,0.7367752234051653,0.19148896105595792,-0.7558256312580918,0.5116895432463179,0.4085357101474498,0.1395521163940429,-0.2528408411289526,-0.8036234599279791,0.5387586135836595,0.9132137353446526,0.0,0.0,0.0,1.0,0.1428568959236145,0.9533211588859558,0.2660278975963592,-0.1651051193475723,0.9710294604301452,-0.1870191395282745,0.1487477570772171,0.2037380039691925,0.1915566772222518,0.2370712757110595,-0.9524198174476624,0.8283536434173584,0,0,0,1
22.433333333333334,0.6039860297974702,0.30391305662270857,0.7367752234051653,0.19049957761458594,-0.7558256312580918,0.5116895432463179,0.4085357101474498,0.1395521163940429,-0.2528408411289526,-0.8036234599279791,0.5387586135836595,0.9130789389286748,0.0,0.0,0.0,1.0,0.1428568959236145,0.9533211588859558,0.2660278975963592,-0.1651051193475723,0.9710294604301452,-0.1870191395282745,0.1487477570772171,0.2037380039691925,0.1915566772222518,0.2370712757110595,-0.9524198174476624,0.8283536434173584,0,0,0,1
22.466666666666665,0.6039860297974702,0.30391305662270857,0.7367752234051653,0.1895119536757585,-0.7558256312580918,0.5116895432463179,0.4085357101474498,0.1395521163940429,-0.2528408411289526,-0.8036234599279791,0.5387586135836595,0.9129318042173504,0.0,0.0,0.0,1.0,0.1428568959236145,0.9533211588859558,0.2660278975963592,-0.1651051193475723,0.9710294604301452,-0.1870191395282745,0.1487477570772171,0.2037380039691925,0.1915566772222518,0.2370712757110595,-0.9524198174476624,0.8283536434173584,0,0,0,1
22.5,0.6039860297974702,0.30391305662270857,0.7367752234051653,0.18852624310043187,-0.7558256312580918,0.5116895432463179,0.4085357101474498,0.1395521163940429,-0.2528408411289526,-0.8036234599279791,0.5387586135836595,0.9127723541326505,0.0,0.0,0.0,1.0,0.1428568959236145,0.9533211588859558,0.2660278975963592,-0.1651051193475723,0.9710294604301452,-0.1870191395282745,0.1487477570772171,0.2037380039691925,0.1915566772222518,0.2370712757110595,-0.9524198174476624,0.8283536434173584,0,0,0,1
22.533333333333335,0.6039860297974702,0.30391305662270857,0.7367752234051653,0.18754259945148136,-0.7558256312580918,0.5116895432463179,0.4085357101474498,0.1395521163940429,-0.2528408411289526,-0.8036234599279791,0.5387586135836595,0.9126006135151459,0.0,0.0,0.0,1.0,0.1428568959236145,0.9533211588859558,0.2660278975963592,-0.1651051193475723,0.9710294604301452,-0.1870191395282745,0.1487477570772171,0.2037380039691925,0.1915566772222518,0.2370712757110595,-0.9524198174476624,0.8283536434173584,0,0,0,1
22.566666666666666,0.6039860297974702,0.30391305662270857,0.7367752234051653,0.18656117596977775,-0.7558256312580918,0.5116895432463179,0.4085357101474498,0.1395521163940429,-0.2528408411289526,-0.8036234599279791,0.5387586135836595,0.9124166091201374,0.0,0.0,0.0,1.0,0.1428568959236145,0.9533211588859558,0.2660278975963592,-0.1651051193475723,0.9710294604301452,-0.1870191395282745,0.1487477570772171,0.2037380039691925,0.1915566772222518,0.2370712757110595,-0.9524198174476624,0.8283536434173584,0,0,0,1
22.6,0.6039860297974702,0.30391305662270857,0.7367752234051653,0.18558212555031434,-0.7558256312580918,0.5116895432463179,0.4085357101474498,0.1395521163940429,-0.2528408411289526,-0.8036234599279791,0.5387586135836595,0.9122203696134881,0.0,0.0,0.0,1.0,0.1428568959236145,0.9533211588859558,0.2660278975963592,-0.1651051193475723,0.9710294604301452,-0.1870191395282745,0.1487477570772171,0.2037380039691925,0.1915566772222518,0.2370712757110595,-0.9524198174476624,0.8283536434173584,0,0,0,1
22.633333333333333,0.6039860297974702,0.30391305662270857,0.7367752234051653,0.18460560071838722,-0.7558256312580918,0.5116895432463179,0.4085357101474498,0.1395521163940429,-0.2528408411289526,-0.8036234599279791,0.5387586135836595,0.912011925567156,0.0,0.0,0.0,1.0,0.1428568959236145,0.9533211588859558,0.2660278975963592,-0.1651051193475723,0.9710294604301452,-0.1870191395282745,0.1487477570772171,0.2037380039691925,0.1915566772222518,0.2370712757110595,-0.9524198174476624,0.8283536434173584,0,0,0,1
22.666666666666668,0.6039860297974702,0.30391305662270857,0.7367752234051653,0.18363175360583375,-0.7558256312580918,0.5116895432463179,0.4085357101474498,0.1395521163940429,-0.2528408411289526,-0.8036234599279791,0.5387586135836595,0.9117913094544332,0.0,0.0,0.0,1.0,0.1428568959236145,0.9533211588859558,0.2660278975963592,-0.1651051193475723,0.9710294604301452,-0.1870191395282745,0.1487477570772171,0.2037380039691925,0.1915566772222518,0.2370712757110595,-0.9524198174476624,0.8283536434173584,0,0,0,1
22.7,0.6039860297974702,0.30391305662270857,0.7367752234051653,0.1826607359273322,-0.7558256312580918,0.5116895432463179,0.4085357101474498,0.1395521163940429,-0.2528408411289526,-0.8036234599279791,0.5387586135836595,0.9115585556448855,0.0,0.0,0.0,1.0,0.1428568959236145,0.9533211588859558,0.2660278975963592,-0.1651051193475723,0.9710294604301452,-0.1870191395282745,0.1487477570772171,0.2037380039691925,0.1915566772222518,0.2370712757110595,-0.9524198174476624,0.8283536434173584,0,0,0,1
22.733333333333334,0.6039860297974702,0.30391305662270857,0.7367752234051653,0.18169269895676587,-0.7558256312580918,0.5116895432463179,0.4085357101474498,0.1395521163940429,-0.2528408411289526,-0.8036234599279791,0.5387586135836595,0.9113137003989987,0.0,0.0,0.0,1.0,0.1428568959236145,0.9533211588859558,0.2660278975963592,-0.1651051193475723,0.9710294604301452,-0.1870191395282745,0.1487477570772171,0.2037380039691925,0.1915566772222518,0.2370712757110595,-0.9524198174476624,0.8283536434173584,0,0,0,1
22.766666666666666,0.6039860297974702,0.30391305662270857,0.7367752234051653,0.18072779350365664,-0.7558256312580918,0.5116895432463179,0.4085357101474498,0.1395521163940429,-0.2528408411289526,-0.8036234599279791,0.5387586135836595,0.9110567818625293,0.0,0.0,0.0,1.0,0.1428568959236145,0.9533211588859558,0.2660278975963592,-0.1651051193475723,0.9710294604301452,-0.1870191395282745,0.1487477570772171,0.2037380039691925,0.1915566772222518,0.2370712757110595,-0.9524198174476624,0.8283536434173584,0,0,0,1
22.8,0.6039860297974702,0.30391305662270857,0.7367752234051653,0.17976616988967037,-0.7558256312580918,0.5116895432463179,0.4085357101474498,0.1395521163940429,-0.2528408411289526,-0.8036234599279791,0.5387586135836595,0.9107878400605616,0.0,0.0,0.0,1.0,0.1428568959236145,0.9533211588859558,0.2660278975963592,-0.1651051193475723,0.9710294604301452,-0.1870191395282745,0.1487477570772171,0.2037380039691925,0.1915566772222518,0.2370712757110595,-0.9524198174476624,0.8283536434173584,0,0,0,1
22.833333333333332,0.6039860297974702,0.30391305662270857,0.7367752234051653,0.17880797792519845,-0.7558256312580918,0.5116895432463179,0.4085357101474498,0.1395521163940429,-0.2528408411289526,-0.8036234599279791,0.5387586135836595,0.9105069168912732,0.0,0.0,0.0,1.0,0.1428568959236145,0.9533211588859558,0.2660278975963592,-0.1651051193475723,0.9710294604301452,-0.1870191395282745,0.1487477570772171,0.2037380039691925,0.1915566772222518,0.2370712757110595,-0.9524198174476624,0.8283536434173584,0,0,0,1
22.866666666666667,0.6039860297974702,0.30391305662270857,0.7367752234051653,0.17785336688601905,-0.7558256312580918,0.5116895432463179,0.4085357101474498,0.1395521163940429,-0.2528408411289526,-0.8036234599279791,0.5387586135836595,0.9102140561194065,0.0,0.0,0.0,1.0,0.1428568959236145,0.9533211588859558,0.2660278975963592,-0.1651051193475723,0.9710294604301452,-0.1870191395282745,0.1487477570772171,0.2037380039691925,0.1915566772222518,0.2370712757110595,-0.9524198174476624,0.8283536434173584,0,0,0,1
22.9,0.6039860297974702,0.30391305662270857,0.7367752234051653,0.17690248549004137,-0.7558256312580918,0.5116895432463179,0.4085357101474498,0.1395521163940429,-0.2528408411289526,-0.8036234599279791,0.5387586135836595,0.9099093033694516,0.0,0.0,0.0,1.0,0.1428568959236145,0.9533211588859558,0.2660278975963592,-0.1651051193475723,0.9710294604301452,-0.1870191395282745,0.1487477570772171,0.2037380039691925,0.1915566772222518,0.2370712757110595,-0.9524198174476624,0.8283536434173584,0,0,0,1
22.933333333333334,0.6039860297974702,0.30391305662270857,0.7367752234051653,0.17595548187413737,-0.7558256312580918,0.5116895432463179,0.4085357101474498,0.1395521163940429,-0.2528408411289526,-0.8036234599279791,0.5387586135836595,0.9095927061185377,0.0,0.0,0.0,1.0,0.1428568959236145,0.9533211588859558,0.2660278975963592,-0.1651051193475723,0.9710294604301452,-0.1870191395282745,0.1487477570772171,0.2037380039691925,0.1915566772222518,0.2370712757110595,-0.9524198174476624,0.8283536434173584,0,0,0,1
22.966666666666665,0.6039860297974702,0.30391305662270857,0.7367752234051653,0.17501250357106332,-0.7558256312580918,0.5116895432463179,0.4085357101474498,0.1395521163940429,-0.2528408411289526,-0.8036234599279791,0.5387586135836595,0.9092643136890373,0.0,0.0,0.0,1.0,0.1428568959236145,0.9533211588859558,0.2660278975963592,-0.1651051193475723,0.9710294604301452,-0.1870191395282745,0.1487477570772171,0.2037380039691925,0.1915566772222518,0.2370712757110595,-0.9524198174476624,0.8283536434173584,0,0,0,1
23.0,0.6039860297974702,0.30391305662270857,0.7367752234051653,0.1740736974864761,-0.7558256312580918,0.5116895432463179,0.4085357101474498,0.1395521163940429,-0.2528408411289526,-0.8036234599279791,0.5387586135836595,0.908924177240882,0.0,0.0,0.0,1.0,0.1428568959236145,0.9533211588859558,0.2660278975963592,-0.1651051193475723,0.9710294604301452,-0.1870191395282745,0.1487477570772171,0.2037380039691925,0.1915566772222518,0.2370712757110595,-0.9524198174476624,0.8283536434173584,0,0,0,1
23.033333333333335,0.6039860297974702,0.30391305662270857,0.7367752234051653,0.17313920987604683,-0.7558256312580918,0.5116895432463179,0.4085357101474498,0.1395521163940429,-0.2528408411289526,-0.8036234599279791,0.5387586135836595,0.9085723497635928,0.0,0.0,0.0,1.0,0.1428568959236145,0.9533211588859558,0.2660278975963592,-0.1651051193475723,0.9710294604301452,-0.1870191395282745,0.1487477570772171,0.2037380039691925,0.1915566772222518,0.2370712757110595,-0.9524198174476624,0.8283536434173584,0,0,0,1
23.066666666666666,0.6039860297974702,0.30391305662270857,0.7367752234051653,0.1722091863226757,-0.7558256312580918,0.5116895432463179,0.4085357101474498,0.1395521163940429,-0.2528408411289526,-0.8036234599279791,0.5387586135836595,0.9082088860680241,0.0,0.0,0.0,1.0,0.1428568959236145,0.9533211588859558,0.2660278975963592,-0.1651051193475723,0.9710294604301452,-0.1870191395282745,0.1487477570772171,0.2037380039691925,0.1915566772222518,0.2370712757110595,-0.9524198174476624,0.8283536434173584,0,0,0,1
23.1,0.6039860297974702,0.30391305662270857,0.7367752234051653,0.17128377171381193,-0.7558256312580918,0.5116895432463179,0.4085357101474498,0.1395521163940429,-0.2528408411289526,-0.8036234599279791,0.5387586135836595,0.9078338427778254,0.0,0.0,0.0,1.0,0.1428568959236145,0.9533211588859558,0.2660278975963592,-0.1651051193475723,0.9710294604301452,-0.1870191395282745,0.1487477570772171,0.2037380039691925,0.1915566772222518,0.2370712757110595,-0.9524198174476624,0.8283536434173584,0,0,0,1
23.133333333333333,0.6039860297974702,0.30391305662270857,0.7367752234051653,0.17036311021888184,-0.7558256312580918,0.5116895432463179,0.4085357101474498,0.1395521163940429,-0.2528408411289526,-0.8036234599279791,0.5387586135836595,0.9074472783206198,0.0,0.0,0.0,1.0,0.1428568959236145,0.9533211588859558,0.2660278975963592,-0.1651051193475723,0.9710294604301452,-0.1870191395282745,0.1487477570772171,0.2037380039691925,0.1915566772222518,0.2370712757110595,-0.9524198174476624,0.8283536434173584,0,0,0,1
23.166666666666668,0.6039860297974702,0.30391305662270857,0.7367752234051653,0.16944734526682875,-0.7558256312580918,0.5116895432463179,0.4085357101474498,0.1395521163940429,-0.2528408411289526,-0.8036234599279791,0.5387586135836595,0.9070492529189017,0.0,0.0,0.0,1.0,0.1428568959236145,0.9533211588859558,0.2660278975963592,-0.1651051193475723,0.9710294604301452,-0.1870191395282745,0.1487477570772171,0.2037380039691925,0.1915566772222518,0.2370712757110595,-0.9524198174476624,0.8283536434173584,0,0,0,1
23.2,0.6039860297974702,0.30391305662270857,0.7367752234051653,0.16853661952376858,-0.7558256312580918,0.5116895432463179,0.4085357101474498,0.1395521163940429,-0.2528408411289526,-0.8036234599279791,0.5387586135836595,0.9066398285806546,0.0,0.0,0.0,1.0,0.1428568959236145,0.9533211588859558,0.2660278975963592,-0.1651051193475723,0.9710294604301452,-0.1870191395282745,0.1487477570772171,0.2037380039691925,0.1915566772222518,0.2370712757110595,-0.9524198174476624,0.8283536434173584,0,0,0,1
23.233333333333334,0.6039860297974702,0.30391305662270857,0.7367752234051653,0.16763107487076379,-0.7558256312580918,0.5116895432463179,0.4085357101474498,0.1395521163940429,-0.2528408411289526,-0.8036234599279791,0.5387586135836595,0.9062190690896912,0.0,0.0,0.0,1.0,0.1428568959236145,0.9533211588859558,0.2660278975963592,-0.1651051193475723,0.9710294604301452,-0.1870191395282745,0.1487477570772171,0.2037380039691925,0.1915566772222518,0.2370712757110595,-0.9524198174476624,0.8283536434173584,0,0,0,1
23.266666666666666,0.6039860297974702,0.30391305662270857,0.7367752234051653,0.1667308523817198,-0.7558256312580918,0.5116895432463179,0.4085357101474498,0.1395521163940429,-0.2528408411289526,-0.8036234599279791,0.5387586135836595,0.905787039995716,0.0,0.0,0.0,1.0,0.1428568959236145,0.9533211588859558,0.2660278975963592,-0.1651051193475723,0.9710294604301452,-0.1870191395282745,0.1487477570772171,0.2037380039691925,0.1915566772222518,0.2370712757110595,-0.9524198174476624,0.8283536434173584,0,0,0,1
23.3,0.6039860297974702,0.30391305662270857,0.7367752234051653,0.1658360923014075,-0.7558256312580918,0.5116895432463179,0.4085357101474498,0.1395521163940429,-0.2528408411289526,-0.8036234599279791,0.5387586135836595,0.9053438086041143,0.0,0.0,0.0,1.0,0.1428568959236145,0.9533211588859558,0.2660278975963592,-0.1651051193475723,0.9710294604301452,-0.1870191395282745,0.1487477570772171,0.2037380039691925,0.1915566772222518,0.2370712757110595,-0.9524198174476624,0.8283536434173584,0,0,0,1
23.333333333333332,0.6039860297974702,0.30391305662270857,0.7367752234051653,0.16494693402361466,-0.7558256312580918,0.5116895432463179,0.4085357101474498,0.1395521163940429,-0.2528408411289526,-0.8036234599279791,0.5387586135836595,0.904889443965466,0.0,0.0,0.0,1.0,0.1428568959236145,0.9533211588859558,0.2660278975963592,-0.1651051193475723,0.9710294604301452,-0.1870191395282745,0.1487477570772171,0.2037380039691925,0.1915566772222518,0.2370712757110595,-0.9524198174476624,0.8283536434173584,0,0,0,1
23.366666666666667,0.6039860297974702,0.30391305662270857,0.7367752234051653,0.16406351606942948,-0.7558256312580918,0.5116895432463179,0.4085357101474498,0.1395521163940429,-0.2528408411289526,-0.8036234599279791,0.5387586135836595,0.9044240168647888,0.0,0.0,0.0,1.0,0.1428568959236145,0.9533211588859558,0.2660278975963592,-0.1651051193475723,0.9710294604301452,-0.1870191395282745,0.1487477570772171,0.2037380039691925,0.1915566772222518,0.2370712757110595,-0.9524198174476624,0.8283536434173584,0,0,0,1
23.4,0.6039860297974702,0.30391305662270857,0.7367752234051653,0.1631859760656611,-0.7558256312580918,0.5116895432463179,0.4085357101474498,0.1395521163940429,-0.2528408411289526,-0.8036234599279791,0.5387586135836595,0.9039475998105099,0.0,0.0,0.0,1.0,0.1428568959236145,0.9533211588859558,0.2660278975963592,-0.1651051193475723,0.9710294604301452,-0.1870191395282745,0.1487477570772171,0.2037380039691925,0.1915566772222518,0.2370712757110595,-0.9524198174476624,0.8283536434173584,0,0,0,1
23.433333333333334,0.6039860297974702,0.30391305662270857,0.7367752234051653,0.16231445072339845,-0.7558256312580918,0.5116895432463179,0.4085357101474498,0.1395521163940429,-0.2528408411289526,-0.8036234599279791,0.5387586135836595,0.903460267023171,0.0,0.0,0.0,1.0,0.1428568959236145,0.9533211588859558,0.2660278975963592,-0.1651051193475723,0.9710294604301452,-0.1870191395282745,0.1487477570772171,0.2037380039691925,0.1915566772222518,0.2370712757110595,-0.9524198174476624,0.8283536434173584,0,0,0,1
23.466666666666665,0.6039860297974702,0.30391305662270857,0.7367752234051653,0.1614490758167123,-0.7558256312580918,0.5116895432463179,0.4085357101474498,0.1395521163940429,-0.2528408411289526,-0.8036234599279791,0.5387586135836595,0.9029620944238648,0.0,0.0,0.0,1.0,0.1428568959236145,0.9533211588859558,0.2660278975963592,-0.1651051193475723,0.9710294604301452,-0.1870191395282745,0.1487477570772171,0.2037380039691925,0.1915566772222518,0.2370712757110595,-0.9524198174476624,0.8283536434173584,0,0,0,1
23.5,0.6039860297974702,0.30391305662270857,0.7367752234051653,0.1605899861615031,-0.7558256312580918,0.5116895432463179,0.4085357101474498,0.1395521163940429,-0.2528408411289526,-0.8036234599279791,0.5387586135836595,0.9024531596224077,0.0,0.0,0.0,1.0,0.1428568959236145,0.9533211588859558,0.2660278975963592,-0.1651051193475723,0.9710294604301452,-0.1870191395282745,0.1487477570772171,0.2037380039691925,0.1915566772222518,0.2370712757110595,-0.9524198174476624,0.8283536434173584,0,0,0,1
23.533333333333335,0.6039860297974702,0.30391305662270857,0.7367752234051653,0.1597373155944983,-0.7558256312580918,0.5116895432463179,0.4085357101474498,0.1395521163940429,-0.2528408411289526,-0.8036234599279791,0.5387586135836595,0.9019335419052489,0.0,0.0,0.0,1.0,0.1428568959236145,0.9533211588859558,0.2660278975963592,-0.1651051193475723,0.9710294604301452,-0.1870191395282745,0.1487477570772171,0.2037380039691925,0.1915566772222518,0.2370712757110595,-0.9524198174476624,0.8283536434173584,0,0,0,1
23.566666666666666,0.6039860297974702,0.30391305662270857,0.7367752234051653,0.15889119695240195,-0.7558256312580918,0.5116895432463179,0.4085357101474498,0.1395521163940429,-0.2528408411289526,-0.8036234599279791,0.5387586135836595,0.9014033222231185,0.0,0.0,0.0,1.0,0.1428568959236145,0.9533211588859558,0.2660278975963592,-0.1651051193475723,0.9710294604301452,-0.1870191395282745,0.1487477570772171,0.2037380039691925,0.1915566772222518,0.2370712757110595,-0.9524198174476624,0.8283536434173584,0,0,0,1
23.6,0.6039860297974702,0.30391305662270857,0.7367752234051653,0.15805176205120008,-0.7558256312580918,0.5116895432463179,0.4085357101474498,0.1395521163940429,-0.2528408411289526,-0.8036234599279791,0.5387586135836595,0.9008625831784159,0.0,0.0,0.0,1.0,0.1428568959236145,0.9533211588859558,0.2660278975963592,-0.1651051193475723,0.9710294604301452,-0.1870191395282745,0.1487477570772171,0.2037380039691925,0.1915566772222518,0.2370712757110595,-0.9524198174476624,0.8283536434173584,0,0,0,1
23.633333333333333,0.6039860297974702,0.30391305662270857,0.7367752234051653,0.1572191416656254,-0.7558256312580918,0.5116895432463179,0.4085357101474498,0.1395521163940429,-0.2528408411289526,-0.8036234599279791,0.5387586135836595,0.9003114090123423,0.0,0.0,0.0,1.0,0.1428568959236145,0.9533211588859558,0.2660278975963592,-0.1651051193475723,0.9710294604301452,-0.1870191395282745,0.1487477570772171,0.2037380039691925,0.1915566772222518,0.2370712757110595,-0.9524198174476624,0.8283536434173584,0,0,0,1
23.666666666666668,0.6039860297974702,0.30391305662270857,0.7367752234051653,0.15639346550878402,-0.7558256312580918,0.5116895432463179,0.4085357101474498,0.1395521163940429,-0.2528408411289526,-0.8036234599279791,0.5387586135836595,0.8997498855917753,0.0,0.0,0.0,1.0,0.1428568959236145,0.9533211588859558,0.2660278975963592,-0.1651051193475723,0.9710294604301452,-0.1870191395282745,0.1487477570772171,0.2037380039691925,0.1915566772222518,0.2370712757110595,-0.9524198174476624,0.8283536434173584,0,0,0,1
23.7,0.6039860297974702,0.30391305662270857,0.7367752234051653,0.1555748622119475,-0.7558256312580918,0.5116895432463179,0.4085357101474498,0.1395521163940429,-0.2528408411289526,-0.8036234599279791,0.5387586135836595,0.8991781003958932,0.0,0.0,0.0,1.0,0.1428568959236145,0.9533211588859558,0.2660278975963592,-0.1651051193475723,0.9710294604301452,-0.1870191395282745,0.1487477570772171,0.2037380039691925,0.1915566772222518,0.2370712757110595,-0.9524198174476624,0.8283536434173584,0,0,0,1
23.733333333333334,0.6039860297974702,0.30391305662270857,0.7367752234051653,0.1547634593045135,-0.7558256312580918,0.5116895432463179,0.4085357101474498,0.1395521163940429,-0.2528408411289526,-0.8036234599279791,0.5387586135836595,0.8985961425025459,0.0,0.0,0.0,1.0,0.1428568959236145,0.9533211588859558,0.2660278975963592,-0.1651051193475723,0.9710294604301452,-0.1870191395282745,0.1487477570772171,0.2037380039691925,0.1915566772222518,0.2370712757110595,-0.9524198174476624,0.8283536434173584,0,0,0,1
23.766666666666666,0.6039860297974702,0.30391305662270857,0.7367752234051653,0.15395938319413816,-0.7558256312580918,0.5116895432463179,0.4085357101474498,0.1395521163940429,-0.2528408411289526,-0.8036234599279791,0.5387586135836595,0.8980041025743779,0.0,0.0,0.0,1.0,0.1428568959236145,0.9533211588859558,0.2660278975963592,-0.1651051193475723,0.9710294604301452,-0.1870191395282745,0.1487477570772171,0.2037380039691925,0.1915566772222518,0.2370712757110595,-0.9524198174476624,0.8283536434173584,0,0,0,1
23.8,0.6039860297974702,0.30391305662270857,0.7367752234051653,0.15316275914704316,-0.7558256312580918,0.5116895432463179,0.4085357101474498,0.1395521163940429,-0.2528408411289526,-0.8036234599279791,0.5387586135836595,0.8974020728447037,0.0,0.0,0.0,1.0,0.1428568959236145,0.9533211588859558,0.2660278975963592,-0.1651051193475723,0.9710294604301452,-0.1870191395282745,0.1487477570772171,0.2037380039691925,0.1915566772222518,0.2370712757110595,-0.9524198174476624,0.8283536434173584,0,0,0,1
23.833333333333332,0.6039860297974702,0.30391305662270857,0.7367752234051653,0.1523737112685006,-0.7558256312580918,0.5116895432463179,0.4085357101474498,0.1395521163940429,-0.2528408411289526,-0.8036234599279791,0.5387586135836595,0.8967901471031393,0.0,0.0,0.0,1.0,0.1428568959236145,0.9533211588859558,0.2660278975963592,-0.1651051193475723,0.9710294604301452,-0.1870191395282745,0.1487477570772171,0.2037380039691925,0.1915566772222518,0.2370712757110595,-0.9524198174476624,0.8283536434173584,0,0,0,1
23.866666666666667,0.6039860297974702,0.30391305662270857,0.7367752234051653,0.15159236248349886,-0.7558256312580918,0.5116895432463179,0.4085357101474498,0.1395521163940429,-0.2528408411289526,-0.8036234599279791,0.5387586135836595,0.8961684206809907,0.0,0.0,0.0,1.0,0.1428568959236145,0.9533211588859558,0.2660278975963592,-0.1651051193475723,0.9710294604301452,-0.1870191395282745,0.1487477570772171,0.2037380039691925,0.1915566772222518,0.2370712757110595,-0.9524198174476624,0.8283536434173584,0,0,0,1
23.9,0.6039860297974702,0.30391305662270857,0.7367752234051653,0.15081883451759204,-0.7558256312580918,0.5116895432463179,0.4085357101474498,0.1395521163940429,-0.2528408411289526,-0.8036234599279791,0.5387586135836595,0.8955369904364018,0.0,0.0,0.0,1.0,0.1428568959236145,0.9533211588859558,0.2660278975963592,-0.1651051193475723,0.9710294604301452,-0.1870191395282745,0.1487477570772171,0.2037380039691925,0.1915566772222518,0.2370712757110595,-0.9524198174476624,0.8283536434173584,0,0,0,1
23.933333333333334,0.6039860297974702,0.30391305662270857,0.7367752234051653,0.15005324787793656,-0.7558256312580918,0.5116895432463179,0.4085357101474498,0.1395521163940429,-0.2528408411289526,-0.8036234599279791,0.5387586135836595,0.8948959547392658,0.0,0.0,0.0,1.0,0.1428568959236145,0.9533211588859558,0.2660278975963592,-0.1651051193475723,0.9710294604301452,-0.1870191395282745,0.1487477570772171,0.2037380039691925,0.1915566772222518,0.2370712757110595,-0.9524198174476624,0.8283536434173584,0,0,0,1
23.966666666666665,0.6039860297974702,0.30391305662270857,0.7367752234051653,0.1492957218345177,-0.7558256312580918,0.5116895432463179,0.4085357101474498,0.1395521163940429,-0.2528408411289526,-0.8036234599279791,0.5387586135836595,0.8942454134558996,0.0,0.0,0.0,1.0,0.1428568959236145,0.9533211588859558,0.2660278975963592,-0.1651051193475723,0.9710294604301452,-0.1870191395282745,0.1487477570772171,0.2037380039691925,0.1915566772222518,0.2370712757110595,-0.9524198174476624,0.8283536434173584,0,0,0,1
24.0,0.6039860297974702,0.30391305662270857,0.7367752234051653,0.1485463744015681,-0.7558256312580918,0.5116895432463179,0.4085357101474498,0.1395521163940429,-0.2528408411289526,-0.8036234599279791,0.5387586135836595,0.8935854679334863,0.0,0.0,0.0,1.0,0.1428568959236145,0.9533211588859558,0.2660278975963592,-0.1651051193475723,0.9710294604301452,-0.1870191395282745,0.1487477570772171,0.2037380039691925,0.1915566772222518,0.2370712757110595,-0.9524198174476624,0.8283536434173584,0,0,0,1
24.033333333333335,0.6039860297974702,0.30391305662270857,0.7367752234051653,0.14780532231918297,-0.7558256312580918,0.5116895432463179,0.4085357101474498,0.1395521163940429,-0.2528408411289526,-0.8036234599279791,0.5387586135836595,0.8929162209842857,0.0,0.0,0.0,1.0,0.1428568959236145,0.9533211588859558,0.2660278975963592,-0.1651051193475723,0.9710294604301452,-0.1870191395282745,0.1487477570772171,0.2037380039691925,0.1915566772222518,0.2370712757110595,-0.9524198174476624,0.8283536434173584,0,0,0,1
24.066666666666666,0.6039860297974702,0.30391305662270857,0.7367752234051653,0.1470726810351331,-0.7558256312580918,0.5116895432463179,0.4085357101474498,0.1395521163940429,-0.2528408411289526,-0.8036234599279791,0.5387586135836595,0.892237776869618,0.0,0.0,0.0,1.0,0.1428568959236145,0.9533211588859558,0.2660278975963592,-0.1651051193475723,0.9710294604301452,-0.1870191395282745,0.1487477570772171,0.2037380039691925,0.1915566772222518,0.2370712757110595,-0.9524198174476624,0.8283536434173584,0,0,0,1
24.1,0.6039860297974702,0.30391305662270857,0.7367752234051653,0.14634856468687918,-0.7558256312580918,0.5116895432463179,0.4085357101474498,0.1395521163940429,-0.2528408411289526,-0.8036234599279791,0.5387586135836595,0.8915502412836205,0.0,0.0,0.0,1.0,0.1428568959236145,0.9533211588859558,0.2660278975963592,-0.1651051193475723,0.9710294604301452,-0.1870191395282745,0.1487477570772171,0.2037380039691925,0.1915566772222518,0.2370712757110595,-0.9524198174476624,0.8283536434173584,0,0,0,1
24.133333333333333,0.6039860297974702,0.30391305662270857,0.7367752234051653,0.14563308608379066,-0.7558256312580918,0.5116895432463179,0.4085357101474498,0.1395521163940429,-0.2528408411289526,-0.8036234599279791,0.5387586135836595,0.8908537213367818,0.0,0.0,0.0,1.0,0.1428568959236145,0.9533211588859558,0.2660278975963592,-0.1651051193475723,0.9710294604301452,-0.1870191395282745,0.1487477570772171,0.2037380039691925,0.1915566772222518,0.2370712757110595,-0.9524198174476624,0.8283536434173584,0,0,0,1
24.166666666666668,0.6039860297974702,0.30391305662270857,0.7367752234051653,0.1449263566895713,-0.7558256312580918,0.5116895432463179,0.4085357101474498,0.1395521163940429,-0.2528408411289526,-0.8036234599279791,0.5387586135836595,0.8901483255392554,0.0,0.0,0.0,1.0,0.1428568959236145,0.9533211588859558,0.2660278975963592,-0.1651051193475723,0.9710294604301452,-0.1870191395282745,0.1487477570772171,0.2037380039691925,0.1915566772222518,0.2370712757110595,-0.9524198174476624,0.8283536434173584,0,0,0,1
24.2,0.6039860297974702,0.30391305662270857,0.7367752234051653,0.14422848660489412,-0.7558256312580918,0.5116895432463179,0.4085357101474498,0.1395521163940429,-0.2528408411289526,-0.8036234599279791,0.5387586135836595,0.8894341637839547,0.0,0.0,0.0,1.0,0.1428568959236145,0.9533211588859558,0.2660278975963592,-0.1651051193475723,0.9710294604301452,-0.1870191395282745,0.1487477570772171,0.2037380039691925,0.1915566772222518,0.2370712757110595,-0.9524198174476624,0.8283536434173584,0,0,0,1
24.233333333333334,0.6039860297974702,0.30391305662270857,0.7367752234051653,0.14353958455024915,-0.7558256312580918,0.5116895432463179,0.4085357101474498,0.1395521163940429,-0.2528408411289526,-0.8036234599279791,0.5387586135836595,0.8887113473294329,0.0,0.0,0.0,1.0,0.1428568959236145,0.9533211588859558,0.2660278975963592,-0.1651051193475723,0.9710294604301452,-0.1870191395282745,0.1487477570772171,0.2037380039691925,0.1915566772222518,0.2370712757110595,-0.9524198174476624,0.8283536434173584,0,0,0,1
24.266666666666666,0.6039860297974702,0.30391305662270857,0.7367752234051653,0.14285975784900587,-0.7558256312580918,0.5116895432463179,0.4085357101474498,0.1395521163940429,-0.2528408411289526,-0.8036234599279791,0.5387586135836595,0.8879799887825502,0.0,0.0,0.0,1.0,0.1428568959236145,0.9533211588859558,0.2660278975963592,-0.1651051193475723,0.9710294604301452,-0.1870191395282745,0.1487477570772171,0.2037380039691925,0.1915566772222518,0.2370712757110595,-0.9524198174476624,0.8283536434173584,0,0,0,1
24.3,0.6039860297974702,0.30391305662270857,0.7367752234051653,0.14218911241069343,-0.7558256312580918,0.5116895432463179,0.4085357101474498,0.1395521163940429,-0.2528408411289526,-0.8036234599279791,0.5387586135836595,0.8872402020809312,0.0,0.0,0.0,1.0,0.1428568959236145,0.9533211588859558,0.2660278975963592,-0.1651051193475723,0.9710294604301452,-0.1870191395282745,0.1487477570772171,0.2037380039691925,0.1915566772222518,0.2370712757110595,-0.9524198174476624,0.8283536434173584,0,0,0,1
24.333333333333332,0.6039860297974702,0.30391305662270857,0.7367752234051653,0.1415277527145012,-0.7558256312580918,0.5116895432463179,0.4085357101474498,0.1395521163940429,-0.2528408411289526,-0.8036234599279791,0.5387586135836595,0.8864921024752141,0.0,0.0,0.0,1.0,0.1428568959236145,0.9533211588859558,0.2660278975963592,-0.1651051193475723,0.9710294604301452,-0.1870191395282745,0.1487477570772171,0.2037380039691925,0.1915566772222518,0.2370712757110595,-0.9524198174476624,0.8283536434173584,0,0,0,1
24.366666666666667,0.6039860297974702,0.30391305662270857,0.7367752234051653,0.14087578179300184,-0.7558256312580918,0.5116895432463179,0.4085357101474498,0.1395521163940429,-0.2528408411289526,-0.8036234599279791,0.5387586135836595,0.8857358065110965,0.0,0.0,0.0,1.0,0.1428568959236145,0.9533211588859558,0.2660278975963592,-0.1651051193475723,0.9710294604301452,-0.1870191395282745,0.1487477570772171,0.2037380039691925,0.1915566772222518,0.2370712757110595,-0.9524198174476624,0.8283536434173584,0,0,0,1
24.4,0.6039860297974702,0.30391305662270857,0.7367752234051653,0.14023330121610014,-0.7558256312580918,0.5116895432463179,0.4085357101474498,0.1395521163940429,-0.2528408411289526,-0.8036234599279791,0.5387586135836595,0.884971432011178,0.0,0.0,0.0,1.0,0.1428568959236145,0.9533211588859558,0.2660278975963592,-0.1651051193475723,0.9710294604301452,-0.1870191395282745,0.1487477570772171,0.2037380039691925,0.1915566772222518,0.2370712757110595,-0.9524198174476624,0.8283536434173584,0,0,0,1
24.433333333333334,0.6039860297974702,0.30391305662270857,0.7367752234051653,0.13960041107520949,-0.7558256312580918,0.5116895432463179,0.4085357101474498,0.1395521163940429,-0.2528408411289526,-0.8036234599279791,0.5387586135836595,0.8841990980566058,0.0,0.0,0.0,1.0,0.1428568959236145,0.9533211588859558,0.2660278975963592,-0.1651051193475723,0.9710294604301452,-0.1870191395282745,0.1487477570772171,0.2037380039691925,0.1915566772222518,0.2370712757110595,-0.9524198174476624,0.8283536434173584,0,0,0,1
24.466666666666665,0.6039860297974702,0.30391305662270857,0.7367752234051653,0.13897720996765883,-0.7558256312580918,0.5116895432463179,0.4085357101474498,0.1395521163940429,-0.2528408411289526,-0.8036234599279791,0.5387586135836595,0.8834189249685227,0.0,0.0,0.0,1.0,0.1428568959236145,0.9533211588859558,0.2660278975963592,-0.1651051193475723,0.9710294604301452,-0.1870191395282745,0.1487477570772171,0.2037380039691925,0.1915566772222518,0.2370712757110595,-0.9524198174476624,0.8283536434173584,0,0,0,1
24.5,0.6039860297974702,0.30391305662270857,0.7367752234051653,0.13836379498133206,-0.7558256312580918,0.5116895432463179,0.4085357101474498,0.1395521163940429,-0.2528408411289526,-0.8036234599279791,0.5387586135836595,0.882631034289322,0.0,0.0,0.0,1.0,0.1428568959236145,0.9533211588859558,0.2660278975963592,-0.1651051193475723,0.9710294604301452,-0.1870191395282745,0.1487477570772171,0.2037380039691925,0.1915566772222518,0.2370712757110595,-0.9524198174476624,0.8283536434173584,0,0,0,1
24.533333333333335,0.6039860297974702,0.30391305662270857,0.7367752234051653,0.13776026167954303,-0.7558256312580918,0.5116895432463179,0.4085357101474498,0.1395521163940429,-0.2528408411289526,-0.8036234599279791,0.5387586135836595,0.8818355487637133,0.0,0.0,0.0,1.0,0.1428568959236145,0.9533211588859558,0.2660278975963592,-0.1651051193475723,0.9710294604301452,-0.1870191395282745,0.1487477570772171,0.2037380039691925,0.1915566772222518,0.2370712757110595,-0.9524198174476624,0.8283536434173584,0,0,0,1
24.566666666666666,0.6039860297974702,0.30391305662270857,0.7367752234051653,0.13716670408614762,-0.7558256312580918,0.5116895432463179,0.4085357101474498,0.1395521163940429,-0.2528408411289526,-0.8036234599279791,0.5387586135836595,0.8810325923195992,0.0,0.0,0.0,1.0,0.1428568959236145,0.9533211588859558,0.2660278975963592,-0.1651051193475723,0.9710294604301452,-0.1870191395282745,0.1487477570772171,0.2037380039691925,0.1915566772222518,0.2370712757110595,-0.9524198174476624,0.8283536434173584,0,0,0,1
24.6,0.6039860297974702,0.30391305662270857,0.7367752234051653,0.136583214670896,-0.7558256312580918,0.5116895432463179,0.4085357101474498,0.1395521163940429,-0.2528408411289526,-0.8036234599279791,0.5387586135836595,0.8802222900487701,0.0,0.0,0.0,1.0,0.1428568959236145,0.9533211588859558,0.2660278975963592,-0.1651051193475723,0.9710294604301452,-0.1870191395282745,0.1487477570772171,0.2037380039691925,0.1915566772222518,0.2370712757110595,-0.9524198174476624,0.8283536434173584,0,0,0,1
24.633333333333333,0.6039860297974702,0.30391305662270857,0.7367752234051653,0.13600988433502698,-0.7558256312580918,0.5116895432463179,0.4085357101474498,0.1395521163940429,-0.2528408411289526,-0.8036234599279791,0.5387586135836595,0.8794047681874146,0.0,0.0,0.0,1.0,0.1428568959236145,0.9533211588859558,0.2660278975963592,-0.1651051193475723,0.9710294604301452,-0.1870191395282745,0.1487477570772171,0.2037380039691925,0.1915566772222518,0.2370712757110595,-0.9524198174476624,0.8283536434173584,0,0,0,1
24.666666666666668,0.6039860297974702,0.30391305662270857,0.7367752234051653,0.13544680239710633,-0.7558256312580918,0.5116895432463179,0.4085357101474498,0.1395521163940429,-0.2528408411289526,-0.8036234599279791,0.5387586135836595,0.8785801540964552,0.0,0.0,0.0,1.0,0.1428568959236145,0.9533211588859558,0.2660278975963592,-0.1651051193475723,0.9710294604301452,-0.1870191395282745,0.1487477570772171,0.2037380039691925,0.1915566772222518,0.2370712757110595,-0.9524198174476624,0.8283536434173584,0,0,0,1
24.7,0.6039860297974702,0.30391305662270857,0.7367752234051653,0.13489405657911197,-0.7558256312580918,0.5116895432463179,0.4085357101474498,0.1395521163940429,-0.2528408411289526,-0.8036234599279791,0.5387586135836595,0.8777485762417048,0.0,0.0,0.0,1.0,0.1428568959236145,0.9533211588859558,0.2660278975963592,-0.1651051193475723,0.9710294604301452,-0.1870191395282745,0.1487477570772171,0.2037380039691925,0.1915566772222518,0.2370712757110595,-0.9524198174476624,0.8283536434173584,0,0,0,1
24.733333333333334,0.6039860297974702,0.30391305662270857,0.7367752234051653,0.13435173299276798,-0.7558256312580918,0.5116895432463179,0.4085357101474498,0.1395521163940429,-0.2528408411289526,-0.8036234599279791,0.5387586135836595,0.8769101641738547,0.0,0.0,0.0,1.0,0.1428568959236145,0.9533211588859558,0.2660278975963592,-0.1651051193475723,0.9710294604301452,-0.1870191395282745,0.1487477570772171,0.2037380039691925,0.1915566772222518,0.2370712757110595,-0.9524198174476624,0.8283536434173584,0,0,0,1
24.766666666666666,0.6039860297974702,0.30391305662270857,0.7367752234051653,0.13381991612612937,-0.7558256312580918,0.5116895432463179,0.4085357101474498,0.1395521163940429,-0.2528408411289526,-0.8036234599279791,0.5387586135836595,0.8760650485082916,0.0,0.0,0.0,1.0,0.1428568959236145,0.9533211588859558,0.2660278975963592,-0.1651051193475723,0.9710294604301452,-0.1870191395282745,0.1487477570772171,0.2037380039691925,0.1915566772222518,0.2370712757110595,-0.9524198174476624,0.8283536434173584,0,0,0,1
24.8,0.6039860297974702,0.30391305662270857,0.7367752234051653,0.13329868883041962,-0.7558256312580918,0.5116895432463179,0.4085357101474498,0.1395521163940429,-0.2528408411289526,-0.8036234599279791,0.5387586135836595,0.8752133609047487,0.0,0.0,0.0,1.0,0.1428568959236145,0.9533211588859558,0.2660278975963592,-0.1651051193475723,0.9710294604301452,-0.1870191395282745,0.1487477570772171,0.2037380039691925,0.1915566772222518,0.2370712757110595,-0.9524198174476624,0.8283536434173584,0,0,0,1
24.833333333333332,0.6039860297974702,0.30391305662270857,0.7367752234051653,0.13278813230712333,-0.7558256312580918,0.5116895432463179,0.4085357101474498,0.1395521163940429,-0.2528408411289526,-0.8036234599279791,0.5387586135836595,0.874355234046795,0.0,0.0,0.0,1.0,0.1428568959236145,0.9533211588859558,0.2660278975963592,-0.1651051193475723,0.9710294604301452,-0.1870191395282745,0.1487477570772171,0.2037380039691925,0.1915566772222518,0.2370712757110595,-0.9524198174476624,0.8283536434173584,0,0,0,1
24.866666666666667,0.6039860297974702,0.30391305662270857,0.7367752234051653,0.13228832609533622,-0.7558256312580918,0.5116895432463179,0.4085357101474498,0.1395521163940429,-0.2528408411289526,-0.8036234599279791,0.5387586135836595,0.8734908016211651,0.0,0.0,0.0,1.0,0.1428568959236145,0.9533211588859558,0.2660278975963592,-0.1651051193475723,0.9710294604301452,-0.1870191395282745,0.1487477570772171,0.2037380039691925,0.1915566772222518,0.2370712757110595,-0.9524198174476624,0.8283536434173584,0,0,0,1
24.9,0.6039860297974702,0.30391305662270857,0.7367752234051653,0.1317993480593735,-0.7558256312580918,0.5116895432463179,0.4085357101474498,0.1395521163940429,-0.2528408411289526,-0.8036234599279791,0.5387586135836595,0.872620198296931,0.0,0.0,0.0,1.0,0.1428568959236145,0.9533211588859558,0.2660278975963592,-0.1651051193475723,0.9710294604301452,-0.1870191395282745,0.1487477570772171,0.2037380039691925,0.1915566772222518,0.2370712757110595,-0.9524198174476624,0.8283536434173584,0,0,0,1
24.933333333333334,0.6039860297974702,0.30391305662270857,0.7367752234051653,0.13132127437663949,-0.7558256312580918,0.5116895432463179,0.4085357101474498,0.1395521163940429,-0.2528408411289526,-0.8036234599279791,0.5387586135836595,0.8717435597045231,0.0,0.0,0.0,1.0,0.1428568959236145,0.9533211588859558,0.2660278975963592,-0.1651051193475723,0.9710294604301452,-0.1870191395282745,0.1487477570772171,0.2037380039691925,0.1915566772222518,0.2370712757110595,-0.9524198174476624,0.8283536434173584,0,0,0,1
24.966666666666665,0.6039860297974702,0.30391305662270857,0.7367752234051653,0.13085417952576034,-0.7558256312580918,0.5116895432463179,0.4085357101474498,0.1395521163940429,-0.2528408411289526,-0.8036234599279791,0.5387586135836595,0.8708610224146007,0.0,0.0,0.0,1.0,0.1428568959236145,0.9533211588859558,0.2660278975963592,-0.1651051193475723,0.9710294604301452,-0.1870191395282745,0.1487477570772171,0.2037380039691925,0.1915566772222518,0.2370712757110595,-0.9524198174476624,0.8283536434173584,0,0,0,1
25.0,0.6039860297974702,0.30391305662270857,0.7367752234051653,0.1303981362749807,-0.7558256312580918,0.5116895432463179,0.4085357101474498,0.1395521163940429,-0.2528408411289526,-0.8036234599279791,0.5387586135836595,0.8699727239167747,0.0,0.0,0.0,1.0,0.1428568959236145,0.9533211588859558,0.2660278975963592,-0.1651051193475723,0.9710294604301452,-0.1870191395282745,0.1487477570772171,0.2037380039691925,0.1915566772222518,0.2370712757110595,-0.9524198174476624,0.8283536434173584,0,0,0,1
25.033333333333335,0.6039860297974702,0.30391305662270857,0.7367752234051653,0.12995321567082735,-0.7558256312580918,0.5116895432463179,0.4085357101474498,0.1395521163940429,-0.2528408411289526,-0.8036234599279791,0.5387586135836595,0.8690788025981893,0.0,0.0,0.0,1.0,0.1428568959236145,0.9533211588859558,0.2660278975963592,-0.1651051193475723,0.9710294604301452,-0.1870191395282745,0.1487477570772171,0.2037380039691925,0.1915566772222518,0.2370712757110595,-0.9524198174476624,0.8283536434173584,0,0,0,1
25.066666666666666,0.6039860297974702,0.30391305662270857,0.7367752234051653,0.12951948702704102,-0.7558256312580918,0.5116895432463179,0.4085357101474498,0.1395521163940429,-0.2528408411289526,-0.8036234599279791,0.5387586135836595,0.8681793977219623,0.0,0.0,0.0,1.0,0.1428568959236145,0.9533211588859558,0.2660278975963592,-0.1651051193475723,0.9710294604301452,-0.1870191395282745,0.1487477570772171,0.2037380039691925,0.1915566772222518,0.2370712757110595,-0.9524198174476624,0.8283536434173584,0,0,0,1
25.1,0.6039860297974702,0.30391305662270857,0.7367752234051653,0.12909701791377803,-0.7558256312580918,0.5116895432463179,0.4085357101474498,0.1395521163940429,-0.2528408411289526,-0.8036234599279791,0.5387586135836595,0.8672746494054896,0.0,0.0,0.0,1.0,0.1428568959236145,0.9533211588859558,0.2660278975963592,-0.1651051193475723,0.9710294604301452,-0.1870191395282745,0.1487477570772171,0.2037380039691925,0.1915566772222518,0.2370712757110595,-0.9524198174476624,0.8283536434173584,0,0,0,1
25.133333333333333,0.6039860297974702,0.30391305662270857,0.7367752234051653,0.12868587414708355,-0.7558256312580918,0.5116895432463179,0.4085357101474498,0.1395521163940429,-0.2528408411289526,-0.8036234599279791,0.5387586135836595,0.8663646985986161,0.0,0.0,0.0,1.0,0.1428568959236145,0.9533211588859558,0.2660278975963592,-0.1651051193475723,0.9710294604301452,-0.1870191395282745,0.1487477570772171,0.2037380039691925,0.1915566772222518,0.2370712757110595,-0.9524198174476624,0.8283536434173584,0,0,0,1
25.166666666666668,0.6039860297974702,0.30391305662270857,0.7367752234051653,0.1282861197786381,-0.7558256312580918,0.5116895432463179,0.4085357101474498,0.1395521163940429,-0.2528408411289526,-0.8036234599279791,0.5387586135836595,0.8654496870616777,0.0,0.0,0.0,1.0,0.1428568959236145,0.9533211588859558,0.2660278975963592,-0.1651051193475723,0.9710294604301452,-0.1870191395282745,0.1487477570772171,0.2037380039691925,0.1915566772222518,0.2370712757110595,-0.9524198174476624,0.8283536434173584,0,0,0,1
25.2,0.6039860297974702,0.30391305662270857,0.7367752234051653,0.12789781708577935,-0.7558256312580918,0.5116895432463179,0.4085357101474498,0.1395521163940429,-0.2528408411289526,-0.8036234599279791,0.5387586135836595,0.8645297573434164,0.0,0.0,0.0,1.0,0.1428568959236145,0.9533211588859558,0.2660278975963592,-0.1651051193475723,0.9710294604301452,-0.1870191395282745,0.1487477570772171,0.2037380039691925,0.1915566772222518,0.2370712757110595,-0.9524198174476624,0.8283536434173584,0,0,0,1
25.233333333333334,0.6039860297974702,0.30391305662270857,0.7367752234051653,0.12752102656179956,-0.7558256312580918,0.5116895432463179,0.4085357101474498,0.1395521163940429,-0.2528408411289526,-0.8036234599279791,0.5387586135836595,0.863605052758773,0.0,0.0,0.0,1.0,0.1428568959236145,0.9533211588859558,0.2660278975963592,-0.1651051193475723,0.9710294604301452,-0.1870191395282745,0.1487477570772171,0.2037380039691925,0.1915566772222518,0.2370712757110595,-0.9524198174476624,0.8283536434173584,0,0,0,1
25.266666666666666,0.6039860297974702,0.30391305662270857,0.7367752234051653,0.1271558069065217,-0.7558256312580918,0.5116895432463179,0.4085357101474498,0.1395521163940429,-0.2528408411289526,-0.8036234599279791,0.5387586135836595,0.8626757173665597,0.0,0.0,0.0,1.0,0.1428568959236145,0.9533211588859558,0.2660278975963592,-0.1651051193475723,0.9710294604301452,-0.1870191395282745,0.1487477570772171,0.2037380039691925,0.1915566772222518,0.2370712757110595,-0.9524198174476624,0.8283536434173584,0,0,0,1
25.3,0.6039860297974702,0.30391305662270857,0.7367752234051653,0.1268022150171545,-0.7558256312580918,0.5116895432463179,0.4085357101474498,0.1395521163940429,-0.2528408411289526,-0.8036234599279791,0.5387586135836595,0.8617418959470178,0.0,0.0,0.0,1.0,0.1428568959236145,0.9533211588859558,0.2660278975963592,-0.1651051193475723,0.9710294604301452,-0.1870191395282745,0.1487477570772171,0.2037380039691925,0.1915566772222518,0.2370712757110595,-0.9524198174476624,0.8283536434173584,0,0,0,1
25.333333333333332,0.6039860297974702,0.30391305662270857,0.7367752234051653,0.12646030597942853,-0.7558256312580918,0.5116895432463179,0.4085357101474498,0.1395521163940429,-0.2528408411289526,-0.8036234599279791,0.5387586135836595,0.8608037339792622,0.0,0.0,0.0,1.0,0.1428568959236145,0.9533211588859558,0.2660278975963592,-0.1651051193475723,0.9710294604301452,-0.1870191395282745,0.1487477570772171,0.2037380039691925,0.1915566772222518,0.2370712757110595,-0.9524198174476624,0.8283536434173584,0,0,0,1
25.366666666666667,0.6039860297974702,0.30391305662270857,0.7367752234051653,0.12613013305901455,-0.7558256312580918,0.5116895432463179,0.4085357101474498,0.1395521163940429,-0.2528408411289526,-0.8036234599279791,0.5387586135836595,0.8598613776186178,0.0,0.0,0.0,1.0,0.1428568959236145,0.9533211588859558,0.2660278975963592,-0.1651051193475723,0.9710294604301452,-0.1870191395282745,0.1487477570772171,0.2037380039691925,0.1915566772222518,0.2370712757110595,-0.9524198174476624,0.8283536434173584,0,0,0,1
25.4,0.6039860297974702,0.30391305662270857,0.7367752234051653,0.12581174769322512,-0.7558256312580918,0.5116895432463179,0.4085357101474498,0.1395521163940429,-0.2528408411289526,-0.8036234599279791,0.5387586135836595,0.8589149736738497,0.0,0.0,0.0,1.0,0.1428568959236145,0.9533211588859558,0.2660278975963592,-0.1651051193475723,0.9710294604301452,-0.1870191395282745,0.1487477570772171,0.2037380039691925,0.1915566772222518,0.2370712757110595,-0.9524198174476624,0.8283536434173584,0,0,0,1
25.433333333333334,0.6039860297974702,0.30391305662270857,0.7367752234051653,0.12550519948300137,-0.7558256312580918,0.5116895432463179,0.4085357101474498,0.1395521163940429,-0.2528408411289526,-0.8036234599279791,0.5387586135836595,0.857964669584292,0.0,0.0,0.0,1.0,0.1428568959236145,0.9533211588859558,0.2660278975963592,-0.1651051193475723,0.9710294604301452,-0.1870191395282745,0.1487477570772171,0.2037380039691925,0.1915566772222518,0.2370712757110595,-0.9524198174476624,0.8283536434173584,0,0,0,1
25.466666666666665,0.6039860297974702,0.30391305662270857,0.7367752234051653,0.12521053618518568,-0.7558256312580918,0.5116895432463179,0.4085357101474498,0.1395521163940429,-0.2528408411289526,-0.8036234599279791,0.5387586135836595,0.8570106133968786,0.0,0.0,0.0,1.0,0.1428568959236145,0.9533211588859558,0.2660278975963592,-0.1651051193475723,0.9710294604301452,-0.1870191395282745,0.1487477570772171,0.2037380039691925,0.1915566772222518,0.2370712757110595,-0.9524198174476624,0.8283536434173584,0,0,0,1
25.5,0.6039860297974702,0.30391305662270857,0.7367752234051653,0.12492780370508168,-0.7558256312580918,0.5116895432463179,0.4085357101474498,0.1395521163940429,-0.2528408411289526,-0.8036234599279791,0.5387586135836595,0.8560529537430788,0.0,0.0,0.0,1.0,0.1428568959236145,0.9533211588859558,0.2660278975963592,-0.1651051193475723,0.9710294604301452,-0.1870191395282745,0.1487477570772171,0.2037380039691925,0.1915566772222518,0.2370712757110595,-0.9524198174476624,0.8283536434173584,0,0,0,1
25.533333333333335,0.6039860297974702,0.30391305662270857,0.7367752234051653,0.12465704608930268,-0.7558256312580918,0.5116895432463179,0.4085357101474498,0.1395521163940429,-0.2528408411289526,-0.8036234599279791,0.5387586135836595,0.8550918398157428,0.0,0.0,0.0,1.0,0.1428568959236145,0.9533211588859558,0.2660278975963592,-0.1651051193475723,0.9710294604301452,-0.1870191395282745,0.1487477570772171,0.2037380039691925,0.1915566772222518,0.2370712757110595,-0.9524198174476624,0.8283536434173584,0,0,0,1
25.566666666666666,0.6039860297974702,0.30391305662270857,0.7367752234051653,0.12439830551890979,-0.7558256312580918,0.5116895432463179,0.4085357101474498,0.1395521163940429,-0.2528408411289526,-0.8036234599279791,0.5387586135836595,0.8541274213458583,0.0,0.0,0.0,1.0,0.1428568959236145,0.9533211588859558,0.2660278975963592,-0.1651051193475723,0.9710294604301452,-0.1870191395282745,0.1487477570772171,0.2037380039691925,0.1915566772222518,0.2370712757110595,-0.9524198174476624,0.8283536434173584,0,0,0,1
25.6,0.6039860297974702,0.30391305662270857,0.7367752234051653,0.12415162230284045,-0.7558256312580918,0.5116895432463179,0.4085357101474498,0.1395521163940429,-0.2528408411289526,-0.8036234599279791,0.5387586135836595,0.8531598485792246,0.0,0.0,0.0,1.0,0.1428568959236145,0.9533211588859558,0.2660278975963592,-0.1651051193475723,0.9710294604301452,-0.1870191395282745,0.1487477570772171,0.2037380039691925,0.1915566772222518,0.2370712757110595,-0.9524198174476624,0.8283536434173584,0,0,0,1
25.633333333333333,0.6039860297974702,0.30391305662270857,0.7367752234051653,0.12391703487162883,-0.7558256312580918,0.5116895432463179,0.4085357101474498,0.1395521163940429,-0.2528408411289526,-0.8036234599279791,0.5387586135836595,0.8521892722530456,0.0,0.0,0.0,1.0,0.1428568959236145,0.9533211588859558,0.2660278975963592,-0.1651051193475723,0.9710294604301452,-0.1870191395282745,0.1487477570772171,0.2037380039691925,0.1915566772222518,0.2370712757110595,-0.9524198174476624,0.8283536434173584,0,0,0,1
25.666666666666668,0.6039860297974702,0.30391305662270857,0.7367752234051653,0.12369457977141873,-0.7558256312580918,0.5116895432463179,0.4085357101474498,0.1395521163940429,-0.2528408411289526,-0.8036234599279791,0.5387586135836595,0.851215843572447,0.0,0.0,0.0,1.0,0.1428568959236145,0.9533211588859558,0.2660278975963592,-0.1651051193475723,0.9710294604301452,-0.1870191395282745,0.1487477570772171,0.2037380039691925,0.1915566772222518,0.2370712757110595,-0.9524198174476624,0.8283536434173584,0,0,0,1
25.7,0.6039860297974702,0.30391305662270857,0.7367752234051653,0.12348429165827013,-0.7558256312580918,0.5116895432463179,0.4085357101474498,0.1395521163940429,-0.2528408411289526,-0.8036234599279791,0.5387586135836595,0.8502397141869196,0.0,0.0,0.0,1.0,0.1428568959236145,0.9533211588859558,0.2660278975963592,-0.1651051193475723,0.9710294604301452,-0.1870191395282745,0.1487477570772171,0.2037380039691925,0.1915566772222518,0.2370712757110595,-0.9524198174476624,0.8283536434173584,0,0,0,1
25.733333333333334,0.6039860297974702,0.30391305662270857,0.7367752234051653,0.12328620329276009,-0.7558256312580918,0.5116895432463179,0.4085357101474498,0.1395521163940429,-0.2528408411289526,-0.8036234599279791,0.5387586135836595,0.8492610361666948,0.0,0.0,0.0,1.0,0.1428568959236145,0.9533211588859558,0.2660278975963592,-0.1651051193475723,0.9710294604301452,-0.1870191395282745,0.1487477570772171,0.2037380039691925,0.1915566772222518,0.2370712757110595,-0.9524198174476624,0.8283536434173584,0,0,0,1
25.766666666666666,0.6039860297974702,0.30391305662270857,0.7367752234051653,0.12310034553487911,-0.7558256312580918,0.5116895432463179,0.4085357101474498,0.1395521163940429,-0.2528408411289526,-0.8036234599279791,0.5387586135836595,0.848279961979053,0.0,0.0,0.0,1.0,0.1428568959236145,0.9533211588859558,0.2660278975963592,-0.1651051193475723,0.9710294604301452,-0.1870191395282745,0.1487477570772171,0.2037380039691925,0.1915566772222518,0.2370712757110595,-0.9524198174476624,0.8283536434173584,0,0,0,1
25.8,0.6039860297974702,0.30391305662270857,0.7367752234051653,0.12292674733922342,-0.7558256312580918,0.5116895432463179,0.4085357101474498,0.1395521163940429,-0.2528408411289526,-0.8036234599279791,0.5387586135836595,0.8472966444645713,0.0,0.0,0.0,1.0,0.1428568959236145,0.9533211588859558,0.2660278975963592,-0.1651051193475723,0.9710294604301452,-0.1870191395282745,0.1487477570772171,0.2037380039691925,0.1915566772222518,0.2370712757110595,-0.9524198174476624,0.8283536434173584,0,0,0,1
25.833333333333332,0.6039860297974702,0.30391305662270857,0.7367752234051653,0.12276543575048408,-0.7558256312580918,0.5116895432463179,0.4085357101474498,0.1395521163940429,-0.2528408411289526,-0.8036234599279791,0.5387586135836595,0.8463112368133121,0.0,0.0,0.0,1.0,0.1428568959236145,0.9533211588859558,0.2660278975963592,-0.1651051193475723,0.9710294604301452,-0.1870191395282745,0.1487477570772171,0.2037380039691925,0.1915566772222518,0.2370712757110595,-0.9524198174476624,0.8283536434173584,0,0,0,1
25.866666666666667,0.6039860297974702,0.30391305662270857,0.7367752234051653,0.12261643589923397,-0.7558256312580918,0.5116895432463179,0.4085357101474498,0.1395521163940429,-0.2528408411289526,-0.8036234599279791,0.5387586135836595,0.8453238925409587,0.0,0.0,0.0,1.0,0.1428568959236145,0.9533211588859558,0.2660278975963592,-0.1651051193475723,0.9710294604301452,-0.1870191395282745,0.1487477570772171,0.2037380039691925,0.1915566772222518,0.2370712757110595,-0.9524198174476624,0.8283536434173584,0,0,0,1
25.9,0.6039860297974702,0.30391305662270857,0.7367752234051653,0.12247977099801251,-0.7558256312580918,0.5116895432463179,0.4085357101474498,0.1395521163940429,-0.2528408411289526,-0.8036234599279791,0.5387586135836595,0.8443347654648985,0.0,0.0,0.0,1.0,0.1428568959236145,0.9533211588859558,0.2660278975963592,-0.1651051193475723,0.9710294604301452,-0.1870191395282745,0.1487477570772171,0.2037380039691925,0.1915566772222518,0.2370712757110595,-0.9524198174476624,0.8283536434173584,0,0,0,1
25.933333333333334,0.6039860297974702,0.30391305662270857,0.7367752234051653,0.12235546233770939,-0.7558256312580918,0.5116895432463179,0.4085357101474498,0.1395521163940429,-0.2528408411289526,-0.8036234599279791,0.5387586135836595,0.8433440096802596,0.0,0.0,0.0,1.0,0.1428568959236145,0.9533211588859558,0.2660278975963592,-0.1651051193475723,0.9710294604301452,-0.1870191395282745,0.1487477570772171,0.2037380039691925,0.1915566772222518,0.2370712757110595,-0.9524198174476624,0.8283536434173584,0,0,0,1
25.966666666666665,0.6039860297974702,0.30391305662270857,0.7367752234051653,0.12224352928424784,-0.7558256312580918,0.5116895432463179,0.4085357101474498,0.1395521163940429,-0.2528408411289526,-0.8036234599279791,0.5387586135836595,0.8423517795359058,0.0,0.0,0.0,1.0,0.1428568959236145,0.9533211588859558,0.2660278975963592,-0.1651051193475723,0.9710294604301452,-0.1870191395282745,0.1487477570772171,0.2037380039691925,0.1915566772222518,0.2370712757110595,-0.9524198174476624,0.8283536434173584,0,0,0,1
26.0,0.6039860297974702,0.30391305662270857,0.7367752234051653,0.1221439892755675,-0.7558256312580918,0.5116895432463179,0.4085357101474498,0.1395521163940429,-0.2528408411289526,-0.8036234599279791,0.5387586135836595,0.8413582296103895,0.0,0.0,0.0,1.0,0.1428568959236145,0.9533211588859558,0.2660278975963592,-0.1651051193475723,0.9710294604301452,-0.1870191395282745,0.1487477570772171,0.2037380039691925,0.1915566772222518,0.2370712757110595,-0.9524198174476624,0.8283536434173584,0,0,0,1
26.033333333333335,0.6039860297974702,0.30391305662270857,0.7367752234051653,0.12205685781890782,-0.7558256312580918,0.5116895432463179,0.4085357101474498,0.1395521163940429,-0.2528408411289526,-0.8036234599279791,0.5387586135836595,0.8403635146878706,0.0,0.0,0.0,1.0,0.1428568959236145,0.9533211588859558,0.2660278975963592,-0.1651051193475723,0.9710294604301452,-0.1870191395282745,0.1487477570772171,0.2037380039691925,0.1915566772222518,0.2370712757110595,-0.9524198174476624,0.8283536434173584,0,0,0,1
26.066666666666666,0.6039860297974702,0.30391305662270857,0.7367752234051653,0.12198214848839226,-0.7558256312580918,0.5116895432463179,0.4085357101474498,0.1395521163940429,-0.2528408411289526,-0.8036234599279791,0.5387586135836595,0.8393677897340025,0.0,0.0,0.0,1.0,0.1428568959236145,0.9533211588859558,0.2660278975963592,-0.1651051193475723,0.9710294604301452,-0.1870191395282745,0.1487477570772171,0.2037380039691925,0.1915566772222518,0.2370712757110595,-0.9524198174476624,0.8283536434173584,0,0,0,1
26.1,0.6039860297974702,0.30391305662270857,0.7367752234051653,0.1219198729229135,-0.7558256312580918,0.5116895432463179,0.4085357101474498,0.1395521163940429,-0.2528408411289526,-0.8036234599279791,0.5387586135836595,0.8383712098717908,0.0,0.0,0.0,1.0,0.1428568959236145,0.9533211588859558,0.2660278975963592,-0.1651051193475723,0.9710294604301452,-0.1870191395282745,0.1487477570772171,0.2037380039691925,0.1915566772222518,0.2370712757110595,-0.9524198174476624,0.8283536434173584,0,0,0,1
26.133333333333333,0.6039860297974702,0.30391305662270857,0.7367752234051653,0.12187004082432024,-0.7558256312580918,0.5116895432463179,0.4085357101474498,0.1395521163940429,-0.2528408411289526,-0.8036234599279791,0.5387586135836595,0.8373739303574262,0.0,0.0,0.0,1.0,0.1428568959236145,0.9533211588859558,0.2660278975963592,-0.1651051193475723,0.9710294604301452,-0.1870191395282745,0.1487477570772171,0.2037380039691925,0.1915566772222518,0.2370712757110595,-0.9524198174476624,0.8283536434173584,0,0,0,1
26.166666666666668,0.6039860297974702,0.30391305662270857,0.7367752234051653,0.12183265995590584,-0.7558256312580918,0.5116895432463179,0.4085357101474498,0.1395521163940429,-0.2528408411289526,-0.8036234599279791,0.5387586135836595,0.8363761065560975,0.0,0.0,0.0,1.0,0.1428568959236145,0.9533211588859558,0.2660278975963592,-0.1651051193475723,0.9710294604301452,-0.1870191395282745,0.1487477570772171,0.2037380039691925,0.1915566772222518,0.2370712757110595,-0.9524198174476624,0.8283536434173584,0,0,0,1
26.2,0.6039860297974702,0.30391305662270857,0.7367752234051653,0.1218077361411988,-0.7558256312580918,0.5116895432463179,0.4085357101474498,0.1395521163940429,-0.2528408411289526,-0.8036234599279791,0.5387586135836595,0.8353778939177874,0.0,0.0,0.0,1.0,0.1428568959236145,0.9533211588859558,0.2660278975963592,-0.1651051193475723,0.9710294604301452,-0.1870191395282745,0.1487477570772171,0.2037380039691925,0.1915566772222518,0.2370712757110595,-0.9524198174476624,0.8283536434173584,0,0,0,1
26.233333333333334,0.6039860297974702,0.30391305662270857,0.7367752234051653,0.12179527326305555,-0.7558256312580918,0.5116895432463179,0.4085357101474498,0.1395521163940429,-0.2528408411289526,-0.8036234599279791,0.5387586135836595,0.8343794479530552,0.0,0.0,0.0,1.0,0.1428568959236145,0.9533211588859558,0.2660278975963592,-0.1651051193475723,0.9710294604301452,-0.1870191395282745,0.1487477570772171,0.2037380039691925,0.1915566772222518,0.2370712757110595,-0.9524198174476624,0.8283536434173584,0,0,0,1
26.266666666666666,0.6039860297974702,0.30391305662270857,0.7367752234051653,0.12179527326305555,-0.7558256312580918,0.5116895432463179,0.4085357101474498,0.1395521163940429,-0.2528408411289526,-0.8036234599279791,0.5387586135836595,0.8333809242088099,0.0,0.0,0.0,1.0,0.1428568959236145,0.9533211588859558,0.2660278975963592,-0.1651051193475723,0.9710294604301452,-0.1870191395282745,0.1487477570772171,0.2037380039691925,0.1915566772222518,0.2370712757110595,-0.9524198174476624,0.8283536434173584,0,0,0,1
26.3,0.6039860297974702,0.30391305662270857,0.7367752234051653,0.1218077361411988,-0.7558256312580918,0.5116895432463179,0.4085357101474498,0.1395521163940429,-0.2528408411289526,-0.8036234599279791,0.5387586135836595,0.8323824782440777,0.0,0.0,0.0,1.0,0.1428568959236145,0.9533211588859558,0.2660278975963592,-0.1651051193475723,0.9710294604301452,-0.1870191395282745,0.1487477570772171,0.2037380039691925,0.1915566772222518,0.2370712757110595,-0.9524198174476624,0.8283536434173584,0,0,0,1
26.333333333333332,0.6039860297974702,0.30391305662270857,0.7367752234051653,0.12183265995590584,-0.7558256312580918,0.5116895432463179,0.4085357101474498,0.1395521163940429,-0.2528408411289526,-0.8036234599279791,0.5387586135836595,0.8313842656057676,0.0,0.0,0.0,1.0,0.1428568959236145,0.9533211588859558,0.2660278975963592,-0.1651051193475723,0.9710294604301452,-0.1870191395282745,0.1487477570772171,0.2037380039691925,0.1915566772222518,0.2370712757110595,-0.9524198174476624,0.8283536434173584,0,0,0,1
26.366666666666667,0.6039860297974702,0.30391305662270857,0.7367752234051653,0.12187004082432025,-0.7558256312580918,0.5116895432463179,0.4085357101474498,0.1395521163940429,-0.2528408411289526,-0.8036234599279791,0.5387586135836595,0.8303864418044389,0.0,0.0,0.0,1.0,0.1428568959236145,0.9533211588859558,0.2660278975963592,-0.1651051193475723,0.9710294604301452,-0.1870191395282745,0.1487477570772171,0.2037380039691925,0.1915566772222518,0.2370712757110595,-0.9524198174476624,0.8283536434173584,0,0,0,1
26.4,0.6039860297974702,0.30391305662270857,0.7367752234051653,0.1219198729229135,-0.7558256312580918,0.5116895432463179,0.4085357101474498,0.1395521163940429,-0.2528408411289526,-0.8036234599279791,0.5387586135836595,0.8293891622900743,0.0,0.0,0.0,1.0,0.1428568959236145,0.9533211588859558,0.2660278975963592,-0.1651051193475723,0.9710294604301452,-0.1870191395282745,0.1487477570772171,0.2037380039691925,0.1915566772222518,0.2370712757110595,-0.9524198174476624,0.8283536434173584,0,0,0,1
26.433333333333334,0.6039860297974702,0.30391305662270857,0.7367752234051653,0.12198214848839228,-0.7558256312580918,0.5116895432463179,0.4085357101474498,0.1395521163940429,-0.2528408411289526,-0.8036234599279791,0.5387586135836595,0.8283925824278625,0.0,0.0,0.0,1.0,0.1428568959236145,0.9533211588859558,0.2660278975963592,-0.1651051193475723,0.9710294604301452,-0.1870191395282745,0.1487477570772171,0.2037380039691925,0.1915566772222518,0.2370712757110595,-0.9524198174476624,0.8283536434173584,0,0,0,1
26.466666666666665,0.6039860297974702,0.30391305662270857,0.7367752234051653,0.12205685781890782,-0.7558256312580918,0.5116895432463179,0.4085357101474498,0.1395521163940429,-0.2528408411289526,-0.8036234599279791,0.5387586135836595,0.8273968574739946,0.0,0.0,0.0,1.0,0.1428568959236145,0.9533211588859558,0.2660278975963592,-0.1651051193475723,0.9710294604301452,-0.1870191395282745,0.1487477570772171,0.2037380039691925,0.1915566772222518,0.2370712757110595,-0.9524198174476624,0.8283536434173584,0,0,0,1
26.5,0.6039860297974702,0.30391305662270857,0.7367752234051653,0.1221439892755675,-0.7558256312580918,0.5116895432463179,0.4085357101474498,0.1395521163940429,-0.2528408411289526,-0.8036234599279791,0.5387586135836595,0.8264021425514757,0.0,0.0,0.0,1.0,0.1428568959236145,0.9533211588859558,0.2660278975963592,-0.1651051193475723,0.9710294604301452,-0.1870191395282745,0.1487477570772171,0.2037380039691925,0.1915566772222518,0.2370712757110595,-0.9524198174476624,0.8283536434173584,0,0,0,1
26.533333333333335,0.6039860297974702,0.30391305662270857,0.7367752234051653,0.12224352928424784,-0.7558256312580918,0.5116895432463179,0.4085357101474498,0.1395521163940429,-0.2528408411289526,-0.8036234599279791,0.5387586135836595,0.8254085926259592,0.0,0.0,0.0,1.0,0.1428568959236145,0.9533211588859558,0.2660278975963592,-0.1651051193475723,0.9710294604301452,-0.1870191395282745,0.1487477570772171,0.2037380039691925,0.1915566772222518,0.2370712757110595,-0.9524198174476624,0.8283536434173584,0,0,0,1
26.566666666666666,0.6039860297974702,0.30391305662270857,0.7367752234051653,0.1223554623377094,-0.7558256312580918,0.5116895432463179,0.4085357101474498,0.1395521163940429,-0.2528408411289526,-0.8036234599279791,0.5387586135836595,0.8244163624816055,0.0,0.0,0.0,1.0,0.1428568959236145,0.9533211588859558,0.2660278975963592,-0.1651051193475723,0.9710294604301452,-0.1870191395282745,0.1487477570772171,0.2037380039691925,0.1915566772222518,0.2370712757110595,-0.9524198174476624,0.8283536434173584,0,0,0,1
26.6,0.6039860297974702,0.30391305662270857,0.7367752234051653,0.12247977099801252,-0.7558256312580918,0.5116895432463179,0.4085357101474498,0.1395521163940429,-0.2528408411289526,-0.8036234599279791,0.5387586135836595,0.8234256066969667,0.0,0.0,0.0,1.0,0.1428568959236145,0.9533211588859558,0.2660278975963592,-0.1651051193475723,0.9710294604301452,-0.1870191395282745,0.1487477570772171,0.2037380039691925,0.1915566772222518,0.2370712757110595,-0.9524198174476624,0.8283536434173584,0,0,0,1
26.633333333333333,0.6039860297974702,0.30391305662270857,0.7367752234051653,0.122616435899234,-0.7558256312580918,0.5116895432463179,0.4085357101474498,0.1395521163940429,-0.2528408411289526,-0.8036234599279791,0.5387586135836595,0.8224364796209064,0.0,0.0,0.0,1.0,0.1428568959236145,0.9533211588859558,0.2660278975963592,-0.1651051193475723,0.9710294604301452,-0.1870191395282745,0.1487477570772171,0.2037380039691925,0.1915566772222518,0.2370712757110595,-0.9524198174476624,0.8283536434173584,0,0,0,1
26.666666666666668,0.6039860297974702,0.30391305662270857,0.7367752234051653,0.1227654357504841,-0.7558256312580918,0.5116895432463179,0.4085357101474498,0.1395521163940429,-0.2528408411289526,-0.8036234599279791,0.5387586135836595,0.821449135348553,0.0,0.0,0.0,1.0,0.1428568959236145,0.9533211588859558,0.2660278975963592,-0.1651051193475723,0.9710294604301452,-0.1870191395282745,0.1487477570772171,0.2037380039691925,0.1915566772222518,0.2370712757110595,-0.9524198174476624,0.8283536434173584,0,0,0,1
26.7,0.6039860297974702,0.30391305662270857,0.7367752234051653,0.12292674733922342,-0.7558256312580918,0.5116895432463179,0.4085357101474498,0.1395521163940429,-0.2528408411289526,-0.8036234599279791,0.5387586135836595,0.8204637276972939,0.0,0.0,0.0,1.0,0.1428568959236145,0.9533211588859558,0.2660278975963592,-0.1651051193475723,0.9710294604301452,-0.1870191395282745,0.1487477570772171,0.2037380039691925,0.1915566772222518,0.2370712757110595,-0.9524198174476624,0.8283536434173584,0,0,0,1
26.733333333333334,0.6039860297974702,0.30391305662270857,0.7367752234051653,0.12310034553487911,-0.7558256312580918,0.5116895432463179,0.4085357101474498,0.1395521163940429,-0.2528408411289526,-0.8036234599279791,0.5387586135836595,0.8194804101828121,0.0,0.0,0.0,1.0,0.1428568959236145,0.9533211588859558,0.2660278975963592,-0.1651051193475723,0.9710294604301452,-0.1870191395282745,0.1487477570772171,0.2037380039691925,0.1915566772222518,0.2370712757110595,-0.9524198174476624,0.8283536434173584,0,0,0,1
26.766666666666666,0.6039860297974702,0.30391305662270857,0.7367752234051653,0.12328620329276012,-0.7558256312580918,0.5116895432463179,0.4085357101474498,0.1395521163940429,-0.2528408411289526,-0.8036234599279791,0.5387586135836595,0.8184993359951703,0.0,0.0,0.0,1.0,0.1428568959236145,0.9533211588859558,0.2660278975963592,-0.1651051193475723,0.9710294604301452,-0.1870191395282745,0.1487477570772171,0.2037380039691925,0.1915566772222518,0.2370712757110595,-0.9524198174476624,0.8283536434173584,0,0,0,1
26.8,0.6039860297974702,0.30391305662270857,0.7367752234051653,0.12348429165827014,-0.7558256312580918,0.5116895432463179,0.4085357101474498,0.1395521163940429,-0.2528408411289526,-0.8036234599279791,0.5387586135836595,0.8175206579749456,0.0,0.0,0.0,1.0,0.1428568959236145,0.9533211588859558,0.2660278975963592,-0.1651051193475723,0.9710294604301452,-0.1870191395282745,0.1487477570772171,0.2037380039691925,0.1915566772222518,0.2370712757110595,-0.9524198174476624,0.8283536434173584,0,0,0,1
26.833333333333332,0.6039860297974702,0.30391305662270857,0.7367752234051653,0.12369457977141875,-0.7558256312580918,0.5116895432463179,0.4085357101474498,0.1395521163940429,-0.2528408411289526,-0.8036234599279791,0.5387586135836595,0.8165445285894183,0.0,0.0,0.0,1.0,0.1428568959236145,0.9533211588859558,0.2660278975963592,-0.1651051193475723,0.9710294604301452,-0.1870191395282745,0.1487477570772171,0.2037380039691925,0.1915566772222518,0.2370712757110595,-0.9524198174476624,0.8283536434173584,0,0,0,1
26.866666666666667,0.6039860297974702,0.30391305662270857,0.7367752234051653,0.12391703487162883,-0.7558256312580918,0.5116895432463179,0.4085357101474498,0.1395521163940429,-0.2528408411289526,-0.8036234599279791,0.5387586135836595,0.8155710999088196,0.0,0.0,0.0,1.0,0.1428568959236145,0.9533211588859558,0.2660278975963592,-0.1651051193475723,0.9710294604301452,-0.1870191395282745,0.1487477570772171,0.2037380039691925,0.1915566772222518,0.2370712757110595,-0.9524198174476624,0.8283536434173584,0,0,0,1
26.9,0.6039860297974702,0.30391305662270857,0.7367752234051653,0.12415162230284046,-0.7558256312580918,0.5116895432463179,0.4085357101474498,0.1395521163940429,-0.2528408411289526,-0.8036234599279791,0.5387586135836595,0.8146005235826406,0.0,0.0,0.0,1.0,0.1428568959236145,0.9533211588859558,0.2660278975963592,-0.1651051193475723,0.9710294604301452,-0.1870191395282745,0.1487477570772171,0.2037380039691925,0.1915566772222518,0.2370712757110595,-0.9524198174476624,0.8283536434173584,0,0,0,1
26.933333333333334,0.6039860297974702,0.30391305662270857,0.7367752234051653,0.1243983055189098,-0.7558256312580918,0.5116895432463179,0.4085357101474498,0.1395521163940429,-0.2528408411289526,-0.8036234599279791,0.5387586135836595,0.8136329508160068,0.0,0.0,0.0,1.0,0.1428568959236145,0.9533211588859558,0.2660278975963592,-0.1651051193475723,0.9710294604301452,-0.1870191395282745,0.1487477570772171,0.2037380039691925,0.1915566772222518,0.2370712757110595,-0.9524198174476624,0.8283536434173584,0,0,0,1
26.966666666666665,0.6039860297974702,0.30391305662270857,0.7367752234051653,0.12465704608930271,-0.7558256312580918,0.5116895432463179,0.4085357101474498,0.1395521163940429,-0.2528408411289526,-0.8036234599279791,0.5387586135836595,0.8126685323461224,0.0,0.0,0.0,1.0,0.1428568959236145,0.9533211588859558,0.2660278975963592,-0.1651051193475723,0.9710294604301452,-0.1870191395282745,0.1487477570772171,0.2037380039691925,0.1915566772222518,0.2370712757110595,-0.9524198174476624,0.8283536434173584,0,0,0,1
27.0,0.6039860297974702,0.30391305662270857,0.7367752234051653,0.1249278037050817,-0.7558256312580918,0.5116895432463179,0.4085357101474498,0.1395521163940429,-0.2528408411289526,-0.8036234599279791,0.5387586135836595,0.8117074184187864,0.0,0.0,0.0,1.0,0.1428568959236145,0.9533211588859558,0.2660278975963592,-0.1651051193475723,0.9710294604301452,-0.1870191395282745,0.1487477570772171,0.2037380039691925,0.1915566772222518,0.2370712757110595,-0.9524198174476624,0.8283536434173584,0,0,0,1
27.033333333333335,0.6039860297974702,0.30391305662270857,0.7367752234051653,0.12521053618518574,-0.7558256312580918,0.5116895432463179,0.4085357101474498,0.1395521163940429,-0.2528408411289526,-0.8036234599279791,0.5387586135836595,0.8107497587649867,0.0,0.0,0.0,1.0,0.1428568959236145,0.9533211588859558,0.2660278975963592,-0.1651051193475723,0.9710294604301452,-0.1870191395282745,0.1487477570772171,0.2037380039691925,0.1915566772222518,0.2370712757110595,-0.9524198174476624,0.8283536434173584,0,0,0,1
27.066666666666666,0.6039860297974702,0.30391305662270857,0.7367752234051653,0.12550519948300143,-0.7558256312580918,0.5116895432463179,0.4085357101474498,0.1395521163940429,-0.2528408411289526,-0.8036234599279791,0.5387586135836595,0.8097957025775732,0.0,0.0,0.0,1.0,0.1428568959236145,0.9533211588859558,0.2660278975963592,-0.1651051193475723,0.9710294604301452,-0.1870191395282745,0.1487477570772171,0.2037380039691925,0.1915566772222518,0.2370712757110595,-0.9524198174476624,0.8283536434173584,0,0,0,1
27.1,0.6039860297974702,0.30391305662270857,0.7367752234051653,0.12581174769322517,-0.7558256312580918,0.5116895432463179,0.4085357101474498,0.1395521163940429,-0.2528408411289526,-0.8036234599279791,0.5387586135836595,0.8088453984880154,0.0,0.0,0.0,1.0,0.1428568959236145,0.9533211588859558,0.2660278975963592,-0.1651051193475723,0.9710294604301452,-0.1870191395282745,0.1487477570772171,0.2037380039691925,0.1915566772222518,0.2370712757110595,-0.9524198174476624,0.8283536434173584,0,0,0,1
27.133333333333333,0.6039860297974702,0.30391305662270857,0.7367752234051653,0.12613013305901458,-0.7558256312580918,0.5116895432463179,0.4085357101474498,0.1395521163940429,-0.2528408411289526,-0.8036234599279791,0.5387586135836595,0.8078989945432473,0.0,0.0,0.0,1.0,0.1428568959236145,0.9533211588859558,0.2660278975963592,-0.1651051193475723,0.9710294604301452,-0.1870191395282745,0.1487477570772171,0.2037380039691925,0.1915566772222518,0.2370712757110595,-0.9524198174476624,0.8283536434173584,0,0,0,1
27.166666666666668,0.6039860297974702,0.30391305662270857,0.7367752234051653,0.1264603059794286,-0.7558256312580918,0.5116895432463179,0.4085357101474498,0.1395521163940429,-0.2528408411289526,-0.8036234599279791,0.5387586135836595,0.8069566381826029,0.0,0.0,0.0,1.0,0.1428568959236145,0.9533211588859558,0.2660278975963592,-0.1651051193475723,0.9710294604301452,-0.1870191395282745,0.1487477570772171,0.2037380039691925,0.1915566772222518,0.2370712757110595,-0.9524198174476624,0.8283536434173584,0,0,0,1
27.2,0.6039860297974702,0.30391305662270857,0.7367752234051653,0.1268022150171545,-0.7558256312580918,0.5116895432463179,0.4085357101474498,0.1395521163940429,-0.2528408411289526,-0.8036234599279791,0.5387586135836595,0.8060184762148475,0.0,0.0,0.0,1.0,0.1428568959236145,0.9533211588859558,0.2660278975963592,-0.1651051193475723,0.9710294604301452,-0.1870191395282745,0.1487477570772171,0.2037380039691925,0.1915566772222518,0.2370712757110595,-0.9524198174476624,0.8283536434173584,0,0,0,1
27.233333333333334,0.6039860297974702,0.30391305662270857,0.7367752234051653,0.1271558069065217,-0.7558256312580918,0.5116895432463179,0.4085357101474498,0.1395521163940429,-0.2528408411289526,-0.8036234599279791,0.5387586135836595,0.8050846547953056,0.0,0.0,0.0,1.0,0.1428568959236145,0.9533211588859558,0.2660278975963592,-0.1651051193475723,0.9710294604301452,-0.1870191395282745,0.1487477570772171,0.2037380039691925,0.1915566772222518,0.2370712757110595,-0.9524198174476624,0.8283536434173584,0,0,0,1
27.266666666666666,0.6039860297974702,0.30391305662270857,0.7367752234051653,0.1275210265617996,-0.7558256312580918,0.5116895432463179,0.4085357101474498,0.1395521163940429,-0.2528408411289526,-0.8036234599279791,0.5387586135836595,0.8041553194030922,0.0,0.0,0.0,1.0,0.1428568959236145,0.9533211588859558,0.2660278975963592,-0.1651051193475723,0.9710294604301452,-0.1870191395282745,0.1487477570772171,0.2037380039691925,0.1915566772222518,0.2370712757110595,-0.9524198174476624,0.8283536434173584,0,0,0,1
27.3,0.6039860297974702,0.30391305662270857,0.7367752234051653,0.12789781708577935,-0.7558256312580918,0.5116895432463179,0.4085357101474498,0.1395521163940429,-0.2528408411289526,-0.8036234599279791,0.5387586135836595,0.8032306148184488,0.0,0.0,0.0,1.0,0.1428568959236145,0.9533211588859558,0.2660278975963592,-0.1651051193475723,0.9710294604301452,-0.1870191395282745,0.1487477570772171,0.2037380039691925,0.1915566772222518,0.2370712757110595,-0.9524198174476624,0.8283536434173584,0,0,0,1
27.333333333333332,0.6039860297974702,0.30391305662270857,0.7367752234051653,0.12828611977863813,-0.7558256312580918,0.5116895432463179,0.4085357101474498,0.1395521163940429,-0.2528408411289526,-0.8036234599279791,0.5387586135836595,0.8023106851001875,0.0,0.0,0.0,1.0,0.1428568959236145,0.9533211588859558,0.2660278975963592,-0.1651051193475723,0.9710294604301452,-0.1870191395282745,0.1487477570772171,0.2037380039691925,0.1915566772222518,0.2370712757110595,-0.9524198174476624,0.8283536434173584,0,0,0,1
27.366666666666667,0.6039860297974702,0.30391305662270857,0.7367752234051653,0.12868587414708355,-0.7558256312580918,0.5116895432463179,0.4085357101474498,0.1395521163940429,-0.2528408411289526,-0.8036234599279791,0.5387586135836595,0.8013956735632491,0.0,0.0,0.0,1.0,0.1428568959236145,0.9533211588859558,0.2660278975963592,-0.1651051193475723,0.9710294604301452,-0.1870191395282745,0.1487477570772171,0.2037380039691925,0.1915566772222518,0.2370712757110595,-0.9524198174476624,0.8283536434173584,0,0,0,1
27.4,0.6039860297974702,0.30391305662270857,0.7367752234051653,0.12909701791377803,-0.7558256312580918,0.5116895432463179,0.4085357101474498,0.1395521163940429,-0.2528408411289526,-0.8036234599279791,0.5387586135836595,0.8004857227563756,0.0,0.0,0.0,1.0,0.1428568959236145,0.9533211588859558,0.2660278975963592,-0.1651051193475723,0.9710294604301452,-0.1870191395282745,0.1487477570772171,0.2037380039691925,0.1915566772222518,0.2370712757110595,-0.9524198174476624,0.8283536434173584,0,0,0,1
27.433333333333334,0.6039860297974702,0.30391305662270857,0.7367752234051653,0.12951948702704108,-0.7558256312580918,0.5116895432463179,0.4085357101474498,0.1395521163940429,-0.2528408411289526,-0.8036234599279791,0.5387586135836595,0.7995809744399027,0.0,0.0,0.0,1.0,0.1428568959236145,0.9533211588859558,0.2660278975963592,-0.1651051193475723,0.9710294604301452,-0.1870191395282745,0.1487477570772171,0.2037380039691925,0.1915566772222518,0.2370712757110595,-0.9524198174476624,0.8283536434173584,0,0,0,1
27.466666666666665,0.6039860297974702,0.30391305662270857,0.7367752234051653,0.12995321567082735,-0.7558256312580918,0.5116895432463179,0.4085357101474498,0.1395521163940429,-0.2528408411289526,-0.8036234599279791,0.5387586135836595,0.7986815695636759,0.0,0.0,0.0,1.0,0.1428568959236145,0.9533211588859558,0.2660278975963592,-0.1651051193475723,0.9710294604301452,-0.1870191395282745,0.1487477570772171,0.2037380039691925,0.1915566772222518,0.2370712757110595,-0.9524198174476624,0.8283536434173584,0,0,0,1
27.5,0.6039860297974702,0.30391305662270857,0.7367752234051653,0.1303981362749807,-0.7558256312580918,0.5116895432463179,0.4085357101474498,0.1395521163940429,-0.2528408411289526,-0.8036234599279791,0.5387586135836595,0.7977876482450905,0.0,0.0,0.0,1.0,0.1428568959236145,0.9533211588859558,0.2660278975963592,-0.1651051193475723,0.9710294604301452,-0.1870191395282745,0.1487477570772171,0.2037380039691925,0.1915566772222518,0.2370712757110595,-0.9524198174476624,0.8283536434173584,0,0,0,1
27.533333333333335,0.6039860297974702,0.30391305662270857,0.7367752234051653,0.1308541795257604,-0.7558256312580918,0.5116895432463179,0.4085357101474498,0.1395521163940429,-0.2528408411289526,-0.8036234599279791,0.5387586135836595,0.7968993497472645,0.0,0.0,0.0,1.0,0.1428568959236145,0.9533211588859558,0.2660278975963592,-0.1651051193475723,0.9710294604301452,-0.1870191395282745,0.1487477570772171,0.2037380039691925,0.1915566772222518,0.2370712757110595,-0.9524198174476624,0.8283536434173584,0,0,0,1
27.566666666666666,0.6039860297974702,0.30391305662270857,0.7367752234051653,0.13132127437663954,-0.7558256312580918,0.5116895432463179,0.4085357101474498,0.1395521163940429,-0.2528408411289526,-0.8036234599279791,0.5387586135836595,0.796016812457342,0.0,0.0,0.0,1.0,0.1428568959236145,0.9533211588859558,0.2660278975963592,-0.1651051193475723,0.9710294604301452,-0.1870191395282745,0.1487477570772171,0.2037380039691925,0.1915566772222518,0.2370712757110595,-0.9524198174476624,0.8283536434173584,0,0,0,1
27.6,0.6039860297974702,0.30391305662270857,0.7367752234051653,0.1317993480593735,-0.7558256312580918,0.5116895432463179,0.4085357101474498,0.1395521163940429,-0.2528408411289526,-0.8036234599279791,0.5387586135836595,0.7951401738649343,0.0,0.0,0.0,1.0,0.1428568959236145,0.9533211588859558,0.2660278975963592,-0.1651051193475723,0.9710294604301452,-0.1870191395282745,0.1487477570772171,0.2037380039691925,0.1915566772222518,0.2370712757110595,-0.9524198174476624,0.8283536434173584,0,0,0,1
27.633333333333333,0.6039860297974702,0.30391305662270857,0.7367752234051653,0.13228832609533625,-0.7558256312580918,0.5116895432463179,0.4085357101474498,0.1395521163940429,-0.2528408411289526,-0.8036234599279791,0.5387586135836595,0.7942695705407,0.0,0.0,0.0,1.0,0.1428568959236145,0.9533211588859558,0.2660278975963592,-0.1651051193475723,0.9710294604301452,-0.1870191395282745,0.1487477570772171,0.2037380039691925,0.1915566772222518,0.2370712757110595,-0.9524198174476624,0.8283536434173584,0,0,0,1
27.666666666666668,0.6039860297974702,0.30391305662270857,0.7367752234051653,0.13278813230712339,-0.7558256312580918,0.5116895432463179,0.4085357101474498,0.1395521163940429,-0.2528408411289526,-0.8036234599279791,0.5387586135836595,0.7934051381150701,0.0,0.0,0.0,1.0,0.1428568959236145,0.9533211588859558,0.2660278975963592,-0.1651051193475723,0.9710294604301452,-0.1870191395282745,0.1487477570772171,0.2037380039691925,0.1915566772222518,0.2370712757110595,-0.9524198174476624,0.8283536434173584,0,0,0,1
27.7,0.6039860297974702,0.30391305662270857,0.7367752234051653,0.1332986888304196,-0.7558256312580918,0.5116895432463179,0.4085357101474498,0.1395521163940429,-0.2528408411289526,-0.8036234599279791,0.5387586135836595,0.7925470112571166,0.0,0.0,0.0,1.0,0.1428568959236145,0.9533211588859558,0.2660278975963592,-0.1651051193475723,0.9710294604301452,-0.1870191395282745,0.1487477570772171,0.2037380039691925,0.1915566772222518,0.2370712757110595,-0.9524198174476624,0.8283536434173584,0,0,0,1
27.733333333333334,0.6039860297974702,0.30391305662270857,0.7367752234051653,0.13381991612612942,-0.7558256312580918,0.5116895432463179,0.4085357101474498,0.1395521163940429,-0.2528408411289526,-0.8036234599279791,0.5387586135836595,0.7916953236535736,0.0,0.0,0.0,1.0,0.1428568959236145,0.9533211588859558,0.2660278975963592,-0.1651051193475723,0.9710294604301452,-0.1870191395282745,0.1487477570772171,0.2037380039691925,0.1915566772222518,0.2370712757110595,-0.9524198174476624,0.8283536434173584,0,0,0,1
27.766666666666666,0.6039860297974702,0.30391305662270857,0.7367752234051653,0.134351732992768,-0.7558256312580918,0.5116895432463179,0.4085357101474498,0.1395521163940429,-0.2528408411289526,-0.8036234599279791,0.5387586135836595,0.7908502079880105,0.0,0.0,0.0,1.0,0.1428568959236145,0.9533211588859558,0.2660278975963592,-0.1651051193475723,0.9710294604301452,-0.1870191395282745,0.1487477570772171,0.2037380039691925,0.1915566772222518,0.2370712757110595,-0.9524198174476624,0.8283536434173584,0,0,0,1
27.8,0.6039860297974702,0.30391305662270857,0.7367752234051653,0.13489405657911197,-0.7558256312580918,0.5116895432463179,0.4085357101474498,0.1395521163940429,-0.2528408411289526,-0.8036234599279791,0.5387586135836595,0.7900117959201605,0.0,0.0,0.0,1.0,0.1428568959236145,0.9533211588859558,0.2660278975963592,-0.1651051193475723,0.9710294604301452,-0.1870191395282745,0.1487477570772171,0.2037380039691925,0.1915566772222518,0.2370712757110595,-0.9524198174476624,0.8283536434173584,0,0,0,1
27.833333333333332,0.6039860297974702,0.30391305662270857,0.7367752234051653,0.13544680239710638,-0.7558256312580918,0.5116895432463179,0.4085357101474498,0.1395521163940429,-0.2528408411289526,-0.8036234599279791,0.5387586135836595,0.7891802180654099,0.0,0.0,0.0,1.0,0.1428568959236145,0.9533211588859558,0.2660278975963592,-0.1651051193475723,0.9710294604301452,-0.1870191395282745,0.1487477570772171,0.2037380039691925,0.1915566772222518,0.2370712757110595,-0.9524198174476624,0.8283536434173584,0,0,0,1
27.866666666666667,0.6039860297974702,0.30391305662270857,0.7367752234051653,0.13600988433502706,-0.7558256312580918,0.5116895432463179,0.4085357101474498,0.1395521163940429,-0.2528408411289526,-0.8036234599279791,0.5387586135836595,0.7883556039744505,0.0,0.0,0.0,1.0,0.1428568959236145,0.9533211588859558,0.2660278975963592,-0.1651051193475723,0.9710294604301452,-0.1870191395282745,0.1487477570772171,0.2037380039691925,0.1915566772222518,0.2370712757110595,-0.9524198174476624,0.8283536434173584,0,0,0,1
27.9,0.6039860297974702,0.30391305662270857,0.7367752234051653,0.13658321467089607,-0.7558256312580918,0.5116895432463179,0.4085357101474498,0.1395521163940429,-0.2528408411289526,-0.8036234599279791,0.5387586135836595,0.7875380821130952,0.0,0.0,0.0,1.0,0.1428568959236145,0.9533211588859558,0.2660278975963592,-0.1651051193475723,0.9710294604301452,-0.1870191395282745,0.1487477570772171,0.2037380039691925,0.1915566772222518,0.2370712757110595,-0.9524198174476624,0.8283536434173584,0,0,0,1
27.933333333333334,0.6039860297974702,0.30391305662270857,0.7367752234051653,0.13716670408614762,-0.7558256312580918,0.5116895432463179,0.4085357101474498,0.1395521163940429,-0.2528408411289526,-0.8036234599279791,0.5387586135836595,0.7867277798422659,0.0,0.0,0.0,1.0,0.1428568959236145,0.9533211588859558,0.2660278975963592,-0.1651051193475723,0.9710294604301452,-0.1870191395282745,0.1487477570772171,0.2037380039691925,0.1915566772222518,0.2370712757110595,-0.9524198174476624,0.8283536434173584,0,0,0,1
27.966666666666665,0.6039860297974702,0.30391305662270857,0.7367752234051653,0.13776026167954303,-0.7558256312580918,0.5116895432463179,0.4085357101474498,0.1395521163940429,-0.2528408411289526,-0.8036234599279791,0.5387586135836595,0.785924823398152,0.0,0.0,0.0,1.0,0.1428568959236145,0.9533211588859558,0.2660278975963592,-0.1651051193475723,0.9710294604301452,-0.1870191395282745,0.1487477570772171,0.2037380039691925,0.1915566772222518,0.2370712757110595,-0.9524198174476624,0.8283536434173584,0,0,0,1
28.0,0.6039860297974702,0.30391305662270857,0.7367752234051653,0.13836379498133206,-0.7558256312580918,0.5116895432463179,0.4085357101474498,0.1395521163940429,-0.2528408411289526,-0.8036234599279791,0.5387586135836595,0.7851293378725432,0.0,0.0,0.0,1.0,0.1428568959236145,0.9533211588859558,0.2660278975963592,-0.1651051193475723,0.9710294604301452,-0.1870191395282745,0.1487477570772171,0.2037380039691925,0.1915566772222518,0.2370712757110595,-0.9524198174476624,0.8283536434173584,0,0,0,1
28.033333333333335,0.6039860297974702,0.30391305662270857,0.7367752234051653,0.1389772099676589,-0.7558256312580918,0.5116895432463179,0.4085357101474498,0.1395521163940429,-0.2528408411289526,-0.8036234599279791,0.5387586135836595,0.7843414471933424,0.0,0.0,0.0,1.0,0.1428568959236145,0.9533211588859558,0.2660278975963592,-0.1651051193475723,0.9710294604301452,-0.1870191395282745,0.1487477570772171,0.2037380039691925,0.1915566772222518,0.2370712757110595,-0.9524198174476624,0.8283536434173584,0,0,0,1
28.066666666666666,0.6039860297974702,0.30391305662270857,0.7367752234051653,0.13960041107520954,-0.7558256312580918,0.5116895432463179,0.4085357101474498,0.1395521163940429,-0.2528408411289526,-0.8036234599279791,0.5387586135836595,0.7835612741052593,0.0,0.0,0.0,1.0,0.1428568959236145,0.9533211588859558,0.2660278975963592,-0.1651051193475723,0.9710294604301452,-0.1870191395282745,0.1487477570772171,0.2037380039691925,0.1915566772222518,0.2370712757110595,-0.9524198174476624,0.8283536434173584,0,0,0,1
28.1,0.6039860297974702,0.30391305662270857,0.7367752234051653,0.14023330121610014,-0.7558256312580918,0.5116895432463179,0.4085357101474498,0.1395521163940429,-0.2528408411289526,-0.8036234599279791,0.5387586135836595,0.7827889401506872,0.0,0.0,0.0,1.0,0.1428568959236145,0.9533211588859558,0.2660278975963592,-0.1651051193475723,0.9710294604301452,-0.1870191395282745,0.1487477570772171,0.2037380039691925,0.1915566772222518,0.2370712757110595,-0.9524198174476624,0.8283536434173584,0,0,0,1
28.133333333333333,0.6039860297974702,0.30391305662270857,0.7367752234051653,0.1408757817930019,-0.7558256312580918,0.5116895432463179,0.4085357101474498,0.1395521163940429,-0.2528408411289526,-0.8036234599279791,0.5387586135836595,0.7820245656507687,0.0,0.0,0.0,1.0,0.1428568959236145,0.9533211588859558,0.2660278975963592,-0.1651051193475723,0.9710294604301452,-0.1870191395282745,0.1487477570772171,0.2037380039691925,0.1915566772222518,0.2370712757110595,-0.9524198174476624,0.8283536434173584,0,0,0,1
28.166666666666668,0.6039860297974702,0.30391305662270857,0.7367752234051653,0.14152775271450124,-0.7558256312580918,0.5116895432463179,0.4085357101474498,0.1395521163940429,-0.2528408411289526,-0.8036234599279791,0.5387586135836595,0.781268269686651,0.0,0.0,0.0,1.0,0.1428568959236145,0.9533211588859558,0.2660278975963592,-0.1651051193475723,0.9710294604301452,-0.1870191395282745,0.1487477570772171,0.2037380039691925,0.1915566772222518,0.2370712757110595,-0.9524198174476624,0.8283536434173584,0,0,0,1
28.2,0.6039860297974702,0.30391305662270857,0.7367752234051653,0.14218911241069349,-0.7558256312580918,0.5116895432463179,0.4085357101474498,0.1395521163940429,-0.2528408411289526,-0.8036234599279791,0.5387586135836595,0.7805201700809339,0.0,0.0,0.0,1.0,0.1428568959236145,0.9533211588859558,0.2660278975963592,-0.1651051193475723,0.9710294604301452,-0.1870191395282745,0.1487477570772171,0.2037380039691925,0.1915566772222518,0.2370712757110595,-0.9524198174476624,0.8283536434173584,0,0,0,1
28.233333333333334,0.6039860297974702,0.30391305662270857,0.7367752234051653,0.14285975784900593,-0.7558256312580918,0.5116895432463179,0.4085357101474498,0.1395521163940429,-0.2528408411289526,-0.8036234599279791,0.5387586135836595,0.7797803833793149,0.0,0.0,0.0,1.0,0.1428568959236145,0.9533211588859558,0.2660278975963592,-0.1651051193475723,0.9710294604301452,-0.1870191395282745,0.1487477570772171,0.2037380039691925,0.1915566772222518,0.2370712757110595,-0.9524198174476624,0.8283536434173584,0,0,0,1
28.266666666666666,0.6039860297974702,0.30391305662270857,0.7367752234051653,0.14353958455024915,-0.7558256312580918,0.5116895432463179,0.4085357101474498,0.1395521163940429,-0.2528408411289526,-0.8036234599279791,0.5387586135836595,0.7790490248324323,0.0,0.0,0.0,1.0,0.1428568959236145,0.9533211588859558,0.2660278975963592,-0.1651051193475723,0.9710294604301452,-0.1870191395282745,0.1487477570772171,0.2037380039691925,0.1915566772222518,0.2370712757110595,-0.9524198174476624,0.8283536434173584,0,0,0,1
28.3,0.6039860297974702,0.30391305662270857,0.7367752234051653,0.14422848660489412,-0.7558256312580918,0.5116895432463179,0.4085357101474498,0.1395521163940429,-0.2528408411289526,-0.8036234599279791,0.5387586135836595,0.7783262083779106,0.0,0.0,0.0,1.0,0.1428568959236145,0.9533211588859558,0.2660278975963592,-0.1651051193475723,0.9710294604301452,-0.1870191395282745,0.1487477570772171,0.2037380039691925,0.1915566772222518,0.2370712757110595,-0.9524198174476624,0.8283536434173584,0,0,0,1
28.333333333333332,0.6039860297974702,0.30391305662270857,0.7367752234051653,0.14492635668957138,-0.7558256312580918,0.5116895432463179,0.4085357101474498,0.1395521163940429,-0.2528408411289526,-0.8036234599279791,0.5387586135836595,0.7776120466226097,0.0,0.0,0.0,1.0,0.1428568959236145,0.9533211588859558,0.2660278975963592,-0.1651051193475723,0.9710294604301452,-0.1870191395282745,0.1487477570772171,0.2037380039691925,0.1915566772222518,0.2370712757110595,-0.9524198174476624,0.8283536434173584,0,0,0,1
28.366666666666667,0.6039860297974702,0.30391305662270857,0.7367752234051653,0.14563308608379072,-0.7558256312580918,0.5116895432463179,0.4085357101474498,0.1395521163940429,-0.2528408411289526,-0.8036234599279791,0.5387586135836595,0.7769066508250834,0.0,0.0,0.0,1.0,0.1428568959236145,0.9533211588859558,0.2660278975963592,-0.1651051193475723,0.9710294604301452,-0.1870191395282745,0.1487477570772171,0.2037380039691925,0.1915566772222518,0.2370712757110595,-0.9524198174476624,0.8283536434173584,0,0,0,1
28.4,0.6039860297974702,0.30391305662270857,0.7367752234051653,0.14634856468687918,-0.7558256312580918,0.5116895432463179,0.4085357101474498,0.1395521163940429,-0.2528408411289526,-0.8036234599279791,0.5387586135836595,0.7762101308782448,0.0,0.0,0.0,1.0,0.1428568959236145,0.9533211588859558,0.2660278975963592,-0.1651051193475723,0.9710294604301452,-0.1870191395282745,0.1487477570772171,0.2037380039691925,0.1915566772222518,0.2370712757110595,-0.9524198174476624,0.8283536434173584,0,0,0,1
28.433333333333334,0.6039860297974702,0.30391305662270857,0.7367752234051653,0.14707268103513316,-0.7558256312580918,0.5116895432463179,0.4085357101474498,0.1395521163940429,-0.2528408411289526,-0.8036234599279791,0.5387586135836595,0.7755225952922472,0.0,0.0,0.0,1.0,0.1428568959236145,0.9533211588859558,0.2660278975963592,-0.1651051193475723,0.9710294604301452,-0.1870191395282745,0.1487477570772171,0.2037380039691925,0.1915566772222518,0.2370712757110595,-0.9524198174476624,0.8283536434173584,0,0,0,1
28.466666666666665,0.6039860297974702,0.30391305662270857,0.7367752234051653,0.147805322319183,-0.7558256312580918,0.5116895432463179,0.4085357101474498,0.1395521163940429,-0.2528408411289526,-0.8036234599279791,0.5387586135836595,0.7748441511775795,0.0,0.0,0.0,1.0,0.1428568959236145,0.9533211588859558,0.2660278975963592,-0.1651051193475723,0.9710294604301452,-0.1870191395282745,0.1487477570772171,0.2037380039691925,0.1915566772222518,0.2370712757110595,-0.9524198174476624,0.8283536434173584,0,0,0,1
28.5,0.6039860297974702,0.30391305662270857,0.7367752234051653,0.1485463744015681,-0.7558256312580918,0.5116895432463179,0.4085357101474498,0.1395521163940429,-0.2528408411289526,-0.8036234599279791,0.5387586135836595,0.774174904228379,0.0,0.0,0.0,1.0,0.1428568959236145,0.9533211588859558,0.2660278975963592,-0.1651051193475723,0.9710294604301452,-0.1870191395282745,0.1487477570772171,0.2037380039691925,0.1915566772222518,0.2370712757110595,-0.9524198174476624,0.8283536434173584,0,0,0,1
28.533333333333335,0.6039860297974702,0.30391305662270857,0.7367752234051653,0.14929572183451778,-0.7558256312580918,0.5116895432463179,0.4085357101474498,0.1395521163940429,-0.2528408411289526,-0.8036234599279791,0.5387586135836595,0.7735149587059655,0.0,0.0,0.0,1.0,0.1428568959236145,0.9533211588859558,0.2660278975963592,-0.1651051193475723,0.9710294604301452,-0.1870191395282745,0.1487477570772171,0.2037380039691925,0.1915566772222518,0.2370712757110595,-0.9524198174476624,0.8283536434173584,0,0,0,1
28.566666666666666,0.6039860297974702,0.30391305662270857,0.7367752234051653,0.15005324787793667,-0.7558256312580918,0.5116895432463179,0.4085357101474498,0.1395521163940429,-0.2528408411289526,-0.8036234599279791,0.5387586135836595,0.7728644174225994,0.0,0.0,0.0,1.0,0.1428568959236145,0.9533211588859558,0.2660278975963592,-0.1651051193475723,0.9710294604301452,-0.1870191395282745,0.1487477570772171,0.2037380039691925,0.1915566772222518,0.2370712757110595,-0.9524198174476624,0.8283536434173584,0,0,0,1
28.6,0.6039860297974702,0.30391305662270857,0.7367752234051653,0.15081883451759207,-0.7558256312580918,0.5116895432463179,0.4085357101474498,0.1395521163940429,-0.2528408411289526,-0.8036234599279791,0.5387586135836595,0.7722233817254635,0.0,0.0,0.0,1.0,0.1428568959236145,0.9533211588859558,0.2660278975963592,-0.1651051193475723,0.9710294604301452,-0.1870191395282745,0.1487477570772171,0.2037380039691925,0.1915566772222518,0.2370712757110595,-0.9524198174476624,0.8283536434173584,0,0,0,1
28.633333333333333,0.6039860297974702,0.30391305662270857,0.7367752234051653,0.15159236248349897,-0.7558256312580918,0.5116895432463179,0.4085357101474498,0.1395521163940429,-0.2528408411289526,-0.8036234599279791,0.5387586135836595,0.7715919514808746,0.0,0.0,0.0,1.0,0.1428568959236145,0.9533211588859558,0.2660278975963592,-0.1651051193475723,0.9710294604301452,-0.1870191395282745,0.1487477570772171,0.2037380039691925,0.1915566772222518,0.2370712757110595,-0.9524198174476624,0.8283536434173584,0,0,0,1
28.666666666666668,0.6039860297974702,0.30391305662270857,0.7367752234051653,0.15237371126850063,-0.7558256312580918,0.5116895432463179,0.4085357101474498,0.1395521163940429,-0.2528408411289526,-0.8036234599279791,0.5387586135836595,0.7709702250587259,0.0,0.0,0.0,1.0,0.1428568959236145,0.9533211588859558,0.2660278975963592,-0.1651051193475723,0.9710294604301452,-0.1870191395282745,0.1487477570772171,0.2037380039691925,0.1915566772222518,0.2370712757110595,-0.9524198174476624,0.8283536434173584,0,0,0,1
28.7,0.6039860297974702,0.30391305662270857,0.7367752234051653,0.15316275914704316,-0.7558256312580918,0.5116895432463179,0.4085357101474498,0.1395521163940429,-0.2528408411289526,-0.8036234599279791,0.5387586135836595,0.7703582993171615,0.0,0.0,0.0,1.0,0.1428568959236145,0.9533211588859558,0.2660278975963592,-0.1651051193475723,0.9710294604301452,-0.1870191395282745,0.1487477570772171,0.2037380039691925,0.1915566772222518,0.2370712757110595,-0.9524198174476624,0.8283536434173584,0,0,0,1
28.733333333333334,0.6039860297974702,0.30391305662270857,0.7367752234051653,0.15395938319413816,-0.7558256312580918,0.5116895432463179,0.4085357101474498,0.1395521163940429,-0.2528408411289526,-0.8036234599279791,0.5387586135836595,0.7697562695874873,0.0,0.0,0.0,1.0,0.1428568959236145,0.9533211588859558,0.2660278975963592,-0.1651051193475723,0.9710294604301452,-0.1870191395282745,0.1487477570772171,0.2037380039691925,0.1915566772222518,0.2370712757110595,-0.9524198174476624,0.8283536434173584,0,0,0,1
28.766666666666666,0.6039860297974702,0.30391305662270857,0.7367752234051653,0.15476345930451352,-0.7558256312580918,0.5116895432463179,0.4085357101474498,0.1395521163940429,-0.2528408411289526,-0.8036234599279791,0.5387586135836595,0.7691642296593193,0.0,0.0,0.0,1.0,0.1428568959236145,0.9533211588859558,0.2660278975963592,-0.1651051193475723,0.9710294604301452,-0.1870191395282745,0.1487477570772171,0.2037380039691925,0.1915566772222518,0.2370712757110595,-0.9524198174476624,0.8283536434173584,0,0,0,1
28.8,0.6039860297974702,0.30391305662270857,0.7367752234051653,0.15557486221194758,-0.7558256312580918,0.5116895432463179,0.4085357101474498,0.1395521163940429,-0.2528408411289526,-0.8036234599279791,0.5387586135836595,0.768582271765972,0.0,0.0,0.0,1.0,0.1428568959236145,0.9533211588859558,0.2660278975963592,-0.1651051193475723,0.9710294604301452,-0.1870191395282745,0.1487477570772171,0.2037380039691925,0.1915566772222518,0.2370712757110595,-0.9524198174476624,0.8283536434173584,0,0,0,1
28.833333333333332,0.6039860297974702,0.30391305662270857,0.7367752234051653,0.1563934655087841,-0.7558256312580918,0.5116895432463179,0.4085357101474498,0.1395521163940429,-0.2528408411289526,-0.8036234599279791,0.5387586135836595,0.7680104865700899,0.0,0.0,0.0,1.0,0.1428568959236145,0.9533211588859558,0.2660278975963592,-0.1651051193475723,0.9710294604301452,-0.1870191395282745,0.1487477570772171,0.2037380039691925,0.1915566772222518,0.2370712757110595,-0.9524198174476624,0.8283536434173584,0,0,0,1
28.866666666666667,0.6039860297974702,0.30391305662270857,0.7367752234051653,0.15721914166562548,-0.7558256312580918,0.5116895432463179,0.4085357101474498,0.1395521163940429,-0.2528408411289526,-0.8036234599279791,0.5387586135836595,0.7674489631495229,0.0,0.0,0.0,1.0,0.1428568959236145,0.9533211588859558,0.2660278975963592,-0.1651051193475723,0.9710294604301452,-0.1870191395282745,0.1487477570772171,0.2037380039691925,0.1915566772222518,0.2370712757110595,-0.9524198174476624,0.8283536434173584,0,0,0,1
28.9,0.6039860297974702,0.30391305662270857,0.7367752234051653,0.15805176205120008,-0.7558256312580918,0.5116895432463179,0.4085357101474498,0.1395521163940429,-0.2528408411289526,-0.8036234599279791,0.5387586135836595,0.7668977889834493,0.0,0.0,0.0,1.0,0.1428568959236145,0.9533211588859558,0.2660278975963592,-0.1651051193475723,0.9710294604301452,-0.1870191395282745,0.1487477570772171,0.2037380039691925,0.1915566772222518,0.2370712757110595,-0.9524198174476624,0.8283536434173584,0,0,0,1
28.933333333333334,0.6039860297974702,0.30391305662270857,0.7367752234051653,0.15889119695240198,-0.7558256312580918,0.5116895432463179,0.4085357101474498,0.1395521163940429,-0.2528408411289526,-0.8036234599279791,0.5387586135836595,0.7663570499387468,0.0,0.0,0.0,1.0,0.1428568959236145,0.9533211588859558,0.2660278975963592,-0.1651051193475723,0.9710294604301452,-0.1870191395282745,0.1487477570772171,0.2037380039691925,0.1915566772222518,0.2370712757110595,-0.9524198174476624,0.8283536434173584,0,0,0,1
28.966666666666665,0.6039860297974702,0.30391305662270857,0.7367752234051653,0.15973731559449836,-0.7558256312580918,0.5116895432463179,0.4085357101474498,0.1395521163940429,-0.2528408411289526,-0.8036234599279791,0.5387586135836595,0.7658268302566162,0.0,0.0,0.0,1.0,0.1428568959236145,0.9533211588859558,0.2660278975963592,-0.1651051193475723,0.9710294604301452,-0.1870191395282745,0.1487477570772171,0.2037380039691925,0.1915566772222518,0.2370712757110595,-0.9524198174476624,0.8283536434173584,0,0,0,1
29.0,0.6039860297974702,0.30391305662270857,0.7367752234051653,0.16058998616150313,-0.7558256312580918,0.5116895432463179,0.4085357101474498,0.1395521163940429,-0.2528408411289526,-0.8036234599279791,0.5387586135836595,0.7653072125394574,0.0,0.0,0.0,1.0,0.1428568959236145,0.9533211588859558,0.2660278975963592,-0.1651051193475723,0.9710294604301452,-0.1870191395282745,0.1487477570772171,0.2037380039691925,0.1915566772222518,0.2370712757110595,-0.9524198174476624,0.8283536434173584,0,0,0,1
29.033333333333335,0.6039860297974702,0.30391305662270857,0.7367752234051653,0.16144907581671225,-0.7558256312580918,0.5116895432463179,0.4085357101474498,0.1395521163940429,-0.2528408411289526,-0.8036234599279791,0.5387586135836595,0.7647982777380005,0.0,0.0,0.0,1.0,0.1428568959236145,0.9533211588859558,0.2660278975963592,-0.1651051193475723,0.9710294604301452,-0.1870191395282745,0.1487477570772171,0.2037380039691925,0.1915566772222518,0.2370712757110595,-0.9524198174476624,0.8283536434173584,0,0,0,1
29.066666666666666,0.6039860297974702,0.30391305662270857,0.7367752234051653,0.16231445072339848,-0.7558256312580918,0.5116895432463179,0.4085357101474498,0.1395521163940429,-0.2528408411289526,-0.8036234599279791,0.5387586135836595,0.7643001051386943,0.0,0.0,0.0,1.0,0.1428568959236145,0.9533211588859558,0.2660278975963592,-0.1651051193475723,0.9710294604301452,-0.1870191395282745,0.1487477570772171,0.2037380039691925,0.1915566772222518,0.2370712757110595,-0.9524198174476624,0.8283536434173584,0,0,0,1
29.1,0.6039860297974702,0.30391305662270857,0.7367752234051653,0.16318597606566115,-0.7558256312580918,0.5116895432463179,0.4085357101474498,0.1395521163940429,-0.2528408411289526,-0.8036234599279791,0.5387586135836595,0.7638127723513554,0.0,0.0,0.0,1.0,0.1428568959236145,0.9533211588859558,0.2660278975963592,-0.1651051193475723,0.9710294604301452,-0.1870191395282745,0.1487477570772171,0.2037380039691925,0.1915566772222518,0.2370712757110595,-0.9524198174476624,0.8283536434173584,0,0,0,1
29.133333333333333,0.6039860297974702,0.30391305662270857,0.7367752234051653,0.16406351606942954,-0.7558256312580918,0.5116895432463179,0.4085357101474498,0.1395521163940429,-0.2528408411289526,-0.8036234599279791,0.5387586135836595,0.7633363552970764,0.0,0.0,0.0,1.0,0.1428568959236145,0.9533211588859558,0.2660278975963592,-0.1651051193475723,0.9710294604301452,-0.1870191395282745,0.1487477570772171,0.2037380039691925,0.1915566772222518,0.2370712757110595,-0.9524198174476624,0.8283536434173584,0,0,0,1
29.166666666666668,0.6039860297974702,0.30391305662270857,0.7367752234051653,0.16494693402361468,-0.7558256312580918,0.5116895432463179,0.4085357101474498,0.1395521163940429,-0.2528408411289526,-0.8036234599279791,0.5387586135836595,0.7628709281963991,0.0,0.0,0.0,1.0,0.1428568959236145,0.9533211588859558,0.2660278975963592,-0.1651051193475723,0.9710294604301452,-0.1870191395282745,0.1487477570772171,0.2037380039691925,0.1915566772222518,0.2370712757110595,-0.9524198174476624,0.8283536434173584,0,0,0,1
29.2,0.6039860297974702,0.30391305662270857,0.7367752234051653,0.16583609230140756,-0.7558256312580918,0.5116895432463179,0.4085357101474498,0.1395521163940429,-0.2528408411289526,-0.8036234599279791,0.5387586135836595,0.7624165635577509,0.0,0.0,0.0,1.0,0.1428568959236145,0.9533211588859558,0.2660278975963592,-0.1651051193475723,0.9710294604301452,-0.1870191395282745,0.1487477570772171,0.2037380039691925,0.1915566772222518,0.2370712757110595,-0.9524198174476624,0.8283536434173584,0,0,0,1
29.233333333333334,0.6039860297974702,0.30391305662270857,0.7367752234051653,0.16673085238171978,-0.7558256312580918,0.5116895432463179,0.4085357101474498,0.1395521163940429,-0.2528408411289526,-0.8036234599279791,0.5387586135836595,0.7619733321661493,0.0,0.0,0.0,1.0,0.1428568959236145,0.9533211588859558,0.2660278975963592,-0.1651051193475723,0.9710294604301452,-0.1870191395282745,0.1487477570772171,0.2037380039691925,0.1915566772222518,0.2370712757110595,-0.9524198174476624,0.8283536434173584,0,0,0,1
29.266666666666666,0.6039860297974702,0.30391305662270857,0.7367752234051653,0.16763107487076379,-0.7558256312580918,0.5116895432463179,0.4085357101474498,0.1395521163940429,-0.2528408411289526,-0.8036234599279791,0.5387586135836595,0.761541303072174,0.0,0.0,0.0,1.0,0.1428568959236145,0.9533211588859558,0.2660278975963592,-0.1651051193475723,0.9710294604301452,-0.1870191395282745,0.1487477570772171,0.2037380039691925,0.1915566772222518,0.2370712757110595,-0.9524198174476624,0.8283536434173584,0,0,0,1
29.3,0.6039860297974702,0.30391305662270857,0.7367752234051653,0.1685366195237687,-0.7558256312580918,0.5116895432463179,0.4085357101474498,0.1395521163940429,-0.2528408411289526,-0.8036234599279791,0.5387586135836595,0.7611205435812105,0.0,0.0,0.0,1.0,0.1428568959236145,0.9533211588859558,0.2660278975963592,-0.1651051193475723,0.9710294604301452,-0.1870191395282745,0.1487477570772171,0.2037380039691925,0.1915566772222518,0.2370712757110595,-0.9524198174476624,0.8283536434173584,0,0,0,1
29.333333333333332,0.6039860297974702,0.30391305662270857,0.7367752234051653,0.16944734526682886,-0.7558256312580918,0.5116895432463179,0.4085357101474498,0.1395521163940429,-0.2528408411289526,-0.8036234599279791,0.5387586135836595,0.7607111192429634,0.0,0.0,0.0,1.0,0.1428568959236145,0.9533211588859558,0.2660278975963592,-0.1651051193475723,0.9710294604301452,-0.1870191395282745,0.1487477570772171,0.2037380039691925,0.1915566772222518,0.2370712757110595,-0.9524198174476624,0.8283536434173584,0,0,0,1
29.366666666666667,0.6039860297974702,0.30391305662270857,0.7367752234051653,0.17036311021888192,-0.7558256312580918,0.5116895432463179,0.4085357101474498,0.1395521163940429,-0.2528408411289526,-0.8036234599279791,0.5387586135836595,0.7603130938412453,0.0,0.0,0.0,1.0,0.1428568959236145,0.9533211588859558,0.2660278975963592,-0.1651051193475723,0.9710294604301452,-0.1870191395282745,0.1487477570772171,0.2037380039691925,0.1915566772222518,0.2370712757110595,-0.9524198174476624,0.8283536434173584,0,0,0,1
29.4,0.6039860297974702,0.30391305662270857,0.7367752234051653,0.17128377171381198,-0.7558256312580918,0.5116895432463179,0.4085357101474498,0.1395521163940429,-0.2528408411289526,-0.8036234599279791,0.5387586135836595,0.7599265293840398,0.0,0.0,0.0,1.0,0.1428568959236145,0.9533211588859558,0.2660278975963592,-0.1651051193475723,0.9710294604301452,-0.1870191395282745,0.1487477570772171,0.2037380039691925,0.1915566772222518,0.2370712757110595,-0.9524198174476624,0.8283536434173584,0,0,0,1
29.433333333333334,0.6039860297974702,0.30391305662270857,0.7367752234051653,0.17220918632267576,-0.7558256312580918,0.5116895432463179,0.4085357101474498,0.1395521163940429,-0.2528408411289526,-0.8036234599279791,0.5387586135836595,0.7595514860938412,0.0,0.0,0.0,1.0,0.1428568959236145,0.9533211588859558,0.2660278975963592,-0.1651051193475723,0.9710294604301452,-0.1870191395282745,0.1487477570772171,0.2037380039691925,0.1915566772222518,0.2370712757110595,-0.9524198174476624,0.8283536434173584,0,0,0,1
29.466666666666665,0.6039860297974702,0.30391305662270857,0.7367752234051653,0.1731392098760469,-0.7558256312580918,0.5116895432463179,0.4085357101474498,0.1395521163940429,-0.2528408411289526,-0.8036234599279791,0.5387586135836595,0.7591880223982724,0.0,0.0,0.0,1.0,0.1428568959236145,0.9533211588859558,0.2660278975963592,-0.1651051193475723,0.9710294604301452,-0.1870191395282745,0.1487477570772171,0.2037380039691925,0.1915566772222518,0.2370712757110595,-0.9524198174476624,0.8283536434173584,0,0,0,1
29.5,0.6039860297974702,0.30391305662270857,0.7367752234051653,0.1740736974864762,-0.7558256312580918,0.5116895432463179,0.4085357101474498,0.1395521163940429,-0.2528408411289526,-0.8036234599279791,0.5387586135836595,0.7588361949209832,0.0,0.0,0.0,1.0,0.1428568959236145,0.9533211588859558,0.2660278975963592,-0.1651051193475723,0.9710294604301452,-0.1870191395282745,0.1487477570772171,0.2037380039691925,0.1915566772222518,0.2370712757110595,-0.9524198174476624,0.8283536434173584,0,0,0,1
29.533333333333335,0.6039860297974702,0.30391305662270857,0.7367752234051653,0.1750125035710633,-0.7558256312580918,0.5116895432463179,0.4085357101474498,0.1395521163940429,-0.2528408411289526,-0.8036234599279791,0.5387586135836595,0.758496058472828,0.0,0.0,0.0,1.0,0.1428568959236145,0.9533211588859558,0.2660278975963592,-0.1651051193475723,0.9710294604301452,-0.1870191395282745,0.1487477570772171,0.2037380039691925,0.1915566772222518,0.2370712757110595,-0.9524198174476624,0.8283536434173584,0,0,0,1
29.566666666666666,0.6039860297974702,0.30391305662270857,0.7367752234051653,0.1759554818741374,-0.7558256312580918,0.5116895432463179,0.4085357101474498,0.1395521163940429,-0.2528408411289526,-0.8036234599279791,0.5387586135836595,0.7581676660433275,0.0,0.0,0.0,1.0,0.1428568959236145,0.9533211588859558,0.2660278975963592,-0.1651051193475723,0.9710294604301452,-0.1870191395282745,0.1487477570772171,0.2037380039691925,0.1915566772222518,0.2370712757110595,-0.9524198174476624,0.8283536434173584,0,0,0,1
29.6,0.6039860297974702,0.30391305662270857,0.7367752234051653,0.17690248549004145,-0.7558256312580918,0.5116895432463179,0.4085357101474498,0.1395521163940429,-0.2528408411289526,-0.8036234599279791,0.5387586135836595,0.7578510687924136,0.0,0.0,0.0,1.0,0.1428568959236145,0.9533211588859558,0.2660278975963592,-0.1651051193475723,0.9710294604301452,-0.1870191395282745,0.1487477570772171,0.2037380039691925,0.1915566772222518,0.2370712757110595,-0.9524198174476624,0.8283536434173584,0,0,0,1
29.633333333333333,0.6039860297974702,0.30391305662270857,0.7367752234051653,0.1778533668860191,-0.7558256312580918,0.5116895432463179,0.4085357101474498,0.1395521163940429,-0.2528408411289526,-0.8036234599279791,0.5387586135836595,0.7575463160424586,0.0,0.0,0.0,1.0,0.1428568959236145,0.9533211588859558,0.2660278975963592,-0.1651051193475723,0.9710294604301452,-0.1870191395282745,0.1487477570772171,0.2037380039691925,0.1915566772222518,0.2370712757110595,-0.9524198174476624,0.8283536434173584,0,0,0,1
29.666666666666668,0.6039860297974702,0.30391305662270857,0.7367752234051653,0.17880797792519856,-0.7558256312580918,0.5116895432463179,0.4085357101474498,0.1395521163940429,-0.2528408411289526,-0.8036234599279791,0.5387586135836595,0.757253455270592,0.0,0.0,0.0,1.0,0.1428568959236145,0.9533211588859558,0.2660278975963592,-0.1651051193475723,0.9710294604301452,-0.1870191395282745,0.1487477570772171,0.2037380039691925,0.1915566772222518,0.2370712757110595,-0.9524198174476624,0.8283536434173584,0,0,0,1
29.7,0.6039860297974702,0.30391305662270857,0.7367752234051653,0.17976616988967045,-0.7558256312580918,0.5116895432463179,0.4085357101474498,0.1395521163940429,-0.2528408411289526,-0.8036234599279791,0.5387586135836595,0.7569725321013036,0.0,0.0,0.0,1.0,0.1428568959236145,0.9533211588859558,0.2660278975963592,-0.1651051193475723,0.9710294604301452,-0.1870191395282745,0.1487477570772171,0.2037380039691925,0.1915566772222518,0.2370712757110595,-0.9524198174476624,0.8283536434173584,0,0,0,1
29.733333333333334,0.6039860297974702,0.30391305662270857,0.7367752234051653,0.18072779350365673,-0.7558256312580918,0.5116895432463179,0.4085357101474498,0.1395521163940429,-0.2528408411289526,-0.8036234599279791,0.5387586135836595,0.756703590299336,0.0,0.0,0.0,1.0,0.1428568959236145,0.9533211588859558,0.2660278975963592,-0.1651051193475723,0.9710294604301452,-0.1870191395282745,0.1487477570772171,0.2037380039691925,0.1915566772222518,0.2370712757110595,-0.9524198174476624,0.8283536434173584,0,0,0,1
29.766666666666666,0.6039860297974702,0.30391305662270857,0.7367752234051653,0.1816926989567659,-0.7558256312580918,0.5116895432463179,0.4085357101474498,0.1395521163940429,-0.2528408411289526,-0.8036234599279791,0.5387586135836595,0.7564466717628665,0.0,0.0,0.0,1.0,0.1428568959236145,0.9533211588859558,0.2660278975963592,-0.1651051193475723,0.9710294604301452,-0.1870191395282745,0.1487477570772171,0.2037380039691925,0.1915566772222518,0.2370712757110595,-0.9524198174476624,0.8283536434173584,0,0,0,1
29.8,0.6039860297974702,0.30391305662270857,0.7367752234051653,0.18266073592733223,-0.7558256312580918,0.5116895432463179,0.4085357101474498,0.1395521163940429,-0.2528408411289526,-0.8036234599279791,0.5387586135836595,0.7562018165169797,0.0,0.0,0.0,1.0,0.1428568959236145,0.9533211588859558,0.2660278975963592,-0.1651051193475723,0.9710294604301452,-0.1870191395282745,0.1487477570772171,0.2037380039691925,0.1915566772222518,0.2370712757110595,-0.9524198174476624,0.8283536434173584,0,0,0,1
29.833333333333332,0.6039860297974702,0.30391305662270857,0.7367752234051653,0.18363175360583384,-0.7558256312580918,0.5116895432463179,0.4085357101474498,0.1395521163940429,-0.2528408411289526,-0.8036234599279791,0.5387586135836595,0.755969062707432,0.0,0.0,0.0,1.0,0.1428568959236145,0.9533211588859558,0.2660278975963592,-0.1651051193475723,0.9710294604301452,-0.1870191395282745,0.1487477570772171,0.2037380039691925,0.1915566772222518,0.2370712757110595,-0.9524198174476624,0.8283536434173584,0,0,0,1
29.866666666666667,0.6039860297974702,0.30391305662270857,0.7367752234051653,0.18460560071838725,-0.7558256312580918,0.5116895432463179,0.4085357101474498,0.1395521163940429,-0.2528408411289526,-0.8036234599279791,0.5387586135836595,0.7557484465947092,0.0,0.0,0.0,1.0,0.1428568959236145,0.9533211588859558,0.2660278975963592,-0.1651051193475723,0.9710294604301452,-0.1870191395282745,0.1487477570772171,0.2037380039691925,0.1915566772222518,0.2370712757110595,-0.9524198174476624,0.8283536434173584,0,0,0,1
29.9,0.6039860297974702,0.30391305662270857,0.7367752234051653,0.1855821255503144,-0.7558256312580918,0.5116895432463179,0.4085357101474498,0.1395521163940429,-0.2528408411289526,-0.8036234599279791,0.5387586135836595,0.7555400025483772,0.0,0.0,0.0,1.0,0.1428568959236145,0.9533211588859558,0.2660278975963592,-0.1651051193475723,0.9710294604301452,-0.1870191395282745,0.1487477570772171,0.2037380039691925,0.1915566772222518,0.2370712757110595,-0.9524198174476624,0.8283536434173584,0,0,0,1
29.933333333333334,0.6039860297974702,0.30391305662270857,0.7367752234051653,0.18656117596977784,-0.7558256312580918,0.5116895432463179,0.4085357101474498,0.1395521163940429,-0.2528408411289526,-0.8036234599279791,0.5387586135836595,0.7553437630417277,0.0,0.0,0.0,1.0,0.1428568959236145,0.9533211588859558,0.2660278975963592,-0.1651051193475723,0.9710294604301452,-0.1870191395282745,0.1487477570772171,0.2037380039691925,0.1915566772222518,0.2370712757110595,-0.9524198174476624,0.8283536434173584,0,0,0,1
29.966666666666665,0.6039860297974702,0.30391305662270857,0.7367752234051653,0.1875425994514814,-0.7558256312580918,0.5116895432463179,0.4085357101474498,0.1395521163940429,-0.2528408411289526,-0.8036234599279791,0.5387586135836595,0.7551597586467194,0.0,0.0,0.0,1.0,0.1428568959236145,0.9533211588859558,0.2660278975963592,-0.1651051193475723,0.9710294604301452,-0.1870191395282745,0.1487477570772171,0.2037380039691925,0.1915566772222518,0.2370712757110595,-0.9524198174476624,0.8283536434173584,0,0,0,1
30.0,0.6039860297974702,0.30391305662270857,0.7367752234051653,0.18852624310043195,-0.7558256312580918,0.5116895432463179,0.4085357101474498,0.1395521163940429,-0.2528408411289526,-0.8036234599279791,0.5387586135836595,0.7549880180292148,0.0,0.0,0.0,1.0,0.1428568959236145,0.9533211588859558,0.2660278975963592,-0.1651051193475723,0.9710294604301452,-0.1870191395282745,0.1487477570772171,0.2037380039691925,0.1915566772222518,0.2370712757110595,-0.9524198174476624,0.8283536434173584,0,0,0,1
30.033333333333335,0.6039860297974702,0.30391305662270857,0.7367752234051653,0.18951195367575857,-0.7558256312580918,0.5116895432463179,0.4085357101474498,0.1395521163940429,-0.2528408411289526,-0.8036234599279791,0.5387586135836595,0.7548285679445148,0.0,0.0,0.0,1.0,0.1428568959236145,0.9533211588859558,0.2660278975963592,-0.1651051193475723,0.9710294604301452,-0.1870191395282745,0.1487477570772171,0.2037380039691925,0.1915566772222518,0.2370712757110595,-0.9524198174476624,0.8283536434173584,0,0,0,1
30.066666666666666,0.6039860297974702,0.30391305662270857,0.7367752234051653,0.19049957761458602,-0.7558256312580918,0.5116895432463179,0.4085357101474498,0.1395521163940429,-0.2528408411289526,-0.8036234599279791,0.5387586135836595,0.7546814332331904,0.0,0.0,0.0,1.0,0.1428568959236145,0.9533211588859558,0.2660278975963592,-0.1651051193475723,0.9710294604301452,-0.1870191395282745,0.1487477570772171,0.2037380039691925,0.1915566772222518,0.2370712757110595,-0.9524198174476624,0.8283536434173584,0,0,0,1
30.1,0.6039860297974702,0.30391305662270857,0.7367752234051653,0.19148896105595803,-0.7558256312580918,0.5116895432463179,0.4085357101474498,0.1395521163940429,-0.2528408411289526,-0.8036234599279791,0.5387586135836595,0.7545466368172127,0.0,0.0,0.0,1.0,0.1428568959236145,0.9533211588859558,0.2660278975963592,-0.1651051193475723,0.9710294604301452,-0.1870191395282745,0.1487477570772171,0.2037380039691925,0.1915566772222518,0.2370712757110595,-0.9524198174476624,0.8283536434173584,0,0,0,1
30.133333333333333,0.6039860297974702,0.30391305662270857,0.7367752234051653,0.1924799498648071,-0.7558256312580918,0.5116895432463179,0.4085357101474498,0.1395521163940429,-0.2528408411289526,-0.8036234599279791,0.5387586135836595,0.754424199696382,0.0,0.0,0.0,1.0,0.1428568959236145,0.9533211588859558,0.2660278975963592,-0.1651051193475723,0.9710294604301452,-0.1870191395282745,0.1487477570772171,0.2037380039691925,0.1915566772222518,0.2370712757110595,-0.9524198174476624,0.8283536434173584,0,0,0,1
30.166666666666668,0.6039860297974702,0.30391305662270857,0.7367752234051653,0.19347238965596733,-0.7558256312580918,0.5116895432463179,0.4085357101474498,0.1395521163940429,-0.2528408411289526,-0.8036234599279791,0.5387586135836595,0.754314140945056,0.0,0.0,0.0,1.0,0.1428568959236145,0.9533211588859558,0.2660278975963592,-0.1651051193475723,0.9710294604301452,-0.1870191395282745,0.1487477570772171,0.2037380039691925,0.1915566772222518,0.2370712757110595,-0.9524198174476624,0.8283536434173584,0,0,0,1
30.2,0.6039860297974702,0.30391305662270857,0.7367752234051653,0.1944661258182255,-0.7558256312580918,0.5116895432463179,0.4085357101474498,0.1395521163940429,-0.2528408411289526,-0.8036234599279791,0.5387586135836595,0.754216477709179,0.0,0.0,0.0,1.0,0.1428568959236145,0.9533211588859558,0.2660278975963592,-0.1651051193475723,0.9710294604301452,-0.1870191395282745,0.1487477570772171,0.2037380039691925,0.1915566772222518,0.2370712757110595,-0.9524198174476624,0.8283536434173584,0,0,0,1
30.233333333333334,0.6039860297974702,0.30391305662270857,0.7367752234051653,0.1954610035384081,-0.7558256312580918,0.5116895432463179,0.4085357101474498,0.1395521163940429,-0.2528408411289526,-0.8036234599279791,0.5387586135836595,0.7541312252036096,0.0,0.0,0.0,1.0,0.1428568959236145,0.9533211588859558,0.2660278975963592,-0.1651051193475723,0.9710294604301452,-0.1870191395282745,0.1487477570772171,0.2037380039691925,0.1915566772222518,0.2370712757110595,-0.9524198174476624,0.8283536434173584,0,0,0,1
30.266666666666666,0.6039860297974702,0.30391305662270857,0.7367752234051653,0.19645686782549937,-0.7558256312580918,0.5116895432463179,0.4085357101474498,0.1395521163940429,-0.2528408411289526,-0.8036234599279791,0.5387586135836595,0.7540583967097516,0.0,0.0,0.0,1.0,0.1428568959236145,0.9533211588859558,0.2660278975963592,-0.1651051193475723,0.9710294604301452,-0.1870191395282745,0.1487477570772171,0.2037380039691925,0.1915566772222518,0.2370712757110595,-0.9524198174476624,0.8283536434173584,0,0,0,1
30.3,0.6039860297974702,0.30391305662270857,0.7367752234051653,0.19745356353478755,-0.7558256312580918,0.5116895432463179,0.4085357101474498,0.1395521163940429,-0.2528408411289526,-0.8036234599279791,0.5387586135836595,0.7539980035734837,0.0,0.0,0.0,1.0,0.1428568959236145,0.9533211588859558,0.2660278975963592,-0.1651051193475723,0.9710294604301452,-0.1870191395282745,0.1487477570772171,0.2037380039691925,0.1915566772222518,0.2370712757110595,-0.9524198174476624,0.8283536434173584,0,0,0,1
30.333333333333332,0.6039860297974702,0.30391305662270857,0.7367752234051653,0.19845093539203404,-0.7558256312580918,0.5116895432463179,0.4085357101474498,0.1395521163940429,-0.2528408411289526,-0.8036234599279791,0.5387586135836595,0.7539500552033931,0.0,0.0,0.0,1.0,0.1428568959236145,0.9533211588859558,0.2660278975963592,-0.1651051193475723,0.9710294604301452,-0.1870191395282745,0.1487477570772171,0.2037380039691925,0.1915566772222518,0.2370712757110595,-0.9524198174476624,0.8283536434173584,0,0,0,1
30.366666666666667,0.6039860297974702,0.30391305662270857,0.7367752234051653,0.19944882801766392,-0.7558256312580918,0.5116895432463179,0.4085357101474498,0.1395521163940429,-0.2528408411289526,-0.8036234599279791,0.5387586135836595,0.7539145590693087,0.0,0.0,0.0,1.0,0.1428568959236145,0.9533211588859558,0.2660278975963592,-0.1651051193475723,0.9710294604301452,-0.1870191395282745,0.1487477570772171,0.2037380039691925,0.1915566772222518,0.2370712757110595,-0.9524198174476624,0.8283536434173584,0,0,0,1
30.4,0.6039860297974702,0.30391305662270857,0.7367752234051653,0.20044708595097255,-0.7558256312580918,0.5116895432463179,0.4085357101474498,0.1395521163940429,-0.2528408411289526,-0.8036234599279791,0.5387586135836595,0.7538915207011382,0.0,0.0,0.0,1.0,0.1428568959236145,0.9533211588859558,0.2660278975963592,-0.1651051193475723,0.9710294604301452,-0.1870191395282745,0.1487477570772171,0.2037380039691925,0.1915566772222518,0.2370712757110595,-0.9524198174476624,0.8283536434173584,0,0,0,1
30.433333333333334,0.6039860297974702,0.30391305662270857,0.7367752234051653,0.2014455536743441,-0.7558256312580918,0.5116895432463179,0.4085357101474498,0.1395521163940429,-0.2528408411289526,-0.8036234599279791,0.5387586135836595,0.7538809436880063,0.0,0.0,0.0,1.0,0.1428568959236145,0.9533211588859558,0.2660278975963592,-0.1651051193475723,0.9710294604301452,-0.1870191395282745,0.1487477570772171,0.2037380039691925,0.1915566772222518,0.2370712757110595,-0.9524198174476624,0.8283536434173584,0,0,0,1
30.466666666666665,0.6039860297974702,0.30391305662270857,0.7367752234051653,0.2024440756374798,-0.7558256312580918,0.5116895432463179,0.4085357101474498,0.1395521163940429,-0.2528408411289526,-0.8036234599279791,0.5387586135836595,0.7538828296776952,0.0,0.0,0.0,1.0,0.1428568959236145,0.9533211588859558,0.2660278975963592,-0.1651051193475723,0.9710294604301452,-0.1870191395282745,0.1487477570772171,0.2037380039691925,0.1915566772222518,0.2370712757110595,-0.9524198174476624,0.8283536434173584,0,0,0,1
30.5,0.6039860297974702,0.30391305662270857,0.7367752234051653,0.20344249628163102,-0.7558256312580918,0.5116895432463179,0.4085357101474498,0.1395521163940429,-0.2528408411289526,-0.8036234599279791,0.5387586135836595,0.7538971783763886,0.0,0.0,0.0,1.0,0.1428568959236145,0.9533211588859558,0.2660278975963592,-0.1651051193475723,0.9710294604301452,-0.1870191395282745,0.1487477570772171,0.2037380039691925,0.1915566772222518,0.2370712757110595,-0.9524198174476624,0.8283536434173584,0,0,0,1
30.533333333333335,0.6039860297974702,0.30391305662270857,0.7367752234051653,0.20444066006383343,-0.7558256312580918,0.5116895432463179,0.4085357101474498,0.1395521163940429,-0.2528408411289526,-0.8036234599279791,0.5387586135836595,0.7539239875487169,0.0,0.0,0.0,1.0,0.1428568959236145,0.9533211588859558,0.2660278975963592,-0.1651051193475723,0.9710294604301452,-0.1870191395282745,0.1487477570772171,0.2037380039691925,0.1915566772222518,0.2370712757110595,-0.9524198174476624,0.8283536434173584,0,0,0,1
30.566666666666666,0.6039860297974702,0.30391305662270857,0.7367752234051653,0.205438411481139,-0.7558256312580918,0.5116895432463179,0.4085357101474498,0.1395521163940429,-0.2528408411289526,-0.8036234599279791,0.5387586135836595,0.7539632530181056,0.0,0.0,0.0,1.0,0.1428568959236145,0.9533211588859558,0.2660278975963592,-0.1651051193475723,0.9710294604301452,-0.1870191395282745,0.1487477570772171,0.2037380039691925,0.1915566772222518,0.2370712757110595,-0.9524198174476624,0.8283536434173584,0,0,0,1
30.6,0.6039860297974702,0.30391305662270857,0.7367752234051653,0.20643559509484166,-0.7558256312580918,0.5116895432463179,0.4085357101474498,0.1395521163940429,-0.2528408411289526,-0.8036234599279791,0.5387586135836595,0.7540149686674261,0.0,0.0,0.0,1.0,0.1428568959236145,0.9533211588859558,0.2660278975963592,-0.1651051193475723,0.9710294604301452,-0.1870191395282745,0.1487477570772171,0.2037380039691925,0.1915566772222518,0.2370712757110595,-0.9524198174476624,0.8283536434173584,0,0,0,1
30.633333333333333,0.6039860297974702,0.30391305662270857,0.7367752234051653,0.20743205555469268,-0.7558256312580918,0.5116895432463179,0.4085357101474498,0.1395521163940429,-0.2528408411289526,-0.8036234599279791,0.5387586135836595,0.7540791264399487,0.0,0.0,0.0,1.0,0.1428568959236145,0.9533211588859558,0.2660278975963592,-0.1651051193475723,0.9710294604301452,-0.1870191395282745,0.1487477570772171,0.2037380039691925,0.1915566772222518,0.2370712757110595,-0.9524198174476624,0.8283536434173584,0,0,0,1
30.666666666666668,0.6039860297974702,0.30391305662270857,0.7367752234051653,0.20842763762310296,-0.7558256312580918,0.5116895432463179,0.4085357101474498,0.1395521163940429,-0.2528408411289526,-0.8036234599279791,0.5387586135836595,0.7541557163405972,0.0,0.0,0.0,1.0,0.1428568959236145,0.9533211588859558,0.2660278975963592,-0.1651051193475723,0.9710294604301452,-0.1870191395282745,0.1487477570772171,0.2037380039691925,0.1915566772222518,0.2370712757110595,-0.9524198174476624,0.8283536434173584,0,0,0,1
30.7,0.6039860297974702,0.30391305662270857,0.7367752234051653,0.2094221861993272,-0.7558256312580918,0.5116895432463179,0.4085357101474498,0.1395521163940429,-0.2528408411289526,-0.8036234599279791,0.5387586135836595,0.754244726437507,0.0,0.0,0.0,1.0,0.1428568959236145,0.9533211588859558,0.2660278975963592,-0.1651051193475723,0.9710294604301452,-0.1870191395282745,0.1487477570772171,0.2037380039691925,0.1915566772222518,0.2370712757110595,-0.9524198174476624,0.8283536434173584,0,0,0,1
30.733333333333334,0.6039860297974702,0.30391305662270857,0.7367752234051653,0.21041554634362666,-0.7558256312580918,0.5116895432463179,0.4085357101474498,0.1395521163940429,-0.2528408411289526,-0.8036234599279791,0.5387586135836595,0.7543461428638831,0.0,0.0,0.0,1.0,0.1428568959236145,0.9533211588859558,0.2660278975963592,-0.1651051193475723,0.9710294604301452,-0.1870191395282745,0.1487477570772171,0.2037380039691925,0.1915566772222518,0.2370712757110595,-0.9524198174476624,0.8283536434173584,0,0,0,1
30.766666666666666,0.6039860297974702,0.30391305662270857,0.7367752234051653,0.21140756330140725,-0.7558256312580918,0.5116895432463179,0.4085357101474498,0.1395521163940429,-0.2528408411289526,-0.8036234599279791,0.5387586135836595,0.7544599498201607,0.0,0.0,0.0,1.0,0.1428568959236145,0.9533211588859558,0.2660278975963592,-0.1651051193475723,0.9710294604301452,-0.1870191395282745,0.1487477570772171,0.2037380039691925,0.1915566772222518,0.2370712757110595,-0.9524198174476624,0.8283536434173584,0,0,0,1
30.8,0.6039860297974702,0.30391305662270857,0.7367752234051653,0.2123980825273288,-0.7558256312580918,0.5116895432463179,0.4085357101474498,0.1395521163940429,-0.2528408411289526,-0.8036234599279791,0.5387586135836595,0.7545861295764669,0.0,0.0,0.0,1.0,0.1428568959236145,0.9533211588859558,0.2660278975963592,-0.1651051193475723,0.9710294604301452,-0.1870191395282745,0.1487477570772171,0.2037380039691925,0.1915566772222518,0.2370712757110595,-0.9524198174476624,0.8283536434173584,0,0,0,1
30.833333333333332,0.6039860297974702,0.30391305662270857,0.7367752234051653,0.21338694970938102,-0.7558256312580918,0.5116895432463179,0.4085357101474498,0.1395521163940429,-0.2528408411289526,-0.8036234599279791,0.5387586135836595,0.7547246624753821,0.0,0.0,0.0,1.0,0.1428568959236145,0.9533211588859558,0.2660278975963592,-0.1651051193475723,0.9710294604301452,-0.1870191395282745,0.1487477570772171,0.2037380039691925,0.1915566772222518,0.2370712757110595,-0.9524198174476624,0.8283536434173584,0,0,0,1
30.866666666666667,0.6039860297974702,0.30391305662270857,0.7367752234051653,0.21437401079292376,-0.7558256312580918,0.5116895432463179,0.4085357101474498,0.1395521163940429,-0.2528408411289526,-0.8036234599279791,0.5387586135836595,0.754875526935003,0.0,0.0,0.0,1.0,0.1428568959236145,0.9533211588859558,0.2660278975963592,-0.1651051193475723,0.9710294604301452,-0.1870191395282745,0.1487477570772171,0.2037380039691925,0.1915566772222518,0.2370712757110595,-0.9524198174476624,0.8283536434173584,0,0,0,1
30.9,0.6039860297974702,0.30391305662270857,0.7367752234051653,0.21535911200468782,-0.7558256312580918,0.5116895432463179,0.4085357101474498,0.1395521163940429,-0.2528408411289526,-0.8036234599279791,0.5387586135836595,0.755038699452305,0.0,0.0,0.0,1.0,0.1428568959236145,0.9533211588859558,0.2660278975963592,-0.1651051193475723,0.9710294604301452,-0.1870191395282745,0.1487477570772171,0.2037380039691925,0.1915566772222518,0.2370712757110595,-0.9524198174476624,0.8283536434173584,0,0,0,1
30.933333333333334,0.6039860297974702,0.30391305662270857,0.7367752234051653,0.2163420998767298,-0.7558256312580918,0.5116895432463179,0.4085357101474498,0.1395521163940429,-0.2528408411289526,-0.8036234599279791,0.5387586135836595,0.7552141546068027,0.0,0.0,0.0,1.0,0.1428568959236145,0.9533211588859558,0.2660278975963592,-0.1651051193475723,0.9710294604301452,-0.1870191395282745,0.1487477570772171,0.2037380039691925,0.1915566772222518,0.2370712757110595,-0.9524198174476624,0.8283536434173584,0,0,0,1
30.966666666666665,0.6039860297974702,0.30391305662270857,0.7367752234051653,0.21732282127034183,-0.7558256312580918,0.5116895432463179,0.4085357101474498,0.1395521163940429,-0.2528408411289526,-0.8036234599279791,0.5387586135836595,0.7554018650645115,0.0,0.0,0.0,1.0,0.1428568959236145,0.9533211588859558,0.2660278975963592,-0.1651051193475723,0.9710294604301452,-0.1870191395282745,0.1487477570772171,0.2037380039691925,0.1915566772222518,0.2370712757110595,-0.9524198174476624,0.8283536434173584,0,0,0,1
31.0,0.6039860297974702,0.30391305662270857,0.7367752234051653,0.21830112339990831,-0.7558256312580918,0.5116895432463179,0.4085357101474498,0.1395521163940429,-0.2528408411289526,-0.8036234599279791,0.5387586135836595,0.7556018015822047,0.0,0.0,0.0,1.0,0.1428568959236145,0.9533211588859558,0.2660278975963592,-0.1651051193475723,0.9710294604301452,-0.1870191395282745,0.1487477570772171,0.2037380039691925,0.1915566772222518,0.2370712757110595,-0.9524198174476624,0.8283536434173584,0,0,0,1
31.033333333333335,0.6039860297974702,0.30391305662270857,0.7367752234051653,0.21927685385670836,-0.7558256312580918,0.5116895432463179,0.4085357101474498,0.1395521163940429,-0.2528408411289526,-0.8036234599279791,0.5387586135836595,0.7558139330119701,0.0,0.0,0.0,1.0,0.1428568959236145,0.9533211588859558,0.2660278975963592,-0.1651051193475723,0.9710294604301452,-0.1870191395282745,0.1487477570772171,0.2037380039691925,0.1915566772222518,0.2370712757110595,-0.9524198174476624,0.8283536434173584,0,0,0,1
31.066666666666666,0.6039860297974702,0.30391305662270857,0.7367752234051653,0.22024986063265956,-0.7558256312580918,0.5116895432463179,0.4085357101474498,0.1395521163940429,-0.2528408411289526,-0.8036234599279791,0.5387586135836595,0.7560382263060621,0.0,0.0,0.0,1.0,0.1428568959236145,0.9533211588859558,0.2660278975963592,-0.1651051193475723,0.9710294604301452,-0.1870191395282745,0.1487477570772171,0.2037380039691925,0.1915566772222518,0.2370712757110595,-0.9524198174476624,0.8283536434173584,0,0,0,1
31.1,0.6039860297974702,0.30391305662270857,0.7367752234051653,0.22121999214399898,-0.7558256312580918,0.5116895432463179,0.4085357101474498,0.1395521163940429,-0.2528408411289526,-0.8036234599279791,0.5387586135836595,0.7562746465220505,0.0,0.0,0.0,1.0,0.1428568959236145,0.9533211588859558,0.2660278975963592,-0.1651051193475723,0.9710294604301452,-0.1870191395282745,0.1487477570772171,0.2037380039691925,0.1915566772222518,0.2370712757110595,-0.9524198174476624,0.8283536434173584,0,0,0,1
31.133333333333333,0.6039860297974702,0.30391305662270857,0.7367752234051653,0.22218709725489819,-0.7558256312580918,0.5116895432463179,0.4085357101474498,0.1395521163940429,-0.2528408411289526,-0.8036234599279791,0.5387586135836595,0.7565231568282634,0.0,0.0,0.0,1.0,0.1428568959236145,0.9533211588859558,0.2660278975963592,-0.1651051193475723,0.9710294604301452,-0.1870191395282745,0.1487477570772171,0.2037380039691925,0.1915566772222518,0.2370712757110595,-0.9524198174476624,0.8283536434173584,0,0,0,1
31.166666666666668,0.6039860297974702,0.30391305662270857,0.7367752234051653,0.22315102530100897,-0.7558256312580918,0.5116895432463179,0.4085357101474498,0.1395521163940429,-0.2528408411289526,-0.8036234599279791,0.5387586135836595,0.7567837185095265,0.0,0.0,0.0,1.0,0.1428568959236145,0.9533211588859558,0.2660278975963592,-0.1651051193475723,0.9710294604301452,-0.1870191395282745,0.1487477570772171,0.2037380039691925,0.1915566772222518,0.2370712757110595,-0.9524198174476624,0.8283536434173584,0,0,0,1
31.2,0.6039860297974702,0.30391305662270857,0.7367752234051653,0.22411162611293473,-0.7558256312580918,0.5116895432463179,0.4085357101474498,0.1395521163940429,-0.2528408411289526,-0.8036234599279791,0.5387586135836595,0.757056290973193,0.0,0.0,0.0,1.0,0.1428568959236145,0.9533211588859558,0.2660278975963592,-0.1651051193475723,0.9710294604301452,-0.1870191395282745,0.1487477570772171,0.2037380039691925,0.1915566772222518,0.2370712757110595,-0.9524198174476624,0.8283536434173584,0,0,0,1
31.233333333333334,0.6039860297974702,0.30391305662270857,0.7367752234051653,0.22506875003962518,-0.7558256312580918,0.5116895432463179,0.4085357101474498,0.1395521163940429,-0.2528408411289526,-0.8036234599279791,0.5387586135836595,0.7573408317554686,0.0,0.0,0.0,1.0,0.1428568959236145,0.9533211588859558,0.2660278975963592,-0.1651051193475723,0.9710294604301452,-0.1870191395282745,0.1487477570772171,0.2037380039691925,0.1915566772222518,0.2370712757110595,-0.9524198174476624,0.8283536434173584,0,0,0,1
31.266666666666666,0.6039860297974702,0.30391305662270857,0.7367752234051653,0.22602224797169104,-0.7558256312580918,0.5116895432463179,0.4085357101474498,0.1395521163940429,-0.2528408411289526,-0.8036234599279791,0.5387586135836595,0.7576372965280262,0.0,0.0,0.0,1.0,0.1428568959236145,0.9533211588859558,0.2660278975963592,-0.1651051193475723,0.9710294604301452,-0.1870191395282745,0.1487477570772171,0.2037380039691925,0.1915566772222518,0.2370712757110595,-0.9524198174476624,0.8283536434173584,0,0,0,1
31.3,0.6039860297974702,0.30391305662270857,0.7367752234051653,0.22697197136463282,-0.7558256312580918,0.5116895432463179,0.4085357101474498,0.1395521163940429,-0.2528408411289526,-0.8036234599279791,0.5387586135836595,0.7579456391049125,0.0,0.0,0.0,1.0,0.1428568959236145,0.9533211588859558,0.2660278975963592,-0.1651051193475723,0.9710294604301452,-0.1870191395282745,0.1487477570772171,0.2037380039691925,0.1915566772222518,0.2370712757110595,-0.9524198174476624,0.8283536434173584,0,0,0,1
31.333333333333332,0.6039860297974702,0.30391305662270857,0.7367752234051653,0.22791777226198262,-0.7558256312580918,0.5116895432463179,0.4085357101474498,0.1395521163940429,-0.2528408411289526,-0.8036234599279791,0.5387586135836595,0.7582658114497423,0.0,0.0,0.0,1.0,0.1428568959236145,0.9533211588859558,0.2660278975963592,-0.1651051193475723,0.9710294604301452,-0.1870191395282745,0.1487477570772171,0.2037380039691925,0.1915566772222518,0.2370712757110595,-0.9524198174476624,0.8283536434173584,0,0,0,1
31.366666666666667,0.6039860297974702,0.30391305662270857,0.7367752234051653,0.22885950331835458,-0.7558256312580918,0.5116895432463179,0.4085357101474498,0.1395521163940429,-0.2528408411289526,-0.8036234599279791,0.5387586135836595,0.7585977636831827,0.0,0.0,0.0,1.0,0.1428568959236145,0.9533211588859558,0.2660278975963592,-0.1651051193475723,0.9710294604301452,-0.1870191395282745,0.1487477570772171,0.2037380039691925,0.1915566772222518,0.2370712757110595,-0.9524198174476624,0.8283536434173584,0,0,0,1
31.4,0.6039860297974702,0.30391305662270857,0.7367752234051653,0.22979701782239922,-0.7558256312580918,0.5116895432463179,0.4085357101474498,0.1395521163940429,-0.2528408411289526,-0.8036234599279791,0.5387586135836595,0.7589414440907238,0.0,0.0,0.0,1.0,0.1428568959236145,0.9533211588859558,0.2660278975963592,-0.1651051193475723,0.9710294604301452,-0.1870191395282745,0.1487477570772171,0.2037380039691925,0.1915566772222518,0.2370712757110595,-0.9524198174476624,0.8283536434173584,0,0,0,1
31.433333333333334,0.6039860297974702,0.30391305662270857,0.7367752234051653,0.2307301697196593,-0.7558256312580918,0.5116895432463179,0.4085357101474498,0.1395521163940429,-0.2528408411289526,-0.8036234599279791,0.5387586135836595,0.7592967991307351,0.0,0.0,0.0,1.0,0.1428568959236145,0.9533211588859558,0.2660278975963592,-0.1651051193475723,0.9710294604301452,-0.1870191395282745,0.1487477570772171,0.2037380039691925,0.1915566772222518,0.2370712757110595,-0.9524198174476624,0.8283536434173584,0,0,0,1
31.466666666666665,0.6039860297974702,0.30391305662270857,0.7367752234051653,0.23165881363532423,-0.7558256312580918,0.5116895432463179,0.4085357101474498,0.1395521163940429,-0.2528408411289526,-0.8036234599279791,0.5387586135836595,0.7596637734428062,0.0,0.0,0.0,1.0,0.1428568959236145,0.9533211588859558,0.2660278975963592,-0.1651051193475723,0.9710294604301452,-0.1870191395282745,0.1487477570772171,0.2037380039691925,0.1915566772222518,0.2370712757110595,-0.9524198174476624,0.8283536434173584,0,0,0,1
31.5,0.6039860297974702,0.30391305662270857,0.7367752234051653,0.23258280489687716,-0.7558256312580918,0.5116895432463179,0.4085357101474498,0.1395521163940429,-0.2528408411289526,-0.8036234599279791,0.5387586135836595,0.7600423098563723,0.0,0.0,0.0,1.0,0.1428568959236145,0.9533211588859558,0.2660278975963592,-0.1651051193475723,0.9710294604301452,-0.1870191395282745,0.1487477570772171,0.2037380039691925,0.1915566772222518,0.2370712757110595,-0.9524198174476624,0.8283536434173584,0,0,0,1
31.533333333333335,0.6039860297974702,0.30391305662270857,0.7367752234051653,0.23350199955663348,-0.7558256312580918,0.5116895432463179,0.4085357101474498,0.1395521163940429,-0.2528408411289526,-0.8036234599279791,0.5387586135836595,0.76043234939962,0.0,0.0,0.0,1.0,0.1428568959236145,0.9533211588859558,0.2660278975963592,-0.1651051193475723,0.9710294604301452,-0.1870191395282745,0.1487477570772171,0.2037380039691925,0.1915566772222518,0.2370712757110595,-0.9524198174476624,0.8283536434173584,0,0,0,1
31.566666666666666,0.6039860297974702,0.30391305662270857,0.7367752234051653,0.2344162544141668,-0.7558256312580918,0.5116895432463179,0.4085357101474498,0.1395521163940429,-0.2528408411289526,-0.8036234599279791,0.5387586135836595,0.7608338313086749,0.0,0.0,0.0,1.0,0.1428568959236145,0.9533211588859558,0.2660278975963592,-0.1651051193475723,0.9710294604301452,-0.1870191395282745,0.1487477570772171,0.2037380039691925,0.1915566772222518,0.2370712757110595,-0.9524198174476624,0.8283536434173584,0,0,0,1
31.6,0.6039860297974702,0.30391305662270857,0.7367752234051653,0.23532542703861736,-0.7558256312580918,0.5116895432463179,0.4085357101474498,0.1395521163940429,-0.2528408411289526,-0.8036234599279791,0.5387586135836595,0.7612466930370674,0.0,0.0,0.0,1.0,0.1428568959236145,0.9533211588859558,0.2660278975963592,-0.1651051193475723,0.9710294604301452,-0.1870191395282745,0.1487477570772171,0.2037380039691925,0.1915566772222518,0.2370712757110595,-0.9524198174476624,0.8283536434173584,0,0,0,1
31.633333333333333,0.6039860297974702,0.30391305662270857,0.7367752234051653,0.2362293757908815,-0.7558256312580918,0.5116895432463179,0.4085357101474498,0.1395521163940429,-0.2528408411289526,-0.8036234599279791,0.5387586135836595,0.7616708702654773,0.0,0.0,0.0,1.0,0.1428568959236145,0.9533211588859558,0.2660278975963592,-0.1651051193475723,0.9710294604301452,-0.1870191395282745,0.1487477570772171,0.2037380039691925,0.1915566772222518,0.2370712757110595,-0.9524198174476624,0.8283536434173584,0,0,0,1
31.666666666666668,0.6039860297974702,0.30391305662270857,0.7367752234051653,0.23712795984567753,-0.7558256312580918,0.5116895432463179,0.4085357101474498,0.1395521163940429,-0.2528408411289526,-0.8036234599279791,0.5387586135836595,0.7621062969117541,0.0,0.0,0.0,1.0,0.1428568959236145,0.9533211588859558,0.2660278975963592,-0.1651051193475723,0.9710294604301452,-0.1870191395282745,0.1487477570772171,0.2037380039691925,0.1915566772222518,0.2370712757110595,-0.9524198174476624,0.8283536434173584,0,0,0,1
31.7,0.6039860297974702,0.30391305662270857,0.7367752234051653,0.2380210392134846,-0.7558256312580918,0.5116895432463179,0.4085357101474498,0.1395521163940429,-0.2528408411289526,-0.8036234599279791,0.5387586135836595,0.7625529051412113,0.0,0.0,0.0,1.0,0.1428568959236145,0.9533211588859558,0.2660278975963592,-0.1651051193475723,0.9710294604301452,-0.1870191395282745,0.1487477570772171,0.2037380039691925,0.1915566772222518,0.2370712757110595,-0.9524198174476624,0.8283536434173584,0,0,0,1
31.733333333333334,0.6039860297974702,0.30391305662270857,0.7367752234051653,0.23890847476235164,-0.7558256312580918,0.5116895432463179,0.4085357101474498,0.1395521163940429,-0.2528408411289526,-0.8036234599279791,0.5387586135836595,0.7630106253771947,0.0,0.0,0.0,1.0,0.1428568959236145,0.9533211588859558,0.2660278975963592,-0.1651051193475723,0.9710294604301452,-0.1870191395282745,0.1487477570772171,0.2037380039691925,0.1915566772222518,0.2370712757110595,-0.9524198174476624,0.8283536434173584,0,0,0,1
31.766666666666666,0.6039860297974702,0.30391305662270857,0.7367752234051653,0.23979012823957246,-0.7558256312580918,0.5116895432463179,0.4085357101474498,0.1395521163940429,-0.2528408411289526,-0.8036234599279791,0.5387586135836595,0.7634793863119216,0.0,0.0,0.0,1.0,0.1428568959236145,0.9533211588859558,0.2660278975963592,-0.1651051193475723,0.9710294604301452,-0.1870191395282745,0.1487477570772171,0.2037380039691925,0.1915566772222518,0.2370712757110595,-0.9524198174476624,0.8283536434173584,0,0,0,1
31.8,0.6039860297974702,0.30391305662270857,0.7367752234051653,0.24066586229322418,-0.7558256312580918,0.5116895432463179,0.4085357101474498,0.1395521163940429,-0.2528408411289526,-0.8036234599279791,0.5387586135836595,0.7639591149175897,0.0,0.0,0.0,1.0,0.1428568959236145,0.9533211588859558,0.2660278975963592,-0.1651051193475723,0.9710294604301452,-0.1870191395282745,0.1487477570772171,0.2037380039691925,0.1915566772222518,0.2370712757110595,-0.9524198174476624,0.8283536434173584,0,0,0,1
31.833333333333332,0.6039860297974702,0.30391305662270857,0.7367752234051653,0.24153554049356513,-0.7558256312580918,0.5116895432463179,0.4085357101474498,0.1395521163940429,-0.2528408411289526,-0.8036234599279791,0.5387586135836595,0.7644497364577543,0.0,0.0,0.0,1.0,0.1428568959236145,0.9533211588859558,0.2660278975963592,-0.1651051193475723,0.9710294604301452,-0.1870191395282745,0.1487477570772171,0.2037380039691925,0.1915566772222518,0.2370712757110595,-0.9524198174476624,0.8283536434173584,0,0,0,1
31.866666666666667,0.6039860297974702,0.30391305662270857,0.7367752234051653,0.24239902735428878,-0.7558256312580918,0.5116895432463179,0.4085357101474498,0.1395521163940429,-0.2528408411289526,-0.8036234599279791,0.5387586135836595,0.7649511744989709,0.0,0.0,0.0,1.0,0.1428568959236145,0.9533211588859558,0.2660278975963592,-0.1651051193475723,0.9710294604301452,-0.1870191395282745,0.1487477570772171,0.2037380039691925,0.1915566772222518,0.2370712757110595,-0.9524198174476624,0.8283536434173584,0,0,0,1
31.9,0.6039860297974702,0.30391305662270857,0.7367752234051653,0.24325618835363144,-0.7558256312580918,0.5116895432463179,0.4085357101474498,0.1395521163940429,-0.2528408411289526,-0.8036234599279791,0.5387586135836595,0.7654633509227033,0.0,0.0,0.0,1.0,0.1428568959236145,0.9533211588859558,0.2660278975963592,-0.1651051193475723,0.9710294604301452,-0.1870191395282745,0.1487477570772171,0.2037380039691925,0.1915566772222518,0.2370712757110595,-0.9524198174476624,0.8283536434173584,0,0,0,1
31.933333333333334,0.6039860297974702,0.30391305662270857,0.7367752234051653,0.24410688995532925,-0.7558256312580918,0.5116895432463179,0.4085357101474498,0.1395521163940429,-0.2528408411289526,-0.8036234599279791,0.5387586135836595,0.7659861859374932,0.0,0.0,0.0,1.0,0.1428568959236145,0.9533211588859558,0.2660278975963592,-0.1651051193475723,0.9710294604301452,-0.1870191395282745,0.1487477570772171,0.2037380039691925,0.1915566772222518,0.2370712757110595,-0.9524198174476624,0.8283536434173584,0,0,0,1
31.966666666666665,0.6039860297974702,0.30391305662270857,0.7367752234051653,0.24495099962942118,-0.7558256312580918,0.5116895432463179,0.4085357101474498,0.1395521163940429,-0.2528408411289526,-0.8036234599279791,0.5387586135836595,0.7665195980913909,0.0,0.0,0.0,1.0,0.1428568959236145,0.9533211588859558,0.2660278975963592,-0.1651051193475723,0.9710294604301452,-0.1870191395282745,0.1487477570772171,0.2037380039691925,0.1915566772222518,0.2370712757110595,-0.9524198174476624,0.8283536434173584,0,0,0,1
32.0,0.6039860297974702,0.30391305662270857,0.7367752234051653,0.24578838587289648,-0.7558256312580918,0.5116895432463179,0.4085357101474498,0.1395521163940429,-0.2528408411289526,-0.8036234599279791,0.5387586135836595,0.7670635042846448,0.0,0.0,0.0,1.0,0.1428568959236145,0.9533211588859558,0.2660278975963592,-0.1651051193475723,0.9710294604301452,-0.1870191395282745,0.1487477570772171,0.2037380039691925,0.1915566772222518,0.2370712757110595,-0.9524198174476624,0.8283536434173584,0,0,0,1
32.03333333333333,0.6039860297974702,0.30391305662270857,0.7367752234051653,0.24661891823018067,-0.7558256312580918,0.5116895432463179,0.4085357101474498,0.1395521163940429,-0.2528408411289526,-0.8036234599279791,0.5387586135836595,0.7676178197826471,0.0,0.0,0.0,1.0,0.1428568959236145,0.9533211588859558,0.2660278975963592,-0.1651051193475723,0.9710294604301452,-0.1870191395282745,0.1487477570772171,0.2037380039691925,0.1915566772222518,0.2370712757110595,-0.9524198174476624,0.8283536434173584,0,0,0,1
32.06666666666667,0.6039860297974702,0.30391305662270857,0.7367752234051653,0.24744246731345954,-0.7558256312580918,0.5116895432463179,0.4085357101474498,0.1395521163940429,-0.2528408411289526,-0.8036234599279791,0.5387586135836595,0.7681824582291349,0.0,0.0,0.0,1.0,0.1428568959236145,0.9533211588859558,0.2660278975963592,-0.1651051193475723,0.9710294604301452,-0.1870191395282745,0.1487477570772171,0.2037380039691925,0.1915566772222518,0.2370712757110595,-0.9524198174476624,0.8283536434173584,0,0,0,1
32.1,0.6039860297974702,0.30391305662270857,0.7367752234051653,0.2482589048228363,-0.7558256312580918,0.5116895432463179,0.4085357101474498,0.1395521163940429,-0.2528408411289526,-0.8036234599279791,0.5387586135836595,0.7687573316596432,0.0,0.0,0.0,1.0,0.1428568959236145,0.9533211588859558,0.2660278975963592,-0.1651051193475723,0.9710294604301452,-0.1870191395282745,0.1487477570772171,0.2037380039691925,0.1915566772222518,0.2370712757110595,-0.9524198174476624,0.8283536434173584,0,0,0,1
32.13333333333333,0.6039860297974702,0.30391305662270857,0.7367752234051653,0.24906810356631903,-0.7558256312580918,0.5116895432463179,0.4085357101474498,0.1395521163940429,-0.2528408411289526,-0.8036234599279791,0.5387586135836595,0.7693423505152089,0.0,0.0,0.0,1.0,0.1428568959236145,0.9533211588859558,0.2660278975963592,-0.1651051193475723,0.9710294604301452,-0.1870191395282745,0.1487477570772171,0.2037380039691925,0.1915566772222518,0.2370712757110595,-0.9524198174476624,0.8283536434173584,0,0,0,1
32.166666666666664,0.6039860297974702,0.30391305662270857,0.7367752234051653,0.24986993747963618,-0.7558256312580918,0.5116895432463179,0.4085357101474498,0.1395521163940429,-0.2528408411289526,-0.8036234599279791,0.5387586135836595,0.7699374236563237,0.0,0.0,0.0,1.0,0.1428568959236145,0.9533211588859558,0.2660278975963592,-0.1651051193475723,0.9710294604301452,-0.1870191395282745,0.1487477570772171,0.2037380039691925,0.1915566772222518,0.2370712757110595,-0.9524198174476624,0.8283536434173584,0,0,0,1
32.2,0.6039860297974702,0.30391305662270857,0.7367752234051653,0.2506642816458757,-0.7558256312580918,0.5116895432463179,0.4085357101474498,0.1395521163940429,-0.2528408411289526,-0.8036234599279791,0.5387586135836595,0.7705424583771312,0.0,0.0,0.0,1.0,0.1428568959236145,0.9533211588859558,0.2660278975963592,-0.1651051193475723,0.9710294604301452,-0.1870191395282745,0.1487477570772171,0.2037380039691925,0.1915566772222518,0.2370712757110595,-0.9524198174476624,0.8283536434173584,0,0,0,1
32.233333333333334,0.6039860297974702,0.30391305662270857,0.7367752234051653,0.2514510123149459,-0.7558256312580918,0.5116895432463179,0.4085357101474498,0.1395521163940429,-0.2528408411289526,-0.8036234599279791,0.5387586135836595,0.7711573604198714,0.0,0.0,0.0,1.0,0.1428568959236145,0.9533211588859558,0.2660278975963592,-0.1651051193475723,0.9710294604301452,-0.1870191395282745,0.1487477570772171,0.2037380039691925,0.1915566772222518,0.2370712757110595,-0.9524198174476624,0.8283536434173584,0,0,0,1
32.266666666666666,0.6039860297974702,0.30391305662270857,0.7367752234051653,0.25223000692285413,-0.7558256312580918,0.5116895432463179,0.4085357101474498,0.1395521163940429,-0.2528408411289526,-0.8036234599279791,0.5387586135836595,0.771782033989563,0.0,0.0,0.0,1.0,0.1428568959236145,0.9533211588859558,0.2660278975963592,-0.1651051193475723,0.9710294604301452,-0.1870191395282745,0.1487477570772171,0.2037380039691925,0.1915566772222518,0.2370712757110595,-0.9524198174476624,0.8283536434173584,0,0,0,1
32.3,0.6039860297974702,0.30391305662270857,0.7367752234051653,0.2530011441108014,-0.7558256312580918,0.5116895432463179,0.4085357101474498,0.1395521163940429,-0.2528408411289526,-0.8036234599279791,0.5387586135836595,0.7724163817689289,0.0,0.0,0.0,1.0,0.1428568959236145,0.9533211588859558,0.2660278975963592,-0.1651051193475723,0.9710294604301452,-0.1870191395282745,0.1487477570772171,0.2037380039691925,0.1915566772222518,0.2370712757110595,-0.9524198174476624,0.8283536434173584,0,0,0,1
32.333333333333336,0.6039860297974702,0.30391305662270857,0.7367752234051653,0.25376430374408787,-0.7558256312580918,0.5116895432463179,0.4085357101474498,0.1395521163940429,-0.2528408411289526,-0.8036234599279791,0.5387586135836595,0.7730603049335562,0.0,0.0,0.0,1.0,0.1428568959236145,0.9533211588859558,0.2660278975963592,-0.1651051193475723,0.9710294604301452,-0.1870191395282745,0.1487477570772171,0.2037380039691925,0.1915566772222518,0.2370712757110595,-0.9524198174476624,0.8283536434173584,0,0,0,1
32.36666666666667,0.6039860297974702,0.30391305662270857,0.7367752234051653,0.2545193669308296,-0.7558256312580918,0.5116895432463179,0.4085357101474498,0.1395521163940429,-0.2528408411289526,-0.8036234599279791,0.5387586135836595,0.7737137031672919,0.0,0.0,0.0,1.0,0.1428568959236145,0.9533211588859558,0.2660278975963592,-0.1651051193475723,0.9710294604301452,-0.1870191395282745,0.1487477570772171,0.2037380039691925,0.1915566772222518,0.2370712757110595,-0.9524198174476624,0.8283536434173584,0,0,0,1
32.4,0.6039860297974702,0.30391305662270857,0.7367752234051653,0.2552662160404796,-0.7558256312580918,0.5116895432463179,0.4085357101474498,0.1395521163940429,-0.2528408411289526,-0.8036234599279791,0.5387586135836595,0.774376474677872,0.0,0.0,0.0,1.0,0.1428568959236145,0.9533211588859558,0.2660278975963592,-0.1651051193475723,0.9710294604301452,-0.1870191395282745,0.1487477570772171,0.2037380039691925,0.1915566772222518,0.2370712757110595,-0.9524198174476624,0.8283536434173584,0,0,0,1
32.43333333333333,0.6039860297974702,0.30391305662270857,0.7367752234051653,0.2560047347221541,-0.7558256312580918,0.5116895432463179,0.4085357101474498,0.1395521163940429,-0.2528408411289526,-0.8036234599279791,0.5387586135836595,0.7750485162127783,0.0,0.0,0.0,1.0,0.1428568959236145,0.9533211588859558,0.2660278975963592,-0.1651051193475723,0.9710294604301452,-0.1870191395282745,0.1487477570772171,0.2037380039691925,0.1915566772222518,0.2370712757110595,-0.9524198174476624,0.8283536434173584,0,0,0,1
32.46666666666667,0.6039860297974702,0.30391305662270857,0.7367752234051653,0.25673480792275843,-0.7558256312580918,0.5116895432463179,0.4085357101474498,0.1395521163940429,-0.2528408411289526,-0.8036234599279791,0.5387586135836595,0.7757297230753252,0.0,0.0,0.0,1.0,0.1428568959236145,0.9533211588859558,0.2660278975963592,-0.1651051193475723,0.9710294604301452,-0.1870191395282745,0.1487477570772171,0.2037380039691925,0.1915566772222518,0.2370712757110595,-0.9524198174476624,0.8283536434173584,0,0,0,1
32.5,0.6039860297974702,0.30391305662270857,0.7367752234051653,0.2574563219049109,-0.7558256312580918,0.5116895432463179,0.4085357101474498,0.1395521163940429,-0.2528408411289526,-0.8036234599279791,0.5387586135836595,0.7764199891409695,0.0,0.0,0.0,1.0,0.1428568959236145,0.9533211588859558,0.2660278975963592,-0.1651051193475723,0.9710294604301452,-0.1870191395282745,0.1487477570772171,0.2037380039691925,0.1915566772222518,0.2370712757110595,-0.9524198174476624,0.8283536434173584,0,0,0,1
32.53333333333333,0.6039860297974702,0.30391305662270857,0.7367752234051653,0.2581691642646621,-0.7558256312580918,0.5116895432463179,0.4085357101474498,0.1395521163940429,-0.2528408411289526,-0.8036234599279791,0.5387586135836595,0.7771192068738437,0.0,0.0,0.0,1.0,0.1428568959236145,0.9533211588859558,0.2660278975963592,-0.1651051193475723,0.9710294604301452,-0.1870191395282745,0.1487477570772171,0.2037380039691925,0.1915566772222518,0.2370712757110595,-0.9524198174476624,0.8283536434173584,0,0,0,1
32.56666666666667,0.6039860297974702,0.30391305662270857,0.7367752234051653,0.25887322394900614,-0.7558256312580918,0.5116895432463179,0.4085357101474498,0.1395521163940429,-0.2528408411289526,-0.8036234599279791,0.5387586135836595,0.7778272673435093,0.0,0.0,0.0,1.0,0.1428568959236145,0.9533211588859558,0.2660278975963592,-0.1651051193475723,0.9710294604301452,-0.1870191395282745,0.1487477570772171,0.2037380039691925,0.1915566772222518,0.2370712757110595,-0.9524198174476624,0.8283536434173584,0,0,0,1
32.6,0.6039860297974702,0.30391305662270857,0.7367752234051653,0.25956839127318143,-0.7558256312580918,0.5116895432463179,0.4085357101474498,0.1395521163940429,-0.2528408411289526,-0.8036234599279791,0.5387586135836595,0.778544060241926,0.0,0.0,0.0,1.0,0.1428568959236145,0.9533211588859558,0.2660278975963592,-0.1651051193475723,0.9710294604301452,-0.1870191395282745,0.1487477570772171,0.2037380039691925,0.1915566772222518,0.2370712757110595,-0.9524198174476624,0.8283536434173584,0,0,0,1
32.63333333333333,0.6039860297974702,0.30391305662270857,0.7367752234051653,0.26025455793775826,-0.7558256312580918,0.5116895432463179,0.4085357101474498,0.1395521163940429,-0.2528408411289526,-0.8036234599279791,0.5387586135836595,0.7792694739006374,0.0,0.0,0.0,1.0,0.1428568959236145,0.9533211588859558,0.2660278975963592,-0.1651051193475723,0.9710294604301452,-0.1870191395282745,0.1487477570772171,0.2037380039691925,0.1915566772222518,0.2370712757110595,-0.9524198174476624,0.8283536434173584,0,0,0,1
32.666666666666664,0.6039860297974702,0.30391305662270857,0.7367752234051653,0.26093161704551093,-0.7558256312580918,0.5116895432463179,0.4085357101474498,0.1395521163940429,-0.2528408411289526,-0.8036234599279791,0.5387586135836595,0.7800033953081674,0.0,0.0,0.0,1.0,0.1428568959236145,0.9533211588859558,0.2660278975963592,-0.1651051193475723,0.9710294604301452,-0.1870191395282745,0.1487477570772171,0.2037380039691925,0.1915566772222518,0.2370712757110595,-0.9524198174476624,0.8283536434173584,0,0,0,1
32.7,0.6039860297974702,0.30391305662270857,0.7367752234051653,0.26159946311807075,-0.7558256312580918,0.5116895432463179,0.4085357101474498,0.1395521163940429,-0.2528408411289526,-0.8036234599279791,0.5387586135836595,0.780745710127626,0.0,0.0,0.0,1.0,0.1428568959236145,0.9533211588859558,0.2660278975963592,-0.1651051193475723,0.9710294604301452,-0.1870191395282745,0.1487477570772171,0.2037380039691925,0.1915566772222518,0.2370712757110595,-0.9524198174476624,0.8283536434173584,0,0,0,1
32.733333333333334,0.6039860297974702,0.30391305662270857,0.7367752234051653,0.26225799211235906,-0.7558256312580918,0.5116895432463179,0.4085357101474498,0.1395521163940429,-0.2528408411289526,-0.8036234599279791,0.5387586135836595,0.781496302714522,0.0,0.0,0.0,1.0,0.1428568959236145,0.9533211588859558,0.2660278975963592,-0.1651051193475723,0.9710294604301452,-0.1870191395282745,0.1487477570772171,0.2037380039691925,0.1915566772222518,0.2370712757110595,-0.9524198174476624,0.8283536434173584,0,0,0,1
32.766666666666666,0.6039860297974702,0.30391305662270857,0.7367752234051653,0.2629071014367953,-0.7558256312580918,0.5116895432463179,0.4085357101474498,0.1395521163940429,-0.2528408411289526,-0.8036234599279791,0.5387586135836595,0.7822550561347787,0.0,0.0,0.0,1.0,0.1428568959236145,0.9533211588859558,0.2660278975963592,-0.1651051193475723,0.9710294604301452,-0.1870191395282745,0.1487477570772171,0.2037380039691925,0.1915566772222518,0.2370712757110595,-0.9524198174476624,0.8283536434173584,0,0,0,1
32.8,0.6039860297974702,0.30391305662270857,0.7367752234051653,0.26354668996728003,-0.7558256312580918,0.5116895432463179,0.4085357101474498,0.1395521163940429,-0.2528408411289526,-0.8036234599279791,0.5387586135836595,0.783021852182952,0.0,0.0,0.0,1.0,0.1428568959236145,0.9533211588859558,0.2660278975963592,-0.1651051193475723,0.9710294604301452,-0.1870191395282745,0.1487477570772171,0.2037380039691925,0.1915566772222518,0.2370712757110595,-0.9524198174476624,0.8283536434173584,0,0,0,1
32.833333333333336,0.6039860297974702,0.30391305662270857,0.7367752234051653,0.264176658062949,-0.7558256312580918,0.5116895432463179,0.4085357101474498,0.1395521163940429,-0.2528408411289526,-0.8036234599279791,0.5387586135836595,0.7837965714006436,0.0,0.0,0.0,1.0,0.1428568959236145,0.9533211588859558,0.2660278975963592,-0.1651051193475723,0.9710294604301452,-0.1870191395282745,0.1487477570772171,0.2037380039691925,0.1915566772222518,0.2370712757110595,-0.9524198174476624,0.8283536434173584,0,0,0,1
32.86666666666667,0.6039860297974702,0.30391305662270857,0.7367752234051653,0.2647969075816957,-0.7558256312580918,0.5116895432463179,0.4085357101474498,0.1395521163940429,-0.2528408411289526,-0.8036234599279791,0.5387586135836595,0.7845790930951135,0.0,0.0,0.0,1.0,0.1428568959236145,0.9533211588859558,0.2660278975963592,-0.1651051193475723,0.9710294604301452,-0.1870191395282745,0.1487477570772171,0.2037380039691925,0.1915566772222518,0.2370712757110595,-0.9524198174476624,0.8283536434173584,0,0,0,1
32.9,0.6039860297974702,0.30391305662270857,0.7367752234051653,0.2654073418954614,-0.7558256312580918,0.5116895432463179,0.4085357101474498,0.1395521163940429,-0.2528408411289526,-0.8036234599279791,0.5387586135836595,0.785369295358081,0.0,0.0,0.0,1.0,0.1428568959236145,0.9533211588859558,0.2660278975963592,-0.1651051193475723,0.9710294604301452,-0.1870191395282745,0.1487477570772171,0.2037380039691925,0.1915566772222518,0.2370712757110595,-0.9524198174476624,0.8283536434173584,0,0,0,1
32.93333333333333,0.6039860297974702,0.30391305662270857,0.7367752234051653,0.2660078659052883,-0.7558256312580918,0.5116895432463179,0.4085357101474498,0.1395521163940429,-0.2528408411289526,-0.8036234599279791,0.5387586135836595,0.7861670550847174,0.0,0.0,0.0,1.0,0.1428568959236145,0.9533211588859558,0.2660278975963592,-0.1651051193475723,0.9710294604301452,-0.1870191395282745,0.1487477570772171,0.2037380039691925,0.1915566772222518,0.2370712757110595,-0.9524198174476624,0.8283536434173584,0,0,0,1
32.96666666666667,0.6039860297974702,0.30391305662270857,0.7367752234051653,0.26659838605613506,-0.7558256312580918,0.5116895432463179,0.4085357101474498,0.1395521163940429,-0.2528408411289526,-0.8036234599279791,0.5387586135836595,0.7869722479928242,0.0,0.0,0.0,1.0,0.1428568959236145,0.9533211588859558,0.2660278975963592,-0.1651051193475723,0.9710294604301452,-0.1870191395282745,0.1487477570772171,0.2037380039691925,0.1915566772222518,0.2370712757110595,-0.9524198174476624,0.8283536434173584,0,0,0,1
33.0,0.6039860297974702,0.30391305662270857,0.7367752234051653,0.2671788103514517,-0.7558256312580918,0.5116895432463179,0.4085357101474498,0.1395521163940429,-0.2528408411289526,-0.8036234599279791,0.5387586135836595,0.7877847486421949,0.0,0.0,0.0,1.0,0.1428568959236145,0.9533211588859558,0.2660278975963592,-0.1651051193475723,0.9710294604301452,-0.1870191395282745,0.1487477570772171,0.2037380039691925,0.1915566772222518,0.2370712757110595,-0.9524198174476624,0.8283536434173584,0,0,0,1
33.03333333333333,0.6039860297974702,0.30391305662270857,0.7367752234051653,0.2677490483675114,-0.7558256312580918,0.5116895432463179,0.4085357101474498,0.1395521163940429,-0.2528408411289526,-0.8036234599279791,0.5387586135836595,0.7886044304541572,0.0,0.0,0.0,1.0,0.1428568959236145,0.9533211588859558,0.2660278975963592,-0.1651051193475723,0.9710294604301452,-0.1870191395282745,0.1487477570772171,0.2037380039691925,0.1915566772222518,0.2370712757110595,-0.9524198174476624,0.8283536434173584,0,0,0,1
33.06666666666667,0.6039860297974702,0.30391305662270857,0.7367752234051653,0.26830901126749795,-0.7558256312580918,0.5116895432463179,0.4085357101474498,0.1395521163940429,-0.2528408411289526,-0.8036234599279791,0.5387586135836595,0.7894311657312926,0.0,0.0,0.0,1.0,0.1428568959236145,0.9533211588859558,0.2660278975963592,-0.1651051193475723,0.9710294604301452,-0.1870191395282745,0.1487477570772171,0.2037380039691925,0.1915566772222518,0.2370712757110595,-0.9524198174476624,0.8283536434173584,0,0,0,1
33.1,0.6039860297974702,0.30391305662270857,0.7367752234051653,0.26885861181534515,-0.7558256312580918,0.5116895432463179,0.4085357101474498,0.1395521163940429,-0.2528408411289526,-0.8036234599279791,0.5387586135836595,0.7902648256773304,0.0,0.0,0.0,1.0,0.1428568959236145,0.9533211588859558,0.2660278975963592,-0.1651051193475723,0.9710294604301452,-0.1870191395282745,0.1487477570772171,0.2037380039691925,0.1915566772222518,0.2370712757110595,-0.9524198174476624,0.8283536434173584,0,0,0,1
33.13333333333333,0.6039860297974702,0.30391305662270857,0.7367752234051653,0.26939776438932744,-0.7558256312580918,0.5116895432463179,0.4085357101474498,0.1395521163940429,-0.2528408411289526,-0.8036234599279791,0.5387586135836595,0.7911052804172122,0.0,0.0,0.0,1.0,0.1428568959236145,0.9533211588859558,0.2660278975963592,-0.1651051193475723,0.9710294604301452,-0.1870191395282745,0.1487477570772171,0.2037380039691925,0.1915566772222518,0.2370712757110595,-0.9524198174476624,0.8283536434173584,0,0,0,1
33.166666666666664,0.6039860297974702,0.30391305662270857,0.7367752234051653,0.2699263849953987,-0.7558256312580918,0.5116895432463179,0.4085357101474498,0.1395521163940429,-0.2528408411289526,-0.8036234599279791,0.5387586135836595,0.7919523990173257,0.0,0.0,0.0,1.0,0.1428568959236145,0.9533211588859558,0.2660278975963592,-0.1651051193475723,0.9710294604301452,-0.1870191395282745,0.1487477570772171,0.2037380039691925,0.1915566772222518,0.2370712757110595,-0.9524198174476624,0.8283536434173584,0,0,0,1
33.2,0.6039860297974702,0.30391305662270857,0.7367752234051653,0.27044439128027786,-0.7558256312580918,0.5116895432463179,0.4085357101474498,0.1395521163940429,-0.2528408411289526,-0.8036234599279791,0.5387586135836595,0.7928060495059025,0.0,0.0,0.0,1.0,0.1428568959236145,0.9533211588859558,0.2660278975963592,-0.1651051193475723,0.9710294604301452,-0.1870191395282745,0.1487477570772171,0.2037380039691925,0.1915566772222518,0.2370712757110595,-0.9524198174476624,0.8283536434173584,0,0,0,1
33.233333333333334,0.6039860297974702,0.30391305662270857,0.7367752234051653,0.27095170254427814,-0.7558256312580918,0.5116895432463179,0.4085357101474498,0.1395521163940429,-0.2528408411289526,-0.8036234599279791,0.5387586135836595,0.7936660988935773,0.0,0.0,0.0,1.0,0.1428568959236145,0.9533211588859558,0.2660278975963592,-0.1651051193475723,0.9710294604301452,-0.1870191395282745,0.1487477570772171,0.2037380039691925,0.1915566772222518,0.2370712757110595,-0.9524198174476624,0.8283536434173584,0,0,0,1
33.266666666666666,0.6039860297974702,0.30391305662270857,0.7367752234051653,0.2714482397538798,-0.7558256312580918,0.5116895432463179,0.4085357101474498,0.1395521163940429,-0.2528408411289526,-0.8036234599279791,0.5387586135836595,0.7945324131941073,0.0,0.0,0.0,1.0,0.1428568959236145,0.9533211588859558,0.2660278975963592,-0.1651051193475723,0.9710294604301452,-0.1870191395282745,0.1487477570772171,0.2037380039691925,0.1915566772222518,0.2370712757110595,-0.9524198174476624,0.8283536434173584,0,0,0,1
33.3,0.6039860297974702,0.30391305662270857,0.7367752234051653,0.2719339255540422,-0.7558256312580918,0.5116895432463179,0.4085357101474498,0.1395521163940429,-0.2528408411289526,-0.8036234599279791,0.5387586135836595,0.7954048574452444,0.0,0.0,0.0,1.0,0.1428568959236145,0.9533211588859558,0.2660278975963592,-0.1651051193475723,0.9710294604301452,-0.1870191395282745,0.1487477570772171,0.2037380039691925,0.1915566772222518,0.2370712757110595,-0.9524198174476624,0.8283536434173584,0,0,0,1
33.333333333333336,0.6039860297974702,0.30391305662270857,0.7367752234051653,0.272408684280255,-0.7558256312580918,0.5116895432463179,0.4085357101474498,0.1395521163940429,-0.2528408411289526,-0.8036234599279791,0.5387586135836595,0.796283295729762,0.0,0.0,0.0,1.0,0.1428568959236145,0.9533211588859558,0.2660278975963592,-0.1651051193475723,0.9710294604301452,-0.1870191395282745,0.1487477570772171,0.2037380039691925,0.1915566772222518,0.2370712757110595,-0.9524198174476624,0.8283536434173584,0,0,0,1
33.36666666666667,0.6039860297974702,0.30391305662270857,0.7367752234051653,0.27287244197032606,-0.7558256312580918,0.5116895432463179,0.4085357101474498,0.1395521163940429,-0.2528408411289526,-0.8036234599279791,0.5387586135836595,0.797167591196629,0.0,0.0,0.0,1.0,0.1428568959236145,0.9533211588859558,0.2660278975963592,-0.1651051193475723,0.9710294604301452,-0.1870191395282745,0.1487477570772171,0.2037380039691925,0.1915566772222518,0.2370712757110595,-0.9524198174476624,0.8283536434173584,0,0,0,1
33.4,0.6039860297974702,0.30391305662270857,0.7367752234051653,0.27332512637590367,-0.7558256312580918,0.5116895432463179,0.4085357101474498,0.1395521163940429,-0.2528408411289526,-0.8036234599279791,0.5387586135836595,0.7980576060823296,0.0,0.0,0.0,1.0,0.1428568959236145,0.9533211588859558,0.2660278975963592,-0.1651051193475723,0.9710294604301452,-0.1870191395282745,0.1487477570772171,0.2037380039691925,0.1915566772222518,0.2370712757110595,-0.9524198174476624,0.8283536434173584,0,0,0,1
33.43333333333333,0.6039860297974702,0.30391305662270857,0.7367752234051653,0.2737666669737321,-0.7558256312580918,0.5116895432463179,0.4085357101474498,0.1395521163940429,-0.2528408411289526,-0.8036234599279791,0.5387586135836595,0.798953201732325,0.0,0.0,0.0,1.0,0.1428568959236145,0.9533211588859558,0.2660278975963592,-0.1651051193475723,0.9710294604301452,-0.1870191395282745,0.1487477570772171,0.2037380039691925,0.1915566772222518,0.2370712757110595,-0.9524198174476624,0.8283536434173584,0,0,0,1
33.46666666666667,0.6039860297974702,0.30391305662270857,0.7367752234051653,0.2741969949766385,-0.7558256312580918,0.5116895432463179,0.4085357101474498,0.1395521163940429,-0.2528408411289526,-0.8036234599279791,0.5387586135836595,0.7998542386226553,0.0,0.0,0.0,1.0,0.1428568959236145,0.9533211588859558,0.2660278975963592,-0.1651051193475723,0.9710294604301452,-0.1870191395282745,0.1487477570772171,0.2037380039691925,0.1915566772222518,0.2370712757110595,-0.9524198174476624,0.8283536434173584,0,0,0,1
33.5,0.6039860297974702,0.30391305662270857,0.7367752234051653,0.2746160433442491,-0.7558256312580918,0.5116895432463179,0.4085357101474498,0.1395521163940429,-0.2528408411289526,-0.8036234599279791,0.5387586135836595,0.8007605763816747,0.0,0.0,0.0,1.0,0.1428568959236145,0.9533211588859558,0.2660278975963592,-0.1651051193475723,0.9710294604301452,-0.1870191395282745,0.1487477570772171,0.2037380039691925,0.1915566772222518,0.2370712757110595,-0.9524198174476624,0.8283536434173584,0,0,0,1
33.53333333333333,0.6039860297974702,0.30391305662270857,0.7367752234051653,0.27502374679343333,-0.7558256312580918,0.5116895432463179,0.4085357101474498,0.1395521163940429,-0.2528408411289526,-0.8036234599279791,0.5387586135836595,0.8016720738119206,0.0,0.0,0.0,1.0,0.1428568959236145,0.9533211588859558,0.2660278975963592,-0.1651051193475723,0.9710294604301452,-0.1870191395282745,0.1487477570772171,0.2037380039691925,0.1915566772222518,0.2370712757110595,-0.9524198174476624,0.8283536434173584,0,0,0,1
33.56666666666667,0.6039860297974702,0.30391305662270857,0.7367752234051653,0.27542004180847424,-0.7558256312580918,0.5116895432463179,0.4085357101474498,0.1395521163940429,-0.2528408411289526,-0.8036234599279791,0.5387586135836595,0.8025885889121102,0.0,0.0,0.0,1.0,0.1428568959236145,0.9533211588859558,0.2660278975963592,-0.1651051193475723,0.9710294604301452,-0.1870191395282745,0.1487477570772171,0.2037380039691925,0.1915566772222518,0.2370712757110595,-0.9524198174476624,0.8283536434173584,0,0,0,1
33.6,0.6039860297974702,0.30391305662270857,0.7367752234051653,0.2758048666509635,-0.7558256312580918,0.5116895432463179,0.4085357101474498,0.1395521163940429,-0.2528408411289526,-0.8036234599279791,0.5387586135836595,0.8035099788992626,0.0,0.0,0.0,1.0,0.1428568959236145,0.9533211588859558,0.2660278975963592,-0.1651051193475723,0.9710294604301452,-0.1870191395282745,0.1487477570772171,0.2037380039691925,0.1915566772222518,0.2370712757110595,-0.9524198174476624,0.8283536434173584,0,0,0,1
33.63333333333333,0.6039860297974702,0.30391305662270857,0.7367752234051653,0.2761781613694196,-0.7558256312580918,0.5116895432463179,0.4085357101474498,0.1395521163940429,-0.2528408411289526,-0.8036234599279791,0.5387586135836595,0.8044361002309434,0.0,0.0,0.0,1.0,0.1428568959236145,0.9533211588859558,0.2660278975963592,-0.1651051193475723,0.9710294604301452,-0.1870191395282745,0.1487477570772171,0.2037380039691925,0.1915566772222518,0.2370712757110595,-0.9524198174476624,0.8283536434173584,0,0,0,1
33.666666666666664,0.6039860297974702,0.30391305662270857,0.7367752234051653,0.2765398678086277,-0.7558256312580918,0.5116895432463179,0.4085357101474498,0.1395521163940429,-0.2528408411289526,-0.8036234599279791,0.5387586135836595,0.8053668086276268,0.0,0.0,0.0,1.0,0.1428568959236145,0.9533211588859558,0.2660278975963592,-0.1651051193475723,0.9710294604301452,-0.1870191395282745,0.1487477570772171,0.2037380039691925,0.1915566772222518,0.2370712757110595,-0.9524198174476624,0.8283536434173584,0,0,0,1
33.7,0.6039860297974702,0.30391305662270857,0.7367752234051653,0.2768899296186996,-0.7558256312580918,0.5116895432463179,0.4085357101474498,0.1395521163940429,-0.2528408411289526,-0.8036234599279791,0.5387586135836595,0.8063019590951723,0.0,0.0,0.0,1.0,0.1428568959236145,0.9533211588859558,0.2660278975963592,-0.1651051193475723,0.9710294604301452,-0.1870191395282745,0.1487477570772171,0.2037380039691925,0.1915566772222518,0.2370712757110595,-0.9524198174476624,0.8283536434173584,0,0,0,1
33.733333333333334,0.6039860297974702,0.30391305662270857,0.7367752234051653,0.27722829226385215,-0.7558256312580918,0.5116895432463179,0.4085357101474498,0.1395521163940429,-0.2528408411289526,-0.8036234599279791,0.5387586135836595,0.807241405947414,0.0,0.0,0.0,1.0,0.1428568959236145,0.9533211588859558,0.2660278975963592,-0.1651051193475723,0.9710294604301452,-0.1870191395282745,0.1487477570772171,0.2037380039691925,0.1915566772222518,0.2370712757110595,-0.9524198174476624,0.8283536434173584,0,0,0,1
33.766666666666666,0.6039860297974702,0.30391305662270857,0.7367752234051653,0.2775549030309038,-0.7558256312580918,0.5116895432463179,0.4085357101474498,0.1395521163940429,-0.2528408411289526,-0.8036234599279791,0.5387586135836595,0.8081850028288564,0.0,0.0,0.0,1.0,0.1428568959236145,0.9533211588859558,0.2660278975963592,-0.1651051193475723,0.9710294604301452,-0.1870191395282745,0.1487477570772171,0.2037380039691925,0.1915566772222518,0.2370712757110595,-0.9524198174476624,0.8283536434173584,0,0,0,1
33.8,0.6039860297974702,0.30391305662270857,0.7367752234051653,0.27786971103748603,-0.7558256312580918,0.5116895432463179,0.4085357101474498,0.1395521163940429,-0.2528408411289526,-0.8036234599279791,0.5387586135836595,0.8091326027374744,0.0,0.0,0.0,1.0,0.1428568959236145,0.9533211588859558,0.2660278975963592,-0.1651051193475723,0.9710294604301452,-0.1870191395282745,0.1487477570772171,0.2037380039691925,0.1915566772222518,0.2370712757110595,-0.9524198174476624,0.8283536434173584,0,0,0,1
33.833333333333336,0.6039860297974702,0.30391305662270857,0.7367752234051653,0.27817266723997125,-0.7558256312580918,0.5116895432463179,0.4085357101474498,0.1395521163940429,-0.2528408411289526,-0.8036234599279791,0.5387586135836595,0.8100840580476165,0.0,0.0,0.0,1.0,0.1428568959236145,0.9533211588859558,0.2660278975963592,-0.1651051193475723,0.9710294604301452,-0.1870191395282745,0.1487477570772171,0.2037380039691925,0.1915566772222518,0.2370712757110595,-0.9524198174476624,0.8283536434173584,0,0,0,1
33.86666666666667,0.6039860297974702,0.30391305662270857,0.7367752234051653,0.2784637244411123,-0.7558256312580918,0.5116895432463179,0.4085357101474498,0.1395521163940429,-0.2528408411289526,-0.8036234599279791,0.5387586135836595,0.8110392205330008,0.0,0.0,0.0,1.0,0.1428568959236145,0.9533211588859558,0.2660278975963592,-0.1651051193475723,0.9710294604301452,-0.1870191395282745,0.1487477570772171,0.2037380039691925,0.1915566772222518,0.2370712757110595,-0.9524198174476624,0.8283536434173584,0,0,0,1
33.9,0.6039860297974702,0.30391305662270857,0.7367752234051653,0.27874283729739574,-0.7558256312580918,0.5116895432463179,0.4085357101474498,0.1395521163940429,-0.2528408411289526,-0.8036234599279791,0.5387586135836595,0.8119979413898089,0.0,0.0,0.0,1.0,0.1428568959236145,0.9533211588859558,0.2660278975963592,-0.1651051193475723,0.9710294604301452,-0.1870191395282745,0.1487477570772171,0.2037380039691925,0.1915566772222518,0.2370712757110595,-0.9524198174476624,0.8283536434173584,0,0,0,1
33.93333333333333,0.6039860297974702,0.30391305662270857,0.7367752234051653,0.27900996232610586,-0.7558256312580918,0.5116895432463179,0.4085357101474498,0.1395521163940429,-0.2528408411289526,-0.8036234599279791,0.5387586135836595,0.8129600712598671,0.0,0.0,0.0,1.0,0.1428568959236145,0.9533211588859558,0.2660278975963592,-0.1651051193475723,0.9710294604301452,-0.1870191395282745,0.1487477570772171,0.2037380039691925,0.1915566772222518,0.2370712757110595,-0.9524198174476624,0.8283536434173584,0,0,0,1
33.96666666666667,0.6039860297974702,0.30391305662270857,0.7367752234051653,0.2792650579120988,-0.7558256312580918,0.5116895432463179,0.4085357101474498,0.1395521163940429,-0.2528408411289526,-0.8036234599279791,0.5387586135836595,0.8139254602539148,0.0,0.0,0.0,1.0,0.1428568959236145,0.9533211588859558,0.2660278975963592,-0.1651051193475723,0.9710294604301452,-0.1870191395282745,0.1487477570772171,0.2037380039691925,0.1915566772222518,0.2370712757110595,-0.9524198174476624,0.8283536434173584,0,0,0,1
34.0,0.6039860297974702,0.30391305662270857,0.7367752234051653,0.2795080843142856,-0.7558256312580918,0.5116895432463179,0.4085357101474498,0.1395521163940429,-0.2528408411289526,-0.8036234599279791,0.5387586135836595,0.8148939579749558,0.0,0.0,0.0,1.0,0.1428568959236145,0.9533211588859558,0.2660278975963592,-0.1651051193475723,0.9710294604301452,-0.1870191395282745,0.1487477570772171,0.2037380039691925,0.1915566772222518,0.2370712757110595,-0.9524198174476624,0.8283536434173584,0,0,0,1
34.03333333333333,0.6039860297974702,0.30391305662270857,0.7367752234051653,0.2797390036718234,-0.7558256312580918,0.5116895432463179,0.4085357101474498,0.1395521163940429,-0.2528408411289526,-0.8036234599279791,0.5387586135836595,0.8158654135416884,0.0,0.0,0.0,1.0,0.1428568959236145,0.9533211588859558,0.2660278975963592,-0.1651051193475723,0.9710294604301452,-0.1870191395282745,0.1487477570772171,0.2037380039691925,0.1915566772222518,0.2370712757110595,-0.9524198174476624,0.8283536434173584,0,0,0,1
34.06666666666667,0.6039860297974702,0.30391305662270857,0.7367752234051653,0.27995778001001415,-0.7558256312580918,0.5116895432463179,0.4085357101474498,0.1395521163940429,-0.2528408411289526,-0.8036234599279791,0.5387586135836595,0.8168396756120111,0.0,0.0,0.0,1.0,0.1428568959236145,0.9533211588859558,0.2660278975963592,-0.1651051193475723,0.9710294604301452,-0.1870191395282745,0.1487477570772171,0.2037380039691925,0.1915566772222518,0.2370712757110595,-0.9524198174476624,0.8283536434173584,0,0,0,1
34.1,0.6039860297974702,0.30391305662270857,0.7367752234051653,0.2801643792459084,-0.7558256312580918,0.5116895432463179,0.4085357101474498,0.1395521163940429,-0.2528408411289526,-0.8036234599279791,0.5387586135836595,0.8178165924065999,0.0,0.0,0.0,1.0,0.1428568959236145,0.9533211588859558,0.2660278975963592,-0.1651051193475723,0.9710294604301452,-0.1870191395282745,0.1487477570772171,0.2037380039691925,0.1915566772222518,0.2370712757110595,-0.9524198174476624,0.8283536434173584,0,0,0,1
34.13333333333333,0.6039860297974702,0.30391305662270857,0.7367752234051653,0.28035876919361574,-0.7558256312580918,0.5116895432463179,0.4085357101474498,0.1395521163940429,-0.2528408411289526,-0.8036234599279791,0.5387586135836595,0.8187960117325536,0.0,0.0,0.0,1.0,0.1428568959236145,0.9533211588859558,0.2660278975963592,-0.1651051193475723,0.9710294604301452,-0.1870191395282745,0.1487477570772171,0.2037380039691925,0.1915566772222518,0.2370712757110595,-0.9524198174476624,0.8283536434173584,0,0,0,1
34.166666666666664,0.6039860297974702,0.30391305662270857,0.7367752234051653,0.2805409195693185,-0.7558256312580918,0.5116895432463179,0.4085357101474498,0.1395521163940429,-0.2528408411289526,-0.8036234599279791,0.5387586135836595,0.8197777810071049,0.0,0.0,0.0,1.0,0.1428568959236145,0.9533211588859558,0.2660278975963592,-0.1651051193475723,0.9710294604301452,-0.1870191395282745,0.1487477570772171,0.2037380039691925,0.1915566772222518,0.2370712757110595,-0.9524198174476624,0.8283536434173584,0,0,0,1
34.2,0.6039860297974702,0.30391305662270857,0.7367752234051653,0.2807108019959898,-0.7558256312580918,0.5116895432463179,0.4085357101474498,0.1395521163940429,-0.2528408411289526,-0.8036234599279791,0.5387586135836595,0.8207617472813897,0.0,0.0,0.0,1.0,0.1428568959236145,0.9533211588859558,0.2660278975963592,-0.1651051193475723,0.9710294604301452,-0.1870191395282745,0.1487477570772171,0.2037380039691925,0.1915566772222518,0.2370712757110595,-0.9524198174476624,0.8283536434173584,0,0,0,1
34.233333333333334,0.6039860297974702,0.30391305662270857,0.7367752234051653,0.2808683900078145,-0.7558256312580918,0.5116895432463179,0.4085357101474498,0.1395521163940429,-0.2528408411289526,-0.8036234599279791,0.5387586135836595,0.8217477572642755,0.0,0.0,0.0,1.0,0.1428568959236145,0.9533211588859558,0.2660278975963592,-0.1651051193475723,0.9710294604301452,-0.1870191395282745,0.1487477570772171,0.2037380039691925,0.1915566772222518,0.2370712757110595,-0.9524198174476624,0.8283536434173584,0,0,0,1
34.266666666666666,0.6039860297974702,0.30391305662270857,0.7367752234051653,0.28101365905431225,-0.7558256312580918,0.5116895432463179,0.4085357101474498,0.1395521163940429,-0.2528408411289526,-0.8036234599279791,0.5387586135836595,0.822735657346243,0.0,0.0,0.0,1.0,0.1428568959236145,0.9533211588859558,0.2660278975963592,-0.1651051193475723,0.9710294604301452,-0.1870191395282745,0.1487477570772171,0.2037380039691925,0.1915566772222518,0.2370712757110595,-0.9524198174476624,0.8283536434173584,0,0,0,1
34.3,0.6039860297974702,0.30391305662270857,0.7367752234051653,0.28114658650416197,-0.7558256312580918,0.5116895432463179,0.4085357101474498,0.1395521163940429,-0.2528408411289526,-0.8036234599279791,0.5387586135836595,0.8237252936233156,0.0,0.0,0.0,1.0,0.1428568959236145,0.9533211588859558,0.2660278975963592,-0.1651051193475723,0.9710294604301452,-0.1870191395282745,0.1487477570772171,0.2037380039691925,0.1915566772222518,0.2370712757110595,-0.9524198174476624,0.8283536434173584,0,0,0,1
34.333333333333336,0.6039860297974702,0.30391305662270857,0.7367752234051653,0.2812671516487277,-0.7558256312580918,0.5116895432463179,0.4085357101474498,0.1395521163940429,-0.2528408411289526,-0.8036234599279791,0.5387586135836595,0.8247165119210368,0.0,0.0,0.0,1.0,0.1428568959236145,0.9533211588859558,0.2660278975963592,-0.1651051193475723,0.9710294604301452,-0.1870191395282745,0.1487477570772171,0.2037380039691925,0.1915566772222518,0.2370712757110595,-0.9524198174476624,0.8283536434173584,0,0,0,1
34.36666666666667,0.6039860297974702,0.30391305662270857,0.7367752234051653,0.28137533570528495,-0.7558256312580918,0.5116895432463179,0.4085357101474498,0.1395521163940429,-0.2528408411289526,-0.8036234599279791,0.5387586135836595,0.8257091578184889,0.0,0.0,0.0,1.0,0.1428568959236145,0.9533211588859558,0.2660278975963592,-0.1651051193475723,0.9710294604301452,-0.1870191395282745,0.1487477570772171,0.2037380039691925,0.1915566772222518,0.2370712757110595,-0.9524198174476624,0.8283536434173584,0,0,0,1
34.4,0.6039860297974702,0.30391305662270857,0.7367752234051653,0.2814711218199465,-0.7558256312580918,0.5116895432463179,0.4085357101474498,0.1395521163940429,-0.2528408411289526,-0.8036234599279791,0.5387586135836595,0.8267030766723495,0.0,0.0,0.0,1.0,0.1428568959236145,0.9533211588859558,0.2660278975963592,-0.1651051193475723,0.9710294604301452,-0.1870191395282745,0.1487477570772171,0.2037380039691925,0.1915566772222518,0.2370712757110595,-0.9524198174476624,0.8283536434173584,0,0,0,1
34.43333333333333,0.6039860297974702,0.30391305662270857,0.7367752234051653,0.2815544950702884,-0.7558256312580918,0.5116895432463179,0.4085357101474498,0.1395521163940429,-0.2528408411289526,-0.8036234599279791,0.5387586135836595,0.8276981136409838,0.0,0.0,0.0,1.0,0.1428568959236145,0.9533211588859558,0.2660278975963592,-0.1651051193475723,0.9710294604301452,-0.1870191395282745,0.1487477570772171,0.2037380039691925,0.1915566772222518,0.2370712757110595,-0.9524198174476624,0.8283536434173584,0,0,0,1
34.46666666666667,0.6039860297974702,0.30391305662270857,0.7367752234051653,0.2816254424676744,-0.7558256312580918,0.5116895432463179,0.4085357101474498,0.1395521163940429,-0.2528408411289526,-0.8036234599279791,0.5387586135836595,0.8286941137085669,0.0,0.0,0.0,1.0,0.1428568959236145,0.9533211588859558,0.2660278975963592,-0.1651051193475723,0.9710294604301452,-0.1870191395282745,0.1487477570772171,0.2037380039691925,0.1915566772222518,0.2370712757110595,-0.9524198174476624,0.8283536434173584,0,0,0,1
34.5,0.6039860297974702,0.30391305662270857,0.7367752234051653,0.2816839529592797,-0.7558256312580918,0.5116895432463179,0.4085357101474498,0.1395521163940429,-0.2528408411289526,-0.8036234599279791,0.5387586135836595,0.829690921709234,0.0,0.0,0.0,1.0,0.1428568959236145,0.9533211588859558,0.2660278975963592,-0.1651051193475723,0.9710294604301452,-0.1870191395282745,0.1487477570772171,0.2037380039691925,0.1915566772222518,0.2370712757110595,-0.9524198174476624,0.8283536434173584,0,0,0,1
34.53333333333333,0.6039860297974702,0.30391305662270857,0.7367752234051653,0.28173001742981274,-0.7558256312580918,0.5116895432463179,0.4085357101474498,0.1395521163940429,-0.2528408411289526,-0.8036234599279791,0.5387586135836595,0.8306883823512524,0.0,0.0,0.0,1.0,0.1428568959236145,0.9533211588859558,0.2660278975963592,-0.1651051193475723,0.9710294604301452,-0.1870191395282745,0.1487477570772171,0.2037380039691925,0.1915566772222518,0.2370712757110595,-0.9524198174476624,0.8283536434173584,0,0,0,1
34.56666666666667,0.6039860297974702,0.30391305662270857,0.7367752234051653,0.28176362870293514,-0.7558256312580918,0.5116895432463179,0.4085357101474498,0.1395521163940429,-0.2528408411289526,-0.8036234599279791,0.5387586135836595,0.831686340241216,0.0,0.0,0.0,1.0,0.1428568959236145,0.9533211588859558,0.2660278975963592,-0.1651051193475723,0.9710294604301452,-0.1870191395282745,0.1487477570772171,0.2037380039691925,0.1915566772222518,0.2370712757110595,-0.9524198174476624,0.8283536434173584,0,0,0,1
34.6,0.6039860297974702,0.30391305662270857,0.7367752234051653,0.28178400721573194,-0.7558256312580918,0.5116895432463179,0.4085357101474498,0.1395521163940429,-0.2528408411289526,-0.8036234599279791,0.5387586135836595,0.8326339082307995,0.0,0.0,0.0,1.0,0.1428568959236145,0.9533211588859558,0.2660278975963592,-0.1651051193475723,0.9710294604301452,-0.1870191395282745,0.1487477570772171,0.2037380039691925,0.1915566772222518,0.2370712757110595,-0.9524198174476624,0.8283536434173584,0,0,0,1
34.63333333333333,0.6039860297974702,0.30391305662270857,0.7367752234051653,0.28179179766896695,-0.7558256312580918,0.5116895432463179,0.4085357101474498,0.1395521163940429,-0.2528408411289526,-0.8036234599279791,0.5387586135836595,0.8333262668335473,0.0,0.0,0.0,1.0,0.1428568959236145,0.9533211588859558,0.2660278975963592,-0.1651051193475723,0.9710294604301452,-0.1870191395282745,0.1487477570772171,0.2037380039691925,0.1915566772222518,0.2370712757110595,-0.9524198174476624,0.8283536434173584,0,0,0,1
34.666666666666664,0.6039860297974702,0.30391305662270857,0.7367752234051653,0.2817935955017806,-0.7558256312580918,0.5116895432463179,0.4085357101474498,0.1395521163940429,-0.2528408411289526,-0.8036234599279791,0.5387586135836595,0.8337417052317281,0.0,0.0,0.0,1.0,0.1428568959236145,0.9533211588859558,0.2660278975963592,-0.1651051193475723,0.9710294604301452,-0.1870191395282745,0.1487477570772171,0.2037380039691925,0.1915566772222518,0.2370712757110595,-0.9524198174476624,0.8283536434173584,0,0,0,1
34.7,0.6039860297974702,0.30391305662270857,0.7367752234051653,0.2817937153577804,-0.7558256312580918,0.5116895432463179,0.4085357101474498,0.1395521163940429,-0.2528408411289526,-0.8036234599279791,0.5387586135836595,0.8338801860809326,0.0,0.0,0.0,1.0,0.1428568959236145,0.9533211588859558,0.2660278975963592,-0.1651051193475723,0.9710294604301452,-0.1870191395282745,0.1487477570772171,0.2037380039691925,0.1915566772222518,0.2370712757110595,-0.9524198174476624,0.8283536434173584,0,0,0,1
34.733333333333334,0.6039860297974702,0.30391305662270857,0.7367752234051653,0.28165614607080636,-0.7558256312580918,0.5116895432463179,0.4085357101474498,0.1395521163940429,-0.2528408411289526,-0.8036234599279791,0.5387586135836595,0.8338801860809326,0.0,0.0,0.0,1.0,0.1428568959236145,0.9533211588859558,0.2660278975963592,-0.1651051193475723,0.9710294604301452,-0.1870191395282745,0.1487477570772171,0.2037380039691925,0.1915566772222518,0.2370712757110595,-0.9524198174476624,0.8283536434173584,0,0,0,1
34.766666666666666,0.6039860297974702,0.30391305662270857,0.7367752234051653,0.2812434382098842,-0.7558256312580918,0.5116895432463179,0.4085357101474498,0.1395521163940429,-0.2528408411289526,-0.8036234599279791,0.5387586135836595,0.8338801860809326,0.0,0.0,0.0,1.0,0.1428568959236145,0.9533211588859558,0.2660278975963592,-0.1651051193475723,0.9710294604301452,-0.1870191395282745,0.1487477570772171,0.2037380039691925,0.1915566772222518,0.2370712757110595,-0.9524198174476624,0.8283536434173584,0,0,0,1
34.8,0.6039860297974702,0.30391305662270857,0.7367752234051653,0.280555591775014,-0.7558256312580918,0.5116895432463179,0.4085357101474498,0.1395521163940429,-0.2528408411289526,-0.8036234599279791,0.5387586135836595,0.8338801860809326,0.0,0.0,0.0,1.0,0.1428568959236145,0.9533211588859558,0.2660278975963592,-0.1651051193475723,0.9710294604301452,-0.1870191395282745,0.1487477570772171,0.2037380039691925,0.1915566772222518,0.2370712757110595,-0.9524198174476624,0.8283536434173584,0,0,0,1
34.833333333333336,0.6039860297974702,0.30391305662270857,0.7367752234051653,0.279612762976828,-0.7558256312580918,0.5116895432463179,0.4085357101474498,0.1395521163940429,-0.2528408411289526,-0.8036234599279791,0.5387586135836595,0.8338801860809326,0.0,0.0,0.0,1.0,0.1428568959236145,0.9533211588859558,0.2660278975963592,-0.1651051193475723,0.9710294604301452,-0.1870191395282745,0.1487477570772171,0.2037380039691925,0.1915566772222518,0.2370712757110595,-0.9524198174476624,0.8283536434173584,0,0,0,1
34.86666666666667,0.6039860297974702,0.30391305662270857,0.7367752234051653,0.2786175248815899,-0.7558256312580918,0.5116895432463179,0.4085357101474498,0.1395521163940429,-0.2528408411289526,-0.8036234599279791,0.5387586135836595,0.8338801860809326,0.0,0.0,0.0,1.0,0.1428568959236145,0.9533211588859558,0.2660278975963592,-0.1651051193475723,0.9710294604301452,-0.1870191395282745,0.1487477570772171,0.2037380039691925,0.1915566772222518,0.2370712757110595,-0.9524198174476624,0.8283536434173584,0,0,0,1
34.9,0.6039860297974702,0.30391305662270857,0.7367752234051653,0.2776222867863518,-0.7558256312580918,0.5116895432463179,0.4085357101474498,0.1395521163940429,-0.2528408411289526,-0.8036234599279791,0.5387586135836595,0.8338801860809326,0.0,0.0,0.0,1.0,0.1428568959236145,0.9533211588859558,0.2660278975963592,-0.1651051193475723,0.9710294604301452,-0.1870191395282745,0.1487477570772171,0.2037380039691925,0.1915566772222518,0.2370712757110595,-0.9524198174476624,0.8283536434173584,0,0,0,1
34.93333333333333,0.6039860297974702,0.30391305662270857,0.7367752234051653,0.27662704869111376,-0.7558256312580918,0.5116895432463179,0.4085357101474498,0.1395521163940429,-0.2528408411289526,-0.8036234599279791,0.5387586135836595,0.8338801860809326,0.0,0.0,0.0,1.0,0.1428568959236145,0.9533211588859558,0.2660278975963592,-0.1651051193475723,0.9710294604301452,-0.1870191395282745,0.1487477570772171,0.2037380039691925,0.1915566772222518,0.2370712757110595,-0.9524198174476624,0.8283536434173584,0,0,0,1
34.96666666666667,0.6039860297974702,0.30391305662270857,0.7367752234051653,0.2756318105958756,-0.7558256312580918,0.5116895432463179,0.4085357101474498,0.1395521163940429,-0.2528408411289526,-0.8036234599279791,0.5387586135836595,0.8338801860809326,0.0,0.0,0.0,1.0,0.1428568959236145,0.9533211588859558,0.2660278975963592,-0.1651051193475723,0.9710294604301452,-0.1870191395282745,0.1487477570772171,0.2037380039691925,0.1915566772222518,0.2370712757110595,-0.9524198174476624,0.8283536434173584,0,0,0,1
35.0,0.6039860297974702,0.30391305662270857,0.7367752234051653,0.27463657250063755,-0.7558256312580918,0.5116895432463179,0.4085357101474498,0.1395521163940429,-0.2528408411289526,-0.8036234599279791,0.5387586135836595,0.8338801860809326,0.0,0.0,0.0,1.0,0.1428568959236145,0.9533211588859558,0.2660278975963592,-0.1651051193475723,0.9710294604301452,-0.1870191395282745,0.1487477570772171,0.2037380039691925,0.1915566772222518,0.2370712757110595,-0.9524198174476624,0.8283536434173584,0,0,0,1
35.03333333333333,0.6039860297974702,0.30391305662270857,0.7367752234051653,0.27364133440539945,-0.7558256312580918,0.5116895432463179,0.4085357101474498,0.1395521163940429,-0.2528408411289526,-0.8036234599279791,0.5387586135836595,0.8338801860809326,0.0,0.0,0.0,1.0,0.1428568959236145,0.9533211588859558,0.2660278975963592,-0.1651051193475723,0.9710294604301452,-0.1870191395282745,0.1487477570772171,0.2037380039691925,0.1915566772222518,0.2370712757110595,-0.9524198174476624,0.8283536434173584,0,0,0,1
35.06666666666667,0.6039860297974702,0.30391305662270857,0.7367752234051653,0.27264609631016135,-0.7558256312580918,0.5116895432463179,0.4085357101474498,0.1395521163940429,-0.2528408411289526,-0.8036234599279791,0.5387586135836595,0.8338801860809326,0.0,0.0,0.0,1.0,0.1428568959236145,0.9533211588859558,0.2660278975963592,-0.1651051193475723,0.9710294604301452,-0.1870191395282745,0.1487477570772171,0.2037380039691925,0.1915566772222518,0.2370712757110595,-0.9524198174476624,0.8283536434173584,0,0,0,1
35.1,0.6039860297974702,0.30391305662270857,0.7367752234051653,0.27165085821492324,-0.7558256312580918,0.5116895432463179,0.4085357101474498,0.1395521163940429,-0.2528408411289526,-0.8036234599279791,0.5387586135836595,0.8338801860809326,0.0,0.0,0.0,1.0,0.1428568959236145,0.9533211588859558,0.2660278975963592,-0.1651051193475723,0.9710294604301452,-0.1870191395282745,0.1487477570772171,0.2037380039691925,0.1915566772222518,0.2370712757110595,-0.9524198174476624,0.8283536434173584,0,0,0,1
35.13333333333333,0.6039860297974702,0.30391305662270857,0.7367752234051653,0.27065562011968514,-0.7558256312580918,0.5116895432463179,0.4085357101474498,0.1395521163940429,-0.2528408411289526,-0.8036234599279791,0.5387586135836595,0.8338801860809326,0.0,0.0,0.0,1.0,0.1428568959236145,0.9533211588859558,0.2660278975963592,-0.1651051193475723,0.9710294604301452,-0.1870191395282745,0.1487477570772171,0.2037380039691925,0.1915566772222518,0.2370712757110595,-0.9524198174476624,0.8283536434173584,0,0,0,1
35.166666666666664,0.6039860297974702,0.30391305662270857,0.7367752234051653,0.2696603820244471,-0.7558256312580918,0.5116895432463179,0.4085357101474498,0.1395521163940429,-0.2528408411289526,-0.8036234599279791,0.5387586135836595,0.8338801860809326,0.0,0.0,0.0,1.0,0.1428568959236145,0.9533211588859558,0.2660278975963592,-0.1651051193475723,0.9710294604301452,-0.1870191395282745,0.1487477570772171,0.2037380039691925,0.1915566772222518,0.2370712757110595,-0.9524198174476624,0.8283536434173584,0,0,0,1
35.2,0.6039860297974702,0.30391305662270857,0.7367752234051653,0.268665143929209,-0.7558256312580918,0.5116895432463179,0.4085357101474498,0.1395521163940429,-0.2528408411289526,-0.8036234599279791,0.5387586135836595,0.8338801860809326,0.0,0.0,0.0,1.0,0.1428568959236145,0.9533211588859558,0.2660278975963592,-0.1651051193475723,0.9710294604301452,-0.1870191395282745,0.1487477570772171,0.2037380039691925,0.1915566772222518,0.2370712757110595,-0.9524198174476624,0.8283536434173584,0,0,0,1
35.233333333333334,0.6039860297974702,0.30391305662270857,0.7367752234051653,0.2676699058339709,-0.7558256312580918,0.5116895432463179,0.4085357101474498,0.1395521163940429,-0.2528408411289526,-0.8036234599279791,0.5387586135836595,0.8338801860809326,0.0,0.0,0.0,1.0,0.1428568959236145,0.9533211588859558,0.2660278975963592,-0.1651051193475723,0.9710294604301452,-0.1870191395282745,0.1487477570772171,0.2037380039691925,0.1915566772222518,0.2370712757110595,-0.9524198174476624,0.8283536434173584,0,0,0,1
35.266666666666666,0.6039860297974702,0.30391305662270857,0.7367752234051653,0.2666746677387328,-0.7558256312580918,0.5116895432463179,0.4085357101474498,0.1395521163940429,-0.2528408411289526,-0.8036234599279791,0.5387586135836595,0.8338801860809326,0.0,0.0,0.0,1.0,0.1428568959236145,0.9533211588859558,0.2660278975963592,-0.1651051193475723,0.9710294604301452,-0.1870191395282745,0.1487477570772171,0.2037380039691925,0.1915566772222518,0.2370712757110595,-0.9524198174476624,0.8283536434173584,0,0,0,1
35.3,0.6039860297974702,0.30391305662270857,0.7367752234051653,0.26567942964349467,-0.7558256312580918,0.5116895432463179,0.4085357101474498,0.1395521163940429,-0.2528408411289526,-0.8036234599279791,0.5387586135836595,0.8338801860809326,0.0,0.0,0.0,1.0,0.1428568959236145,0.9533211588859558,0.2660278975963592,-0.1651051193475723,0.9710294604301452,-0.1870191395282745,0.1487477570772171,0.2037380039691925,0.1915566772222518,0.2370712757110595,-0.9524198174476624,0.8283536434173584,0,0,0,1
35.333333333333336,0.6039860297974702,0.30391305662270857,0.7367752234051653,0.2646841915482566,-0.7558256312580918,0.5116895432463179,0.4085357101474498,0.1395521163940429,-0.2528408411289526,-0.8036234599279791,0.5387586135836595,0.8338801860809326,0.0,0.0,0.0,1.0,0.1428568959236145,0.9533211588859558,0.2660278975963592,-0.1651051193475723,0.9710294604301452,-0.1870191395282745,0.1487477570772171,0.2037380039691925,0.1915566772222518,0.2370712757110595,-0.9524198174476624,0.8283536434173584,0,0,0,1
35.36666666666667,0.6039860297974702,0.30391305662270857,0.7367752234051653,0.2636889534530185,-0.7558256312580918,0.5116895432463179,0.4085357101474498,0.1395521163940429,-0.2528408411289526,-0.8036234599279791,0.5387586135836595,0.8338801860809326,0.0,0.0,0.0,1.0,0.1428568959236145,0.9533211588859558,0.2660278975963592,-0.1651051193475723,0.9710294604301452,-0.1870191395282745,0.1487477570772171,0.2037380039691925,0.1915566772222518,0.2370712757110595,-0.9524198174476624,0.8283536434173584,0,0,0,1
35.4,0.6039860297974702,0.30391305662270857,0.7367752234051653,0.2626937153577804,-0.7558256312580918,0.5116895432463179,0.4085357101474498,0.1395521163940429,-0.2528408411289526,-0.8036234599279791,0.5387586135836595,0.8338801860809326,0.0,0.0,0.0,1.0,0.1428568959236145,0.9533211588859558,0.2660278975963592,-0.1651051193475723,0.9710294604301452,-0.1870191395282745,0.1487477570772171,0.2037380039691925,0.1915566772222518,0.2370712757110595,-0.9524198174476624,0.8283536434173584,0,0,0,1
35.43333333333333,0.6039860297974702,0.30391305662270857,0.7367752234051653,0.2616984772625423,-0.7558256312580918,0.5116895432463179,0.4085357101474498,0.1395521163940429,-0.2528408411289526,-0.8036234599279791,0.5387586135836595,0.8338801860809326,0.0,0.0,0.0,1.0,0.1428568959236145,0.9533211588859558,0.2660278975963592,-0.1651051193475723,0.9710294604301452,-0.1870191395282745,0.1487477570772171,0.2037380039691925,0.1915566772222518,0.2370712757110595,-0.9524198174476624,0.8283536434173584,0,0,0,1
35.46666666666667,0.6039860297974702,0.30391305662270857,0.7367752234051653,0.2607032391673042,-0.7558256312580918,0.5116895432463179,0.4085357101474498,0.1395521163940429,-0.2528408411289526,-0.8036234599279791,0.5387586135836595,0.8338801860809326,0.0,0.0,0.0,1.0,0.1428568959236145,0.9533211588859558,0.2660278975963592,-0.1651051193475723,0.9710294604301452,-0.1870191395282745,0.1487477570772171,0.2037380039691925,0.1915566772222518,0.2370712757110595,-0.9524198174476624,0.8283536434173584,0,0,0,1
35.5,0.6039860297974702,0.30391305662270857,0.7367752234051653,0.2597080010720661,-0.7558256312580918,0.5116895432463179,0.4085357101474498,0.1395521163940429,-0.2528408411289526,-0.8036234599279791,0.5387586135836595,0.8338801860809326,0.0,0.0,0.0,1.0,0.1428568959236145,0.9533211588859558,0.2660278975963592,-0.1651051193475723,0.9710294604301452,-0.1870191395282745,0.1487477570772171,0.2037380039691925,0.1915566772222518,0.2370712757110595,-0.9524198174476624,0.8283536434173584,0,0,0,1
35.53333333333333,0.6039860297974702,0.30391305662270857,0.7367752234051653,0.258712762976828,-0.7558256312580918,0.5116895432463179,0.4085357101474498,0.1395521163940429,-0.2528408411289526,-0.8036234599279791,0.5387586135836595,0.8338801860809326,0.0,0.0,0.0,1.0,0.1428568959236145,0.9533211588859558,0.2660278975963592,-0.1651051193475723,0.9710294604301452,-0.1870191395282745,0.1487477570772171,0.2037380039691925,0.1915566772222518,0.2370712757110595,-0.9524198174476624,0.8283536434173584,0,0,0,1
35.56666666666667,0.6039860297974702,0.30391305662270857,0.7367752234051653,0.25771752488158994,-0.7558256312580918,0.5116895432463179,0.4085357101474498,0.1395521163940429,-0.2528408411289526,-0.8036234599279791,0.5387586135836595,0.8338801860809326,0.0,0.0,0.0,1.0,0.1428568959236145,0.9533211588859558,0.2660278975963592,-0.1651051193475723,0.9710294604301452,-0.1870191395282745,0.1487477570772171,0.2037380039691925,0.1915566772222518,0.2370712757110595,-0.9524198174476624,0.8283536434173584,0,0,0,1
35.6,0.6039860297974702,0.30391305662270857,0.7367752234051653,0.25672228678635184,-0.7558256312580918,0.5116895432463179,0.4085357101474498,0.1395521163940429,-0.2528408411289526,-0.8036234599279791,0.5387586135836595,0.8338801860809326,0.0,0.0,0.0,1.0,0.1428568959236145,0.9533211588859558,0.2660278975963592,-0.1651051193475723,0.9710294604301452,-0.1870191395282745,0.1487477570772171,0.2037380039691925,0.1915566772222518,0.2370712757110595,-0.9524198174476624,0.8283536434173584,0,0,0,1
35.63333333333333,0.6039860297974702,0.30391305662270857,0.7367752234051653,0.25572704869111373,-0.7558256312580918,0.5116895432463179,0.4085357101474498,0.1395521163940429,-0.2528408411289526,-0.8036234599279791,0.5387586135836595,0.8338801860809326,0.0,0.0,0.0,1.0,0.1428568959236145,0.9533211588859558,0.2660278975963592,-0.1651051193475723,0.9710294604301452,-0.1870191395282745,0.1487477570772171,0.2037380039691925,0.1915566772222518,0.2370712757110595,-0.9524198174476624,0.8283536434173584,0,0,0,1
35.666666666666664,0.6039860297974702,0.30391305662270857,0.7367752234051653,0.25473181059587563,-0.7558256312580918,0.5116895432463179,0.4085357101474498,0.1395521163940429,-0.2528408411289526,-0.8036234599279791,0.5387586135836595,0.8338801860809326,0.0,0.0,0.0,1.0,0.1428568959236145,0.9533211588859558,0.2660278975963592,-0.1651051193475723,0.9710294604301452,-0.1870191395282745,0.1487477570772171,0.2037380039691925,0.1915566772222518,0.2370712757110595,-0.9524198174476624,0.8283536434173584,0,0,0,1
35.7,0.6039860297974702,0.30391305662270857,0.7367752234051653,0.2537365725006375,-0.7558256312580918,0.5116895432463179,0.4085357101474498,0.1395521163940429,-0.2528408411289526,-0.8036234599279791,0.5387586135836595,0.8338801860809326,0.0,0.0,0.0,1.0,0.1428568959236145,0.9533211588859558,0.2660278975963592,-0.1651051193475723,0.9710294604301452,-0.1870191395282745,0.1487477570772171,0.2037380039691925,0.1915566772222518,0.2370712757110595,-0.9524198174476624,0.8283536434173584,0,0,0,1
35.733333333333334,0.6039860297974702,0.30391305662270857,0.7367752234051653,0.2527413344053994,-0.7558256312580918,0.5116895432463179,0.4085357101474498,0.1395521163940429,-0.2528408411289526,-0.8036234599279791,0.5387586135836595,0.8338801860809326,0.0,0.0,0.0,1.0,0.1428568959236145,0.9533211588859558,0.2660278975963592,-0.1651051193475723,0.9710294604301452,-0.1870191395282745,0.1487477570772171,0.2037380039691925,0.1915566772222518,0.2370712757110595,-0.9524198174476624,0.8283536434173584,0,0,0,1
35.766666666666666,0.6039860297974702,0.30391305662270857,0.7367752234051653,0.2517460963101613,-0.7558256312580918,0.5116895432463179,0.4085357101474498,0.1395521163940429,-0.2528408411289526,-0.8036234599279791,0.5387586135836595,0.8338801860809326,0.0,0.0,0.0,1.0,0.1428568959236145,0.9533211588859558,0.2660278975963592,-0.1651051193475723,0.9710294604301452,-0.1870191395282745,0.1487477570772171,0.2037380039691925,0.1915566772222518,0.2370712757110595,-0.9524198174476624,0.8283536434173584,0,0,0,1
35.8,0.6039860297974702,0.30391305662270857,0.7367752234051653,0.25075085821492327,-0.7558256312580918,0.5116895432463179,0.4085357101474498,0.1395521163940429,-0.2528408411289526,-0.8036234599279791,0.5387586135836595,0.8338801860809326,0.0,0.0,0.0,1.0,0.1428568959236145,0.9533211588859558,0.2660278975963592,-0.1651051193475723,0.9710294604301452,-0.1870191395282745,0.1487477570772171,0.2037380039691925,0.1915566772222518,0.2370712757110595,-0.9524198174476624,0.8283536434173584,0,0,0,1
35.833333333333336,0.6039860297974702,0.30391305662270857,0.7367752234051653,0.24975562011968516,-0.7558256312580918,0.5116895432463179,0.4085357101474498,0.1395521163940429,-0.2528408411289526,-0.8036234599279791,0.5387586135836595,0.8338801860809326,0.0,0.0,0.0,1.0,0.1428568959236145,0.9533211588859558,0.2660278975963592,-0.1651051193475723,0.9710294604301452,-0.1870191395282745,0.1487477570772171,0.2037380039691925,0.1915566772222518,0.2370712757110595,-0.9524198174476624,0.8283536434173584,0,0,0,1
35.86666666666667,0.6039860297974702,0.30391305662270857,0.7367752234051653,0.24876038202444706,-0.7558256312580918,0.5116895432463179,0.4085357101474498,0.1395521163940429,-0.2528408411289526,-0.8036234599279791,0.5387586135836595,0.8338801860809326,0.0,0.0,0.0,1.0,0.1428568959236145,0.9533211588859558,0.2660278975963592,-0.1651051193475723,0.9710294604301452,-0.1870191395282745,0.1487477570772171,0.2037380039691925,0.1915566772222518,0.2370712757110595,-0.9524198174476624,0.8283536434173584,0,0,0,1
35.9,0.6039860297974702,0.30391305662270857,0.7367752234051653,0.24776514392920895,-0.7558256312580918,0.5116895432463179,0.4085357101474498,0.1395521163940429,-0.2528408411289526,-0.8036234599279791,0.5387586135836595,0.8338801860809326,0.0,0.0,0.0,1.0,0.1428568959236145,0.9533211588859558,0.2660278975963592,-0.1651051193475723,0.9710294604301452,-0.1870191395282745,0.1487477570772171,0.2037380039691925,0.1915566772222518,0.2370712757110595,-0.9524198174476624,0.8283536434173584,0,0,0,1
35.93333333333333,0.6039860297974702,0.30391305662270857,0.7367752234051653,0.24676990583397088,-0.7558256312580918,0.5116895432463179,0.4085357101474498,0.1395521163940429,-0.2528408411289526,-0.8036234599279791,0.5387586135836595,0.8338801860809326,0.0,0.0,0.0,1.0,0.1428568959236145,0.9533211588859558,0.2660278975963592,-0.1651051193475723,0.9710294604301452,-0.1870191395282745,0.1487477570772171,0.2037380039691925,0.1915566772222518,0.2370712757110595,-0.9524198174476624,0.8283536434173584,0,0,0,1
35.96666666666667,0.6039860297974702,0.30391305662270857,0.7367752234051653,0.24577466773873277,-0.7558256312580918,0.5116895432463179,0.4085357101474498,0.1395521163940429,-0.2528408411289526,-0.8036234599279791,0.5387586135836595,0.8338801860809326,0.0,0.0,0.0,1.0,0.1428568959236145,0.9533211588859558,0.2660278975963592,-0.1651051193475723,0.9710294604301452,-0.1870191395282745,0.1487477570772171,0.2037380039691925,0.1915566772222518,0.2370712757110595,-0.9524198174476624,0.8283536434173584,0,0,0,1
36.0,0.6039860297974702,0.30391305662270857,0.7367752234051653,0.2447794296434947,-0.7558256312580918,0.5116895432463179,0.4085357101474498,0.1395521163940429,-0.2528408411289526,-0.8036234599279791,0.5387586135836595,0.8338801860809326,0.0,0.0,0.0,1.0,0.1428568959236145,0.9533211588859558,0.2660278975963592,-0.1651051193475723,0.9710294604301452,-0.1870191395282745,0.1487477570772171,0.2037380039691925,0.1915566772222518,0.2370712757110595,-0.9524198174476624,0.8283536434173584,0,0,0,1
36.03333333333333,0.6039860297974702,0.30391305662270857,0.7367752234051653,0.2437841915482566,-0.7558256312580918,0.5116895432463179,0.4085357101474498,0.1395521163940429,-0.2528408411289526,-0.8036234599279791,0.5387586135836595,0.8338801860809326,0.0,0.0,0.0,1.0,0.1428568959236145,0.9533211588859558,0.2660278975963592,-0.1651051193475723,0.9710294604301452,-0.1870191395282745,0.1487477570772171,0.2037380039691925,0.1915566772222518,0.2370712757110595,-0.9524198174476624,0.8283536434173584,0,0,0,1
36.06666666666667,0.6039860297974702,0.30391305662270857,0.7367752234051653,0.24278895345301849,-0.7558256312580918,0.5116895432463179,0.4085357101474498,0.1395521163940429,-0.2528408411289526,-0.8036234599279791,0.5387586135836595,0.8338801860809326,0.0,0.0,0.0,1.0,0.1428568959236145,0.9533211588859558,0.2660278975963592,-0.1651051193475723,0.9710294604301452,-0.1870191395282745,0.1487477570772171,0.2037380039691925,0.1915566772222518,0.2370712757110595,-0.9524198174476624,0.8283536434173584,0,0,0,1
36.1,0.6039860297974702,0.30391305662270857,0.7367752234051653,0.24179371535778038,-0.7558256312580918,0.5116895432463179,0.4085357101474498,0.1395521163940429,-0.2528408411289526,-0.8036234599279791,0.5387586135836595,0.8338801860809326,0.0,0.0,0.0,1.0,0.1428568959236145,0.9533211588859558,0.2660278975963592,-0.1651051193475723,0.9710294604301452,-0.1870191395282745,0.1487477570772171,0.2037380039691925,0.1915566772222518,0.2370712757110595,-0.9524198174476624,0.8283536434173584,0,0,0,1
36.13333333333333,0.6039860297974702,0.30391305662270857,0.7367752234051653,0.2407984772625423,-0.7558256312580918,0.5116895432463179,0.4085357101474498,0.1395521163940429,-0.2528408411289526,-0.8036234599279791,0.5387586135836595,0.8338801860809326,0.0,0.0,0.0,1.0,0.1428568959236145,0.9533211588859558,0.2660278975963592,-0.1651051193475723,0.9710294604301452,-0.1870191395282745,0.1487477570772171,0.2037380039691925,0.1915566772222518,0.2370712757110595,-0.9524198174476624,0.8283536434173584,0,0,0,1
36.166666666666664,0.6039860297974702,0.30391305662270857,0.7367752234051653,0.2398032391673042,-0.7558256312580918,0.5116895432463179,0.4085357101474498,0.1395521163940429,-0.2528408411289526,-0.8036234599279791,0.5387586135836595,0.8338801860809326,0.0,0.0,0.0,1.0,0.1428568959236145,0.9533211588859558,0.2660278975963592,-0.1651051193475723,0.9710294604301452,-0.1870191395282745,0.1487477570772171,0.2037380039691925,0.1915566772222518,0.2370712757110595,-0.9524198174476624,0.8283536434173584,0,0,0,1
36.2,0.6039860297974702,0.30391305662270857,0.7367752234051653,0.2388080010720661,-0.7558256312580918,0.5116895432463179,0.4085357101474498,0.1395521163940429,-0.2528408411289526,-0.8036234599279791,0.5387586135836595,0.8338801860809326,0.0,0.0,0.0,1.0,0.1428568959236145,0.9533211588859558,0.2660278975963592,-0.1651051193475723,0.9710294604301452,-0.1870191395282745,0.1487477570772171,0.2037380039691925,0.1915566772222518,0.2370712757110595,-0.9524198174476624,0.8283536434173584,0,0,0,1
36.233333333333334,0.6039860297974702,0.30391305662270857,0.7367752234051653,0.23781276297682802,-0.7558256312580918,0.5116895432463179,0.4085357101474498,0.1395521163940429,-0.2528408411289526,-0.8036234599279791,0.5387586135836595,0.8338801860809326,0.0,0.0,0.0,1.0,0.1428568959236145,0.9533211588859558,0.2660278975963592,-0.1651051193475723,0.9710294604301452,-0.1870191395282745,0.1487477570772171,0.2037380039691925,0.1915566772222518,0.2370712757110595,-0.9524198174476624,0.8283536434173584,0,0,0,1
36.266666666666666,0.6039860297974702,0.30391305662270857,0.7367752234051653,0.2368175248815899,-0.7558256312580918,0.5116895432463179,0.4085357101474498,0.1395521163940429,-0.2528408411289526,-0.8036234599279791,0.5387586135836595,0.8338801860809326,0.0,0.0,0.0,1.0,0.1428568959236145,0.9533211588859558,0.2660278975963592,-0.1651051193475723,0.9710294604301452,-0.1870191395282745,0.1487477570772171,0.2037380039691925,0.1915566772222518,0.2370712757110595,-0.9524198174476624,0.8283536434173584,0,0,0,1
36.3,0.6039860297974702,0.30391305662270857,0.7367752234051653,0.2358222867863518,-0.7558256312580918,0.5116895432463179,0.4085357101474498,0.1395521163940429,-0.2528408411289526,-0.8036234599279791,0.5387586135836595,0.8338801860809326,0.0,0.0,0.0,1.0,0.1428568959236145,0.9533211588859558,0.2660278975963592,-0.1651051193475723,0.9710294604301452,-0.1870191395282745,0.1487477570772171,0.2037380039691925,0.1915566772222518,0.2370712757110595,-0.9524198174476624,0.8283536434173584,0,0,0,1
36.333333333333336,0.6039860297974702,0.30391305662270857,0.7367752234051653,0.23482704869111373,-0.7558256312580918,0.5116895432463179,0.4085357101474498,0.1395521163940429,-0.2528408411289526,-0.8036234599279791,0.5387586135836595,0.8338801860809326,0.0,0.0,0.0,1.0,0.1428568959236145,0.9533211588859558,0.2660278975963592,-0.1651051193475723,0.9710294604301452,-0.1870191395282745,0.1487477570772171,0.2037380039691925,0.1915566772222518,0.2370712757110595,-0.9524198174476624,0.8283536434173584,0,0,0,1
36.36666666666667,0.6039860297974702,0.30391305662270857,0.7367752234051653,0.23383181059587563,-0.7558256312580918,0.5116895432463179,0.4085357101474498,0.1395521163940429,-0.2528408411289526,-0.8036234599279791,0.5387586135836595,0.8338801860809326,0.0,0.0,0.0,1.0,0.1428568959236145,0.9533211588859558,0.2660278975963592,-0.1651051193475723,0.9710294604301452,-0.1870191395282745,0.1487477570772171,0.2037380039691925,0.1915566772222518,0.2370712757110595,-0.9524198174476624,0.8283536434173584,0,0,0,1
36.4,0.6039860297974702,0.30391305662270857,0.7367752234051653,0.23283657250063755,-0.7558256312580918,0.5116895432463179,0.4085357101474498,0.1395521163940429,-0.2528408411289526,-0.8036234599279791,0.5387586135836595,0.8338801860809326,0.0,0.0,0.0,1.0,0.1428568959236145,0.9533211588859558,0.2660278975963592,-0.1651051193475723,0.9710294604301452,-0.1870191395282745,0.1487477570772171,0.2037380039691925,0.1915566772222518,0.2370712757110595,-0.9524198174476624,0.8283536434173584,0,0,0,1
36.43333333333333,0.6039860297974702,0.30391305662270857,0.7367752234051653,0.23184133440539942,-0.7558256312580918,0.5116895432463179,0.4085357101474498,0.1395521163940429,-0.2528408411289526,-0.8036234599279791,0.5387586135836595,0.8338801860809326,0.0,0.0,0.0,1.0,0.1428568959236145,0.9533211588859558,0.2660278975963592,-0.1651051193475723,0.9710294604301452,-0.1870191395282745,0.1487477570772171,0.2037380039691925,0.1915566772222518,0.2370712757110595,-0.9524198174476624,0.8283536434173584,0,0,0,1
36.46666666666667,0.6039860297974702,0.30391305662270857,0.7367752234051653,0.23084609631016134,-0.7558256312580918,0.5116895432463179,0.4085357101474498,0.1395521163940429,-0.2528408411289526,-0.8036234599279791,0.5387586135836595,0.8338801860809326,0.0,0.0,0.0,1.0,0.1428568959236145,0.9533211588859558,0.2660278975963592,-0.1651051193475723,0.9710294604301452,-0.1870191395282745,0.1487477570772171,0.2037380039691925,0.1915566772222518,0.2370712757110595,-0.9524198174476624,0.8283536434173584,0,0,0,1
36.5,0.6039860297974702,0.30391305662270857,0.7367752234051653,0.22985085821492324,-0.7558256312580918,0.5116895432463179,0.4085357101474498,0.1395521163940429,-0.2528408411289526,-0.8036234599279791,0.5387586135836595,0.8338801860809326,0.0,0.0,0.0,1.0,0.1428568959236145,0.9533211588859558,0.2660278975963592,-0.1651051193475723,0.9710294604301452,-0.1870191395282745,0.1487477570772171,0.2037380039691925,0.1915566772222518,0.2370712757110595,-0.9524198174476624,0.8283536434173584,0,0,0,1
36.53333333333333,0.6039860297974702,0.30391305662270857,0.7367752234051653,0.22885562011968513,-0.7558256312580918,0.5116895432463179,0.4085357101474498,0.1395521163940429,-0.2528408411289526,-0.8036234599279791,0.5387586135836595,0.8338801860809326,0.0,0.0,0.0,1.0,0.1428568959236145,0.9533211588859558,0.2660278975963592,-0.1651051193475723,0.9710294604301452,-0.1870191395282745,0.1487477570772171,0.2037380039691925,0.1915566772222518,0.2370712757110595,-0.9524198174476624,0.8283536434173584,0,0,0,1
36.56666666666667,0.6039860297974702,0.30391305662270857,0.7367752234051653,0.22786038202444706,-0.7558256312580918,0.5116895432463179,0.4085357101474498,0.1395521163940429,-0.2528408411289526,-0.8036234599279791,0.5387586135836595,0.8338801860809326,0.0,0.0,0.0,1.0,0.1428568959236145,0.9533211588859558,0.2660278975963592,-0.1651051193475723,0.9710294604301452,-0.1870191395282745,0.1487477570772171,0.2037380039691925,0.1915566772222518,0.2370712757110595,-0.9524198174476624,0.8283536434173584,0,0,0,1
36.6,0.6039860297974702,0.30391305662270857,0.7367752234051653,0.22686514392920895,-0.7558256312580918,0.5116895432463179,0.4085357101474498,0.1395521163940429,-0.2528408411289526,-0.8036234599279791,0.5387586135836595,0.8338801860809326,0.0,0.0,0.0,1.0,0.1428568959236145,0.9533211588859558,0.2660278975963592,-0.1651051193475723,0.9710294604301452,-0.1870191395282745,0.1487477570772171,0.2037380039691925,0.1915566772222518,0.2370712757110595,-0.9524198174476624,0.8283536434173584,0,0,0,1
36.63333333333333,0.6039860297974702,0.30391305662270857,0.7367752234051653,0.22586990583397087,-0.7558256312580918,0.5116895432463179,0.4085357101474498,0.1395521163940429,-0.2528408411289526,-0.8036234599279791,0.5387586135836595,0.8338801860809326,0.0,0.0,0.0,1.0,0.1428568959236145,0.9533211588859558,0.2660278975963592,-0.1651051193475723,0.9710294604301452,-0.1870191395282745,0.1487477570772171,0.2037380039691925,0.1915566772222518,0.2370712757110595,-0.9524198174476624,0.8283536434173584,0,0,0,1
36.666666666666664,0.6039860297974702,0.30391305662270857,0.7367752234051653,0.22487466773873277,-0.7558256312580918,0.5116895432463179,0.4085357101474498,0.1395521163940429,-0.2528408411289526,-0.8036234599279791,0.5387586135836595,0.8338801860809326,0.0,0.0,0.0,1.0,0.1428568959236145,0.9533211588859558,0.2660278975963592,-0.1651051193475723,0.9710294604301452,-0.1870191395282745,0.1487477570772171,0.2037380039691925,0.1915566772222518,0.2370712757110595,-0.9524198174476624,0.8283536434173584,0,0,0,1
36.7,0.6039860297974702,0.30391305662270857,0.7367752234051653,0.22387942964349467,-0.7558256312580918,0.5116895432463179,0.4085357101474498,0.1395521163940429,-0.2528408411289526,-0.8036234599279791,0.5387586135836595,0.8338801860809326,0.0,0.0,0.0,1.0,0.1428568959236145,0.9533211588859558,0.2660278975963592,-0.1651051193475723,0.9710294604301452,-0.1870191395282745,0.1487477570772171,0.2037380039691925,0.1915566772222518,0.2370712757110595,-0.9524198174476624,0.8283536434173584,0,0,0,1
36.733333333333334,0.6039860297974702,0.30391305662270857,0.7367752234051653,0.22288419154825656,-0.7558256312580918,0.5116895432463179,0.4085357101474498,0.1395521163940429,-0.2528408411289526,-0.8036234599279791,0.5387586135836595,0.8338801860809326,0.0,0.0,0.0,1.0,0.1428568959236145,0.9533211588859558,0.2660278975963592,-0.1651051193475723,0.9710294604301452,-0.1870191395282745,0.1487477570772171,0.2037380039691925,0.1915566772222518,0.2370712757110595,-0.9524198174476624,0.8283536434173584,0,0,0,1
36.766666666666666,0.6039860297974702,0.30391305662270857,0.7367752234051653,0.22188895345301846,-0.7558256312580918,0.5116895432463179,0.4085357101474498,0.1395521163940429,-0.2528408411289526,-0.8036234599279791,0.5387586135836595,0.8338801860809326,0.0,0.0,0.0,1.0,0.1428568959236145,0.9533211588859558,0.2660278975963592,-0.1651051193475723,0.9710294604301452,-0.1870191395282745,0.1487477570772171,0.2037380039691925,0.1915566772222518,0.2370712757110595,-0.9524198174476624,0.8283536434173584,0,0,0,1
36.8,0.6039860297974702,0.30391305662270857,0.7367752234051653,0.22089371535778038,-0.7558256312580918,0.5116895432463179,0.4085357101474498,0.1395521163940429,-0.2528408411289526,-0.8036234599279791,0.5387586135836595,0.8338801860809326,0.0,0.0,0.0,1.0,0.1428568959236145,0.9533211588859558,0.2660278975963592,-0.1651051193475723,0.9710294604301452,-0.1870191395282745,0.1487477570772171,0.2037380039691925,0.1915566772222518,0.2370712757110595,-0.9524198174476624,0.8283536434173584,0,0,0,1
36.833333333333336,0.6039860297974702,0.30391305662270857,0.7367752234051653,0.2198984772625423,-0.7558256312580918,0.5116895432463179,0.4085357101474498,0.1395521163940429,-0.2528408411289526,-0.8036234599279791,0.5387586135836595,0.8338801860809326,0.0,0.0,0.0,1.0,0.1428568959236145,0.9533211588859558,0.2660278975963592,-0.1651051193475723,0.9710294604301452,-0.1870191395282745,0.1487477570772171,0.2037380039691925,0.1915566772222518,0.2370712757110595,-0.9524198174476624,0.8283536434173584,0,0,0,1
36.86666666666667,0.6039860297974702,0.30391305662270857,0.7367752234051653,0.2189032391673042,-0.7558256312580918,0.5116895432463179,0.4085357101474498,0.1395521163940429,-0.2528408411289526,-0.8036234599279791,0.5387586135836595,0.8338801860809326,0.0,0.0,0.0,1.0,0.1428568959236145,0.9533211588859558,0.2660278975963592,-0.1651051193475723,0.9710294604301452,-0.1870191395282745,0.1487477570772171,0.2037380039691925,0.1915566772222518,0.2370712757110595,-0.9524198174476624,0.8283536434173584,0,0,0,1
36.9,0.6039860297974702,0.30391305662270857,0.7367752234051653,0.2179080010720661,-0.7558256312580918,0.5116895432463179,0.4085357101474498,0.1395521163940429,-0.2528408411289526,-0.8036234599279791,0.5387586135836595,0.8338801860809326,0.0,0.0,0.0,1.0,0.1428568959236145,0.9533211588859558,0.2660278975963592,-0.1651051193475723,0.9710294604301452,-0.1870191395282745,0.1487477570772171,0.2037380039691925,0.1915566772222518,0.2370712757110595,-0.9524198174476624,0.8283536434173584,0,0,0,1
36.93333333333333,0.6039860297974702,0.30391305662270857,0.7367752234051653,0.216912762976828,-0.7558256312580918,0.5116895432463179,0.4085357101474498,0.1395521163940429,-0.2528408411289526,-0.8036234599279791,0.5387586135836595,0.8338801860809326,0.0,0.0,0.0,1.0,0.1428568959236145,0.9533211588859558,0.2660278975963592,-0.1651051193475723,0.9710294604301452,-0.1870191395282745,0.1487477570772171,0.2037380039691925,0.1915566772222518,0.2370712757110595,-0.9524198174476624,0.8283536434173584,0,0,0,1
36.96666666666667,0.6039860297974702,0.30391305662270857,0.7367752234051653,0.2159175248815899,-0.7558256312580918,0.5116895432463179,0.4085357101474498,0.1395521163940429,-0.2528408411289526,-0.8036234599279791,0.5387586135836595,0.8338801860809326,0.0,0.0,0.0,1.0,0.1428568959236145,0.9533211588859558,0.2660278975963592,-0.1651051193475723,0.9710294604301452,-0.1870191395282745,0.1487477570772171,0.2037380039691925,0.1915566772222518,0.2370712757110595,-0.9524198174476624,0.8283536434173584,0,0,0,1
37.0,0.6039860297974702,0.30391305662270857,0.7367752234051653,0.21492228678635183,-0.7558256312580918,0.5116895432463179,0.4085357101474498,0.1395521163940429,-0.2528408411289526,-0.8036234599279791,0.5387586135836595,0.8338801860809326,0.0,0.0,0.0,1.0,0.1428568959236145,0.9533211588859558,0.2660278975963592,-0.1651051193475723,0.9710294604301452,-0.1870191395282745,0.1487477570772171,0.2037380039691925,0.1915566772222518,0.2370712757110595,-0.9524198174476624,0.8283536434173584,0,0,0,1
37.03333333333333,0.6039860297974702,0.30391305662270857,0.7367752234051653,0.21392704869111373,-0.7558256312580918,0.5116895432463179,0.4085357101474498,0.1395521163940429,-0.2528408411289526,-0.8036234599279791,0.5387586135836595,0.8338801860809326,0.0,0.0,0.0,1.0,0.1428568959236145,0.9533211588859558,0.2660278975963592,-0.1651051193475723,0.9710294604301452,-0.1870191395282745,0.1487477570772171,0.2037380039691925,0.1915566772222518,0.2370712757110595,-0.9524198174476624,0.8283536434173584,0,0,0,1
37.06666666666667,0.6039860297974702,0.30391305662270857,0.7367752234051653,0.21293181059587563,-0.7558256312580918,0.5116895432463179,0.4085357101474498,0.1395521163940429,-0.2528408411289526,-0.8036234599279791,0.5387586135836595,0.8338801860809326,0.0,0.0,0.0,1.0,0.1428568959236145,0.9533211588859558,0.2660278975963592,-0.1651051193475723,0.9710294604301452,-0.1870191395282745,0.1487477570772171,0.2037380039691925,0.1915566772222518,0.2370712757110595,-0.9524198174476624,0.8283536434173584,0,0,0,1
37.1,0.6039860297974702,0.30391305662270857,0.7367752234051653,0.21193657250063752,-0.7558256312580918,0.5116895432463179,0.4085357101474498,0.1395521163940429,-0.2528408411289526,-0.8036234599279791,0.5387586135836595,0.8338801860809326,0.0,0.0,0.0,1.0,0.1428568959236145,0.9533211588859558,0.2660278975963592,-0.1651051193475723,0.9710294604301452,-0.1870191395282745,0.1487477570772171,0.2037380039691925,0.1915566772222518,0.2370712757110595,-0.9524198174476624,0.8283536434173584,0,0,0,1
37.13333333333333,0.6039860297974702,0.30391305662270857,0.7367752234051653,0.21094133440539942,-0.7558256312580918,0.5116895432463179,0.4085357101474498,0.1395521163940429,-0.2528408411289526,-0.8036234599279791,0.5387586135836595,0.8338801860809326,0.0,0.0,0.0,1.0,0.1428568959236145,0.9533211588859558,0.2660278975963592,-0.1651051193475723,0.9710294604301452,-0.1870191395282745,0.1487477570772171,0.2037380039691925,0.1915566772222518,0.2370712757110595,-0.9524198174476624,0.8283536434173584,0,0,0,1
37.166666666666664,0.6039860297974702,0.30391305662270857,0.7367752234051653,0.20994609631016134,-0.7558256312580918,0.5116895432463179,0.4085357101474498,0.1395521163940429,-0.2528408411289526,-0.8036234599279791,0.5387586135836595,0.8338801860809326,0.0,0.0,0.0,1.0,0.1428568959236145,0.9533211588859558,0.2660278975963592,-0.1651051193475723,0.9710294604301452,-0.1870191395282745,0.1487477570772171,0.2037380039691925,0.1915566772222518,0.2370712757110595,-0.9524198174476624,0.8283536434173584,0,0,0,1
37.2,0.6039860297974702,0.30391305662270857,0.7367752234051653,0.20895085821492324,-0.7558256312580918,0.5116895432463179,0.4085357101474498,0.1395521163940429,-0.2528408411289526,-0.8036234599279791,0.5387586135836595,0.8338801860809326,0.0,0.0,0.0,1.0,0.1428568959236145,0.9533211588859558,0.2660278975963592,-0.1651051193475723,0.9710294604301452,-0.1870191395282745,0.1487477570772171,0.2037380039691925,0.1915566772222518,0.2370712757110595,-0.9524198174476624,0.8283536434173584,0,0,0,1
37.233333333333334,0.6039860297974702,0.30391305662270857,0.7367752234051653,0.20795562011968516,-0.7558256312580918,0.5116895432463179,0.4085357101474498,0.1395521163940429,-0.2528408411289526,-0.8036234599279791,0.5387586135836595,0.8338801860809326,0.0,0.0,0.0,1.0,0.1428568959236145,0.9533211588859558,0.2660278975963592,-0.1651051193475723,0.9710294604301452,-0.1870191395282745,0.1487477570772171,0.2037380039691925,0.1915566772222518,0.2370712757110595,-0.9524198174476624,0.8283536434173584,0,0,0,1
37.266666666666666,0.6039860297974702,0.30391305662270857,0.7367752234051653,0.20696038202444705,-0.7558256312580918,0.5116895432463179,0.4085357101474498,0.1395521163940429,-0.2528408411289526,-0.8036234599279791,0.5387586135836595,0.8338801860809326,0.0,0.0,0.0,1.0,0.1428568959236145,0.9533211588859558,0.2660278975963592,-0.1651051193475723,0.9710294604301452,-0.1870191395282745,0.1487477570772171,0.2037380039691925,0.1915566772222518,0.2370712757110595,-0.9524198174476624,0.8283536434173584,0,0,0,1
37.3,0.6039860297974702,0.30391305662270857,0.7367752234051653,0.20596514392920895,-0.7558256312580918,0.5116895432463179,0.4085357101474498,0.1395521163940429,-0.2528408411289526,-0.8036234599279791,0.5387586135836595,0.8338801860809326,0.0,0.0,0.0,1.0,0.1428568959236145,0.9533211588859558,0.2660278975963592,-0.1651051193475723,0.9710294604301452,-0.1870191395282745,0.1487477570772171,0.2037380039691925,0.1915566772222518,0.2370712757110595,-0.9524198174476624,0.8283536434173584,0,0,0,1
37.333333333333336,0.6039860297974702,0.30391305662270857,0.7367752234051653,0.20496990583397087,-0.7558256312580918,0.5116895432463179,0.4085357101474498,0.1395521163940429,-0.2528408411289526,-0.8036234599279791,0.5387586135836595,0.8338801860809326,0.0,0.0,0.0,1.0,0.1428568959236145,0.9533211588859558,0.2660278975963592,-0.1651051193475723,0.9710294604301452,-0.1870191395282745,0.1487477570772171,0.2037380039691925,0.1915566772222518,0.2370712757110595,-0.9524198174476624,0.8283536434173584,0,0,0,1
37.36666666666667,0.6039860297974702,0.30391305662270857,0.7367752234051653,0.20397466773873277,-0.7558256312580918,0.5116895432463179,0.4085357101474498,0.1395521163940429,-0.2528408411289526,-0.8036234599279791,0.5387586135836595,0.8338801860809326,0.0,0.0,0.0,1.0,0.1428568959236145,0.9533211588859558,0.2660278975963592,-0.1651051193475723,0.9710294604301452,-0.1870191395282745,0.1487477570772171,0.2037380039691925,0.1915566772222518,0.2370712757110595,-0.9524198174476624,0.8283536434173584,0,0,0,1
37.4,0.6039860297974702,0.30391305662270857,0.7367752234051653,0.20303183894054683,-0.7558256312580918,0.5116895432463179,0.4085357101474498,0.1395521163940429,-0.2528408411289526,-0.8036234599279791,0.5387586135836595,0.8338801860809326,0.0,0.0,0.0,1.0,0.1428568959236145,0.9533211588859558,0.2660278975963592,-0.1651051193475723,0.9710294604301452,-0.1870191395282745,0.1487477570772171,0.2037380039691925,0.1915566772222518,0.2370712757110595,-0.9524198174476624,0.8283536434173584,0,0,0,1
37.43333333333333,0.6039860297974702,0.30391305662270857,0.7367752234051653,0.20234399250567658,-0.7558256312580918,0.5116895432463179,0.4085357101474498,0.1395521163940429,-0.2528408411289526,-0.8036234599279791,0.5387586135836595,0.8338801860809326,0.0,0.0,0.0,1.0,0.1428568959236145,0.9533211588859558,0.2660278975963592,-0.1651051193475723,0.9710294604301452,-0.1870191395282745,0.1487477570772171,0.2037380039691925,0.1915566772222518,0.2370712757110595,-0.9524198174476624,0.8283536434173584,0,0,0,1
37.46666666666667,0.6039860297974702,0.30391305662270857,0.7367752234051653,0.20193128464475446,-0.7558256312580918,0.5116895432463179,0.4085357101474498,0.1395521163940429,-0.2528408411289526,-0.8036234599279791,0.5387586135836595,0.8338801860809326,0.0,0.0,0.0,1.0,0.1428568959236145,0.9533211588859558,0.2660278975963592,-0.1651051193475723,0.9710294604301452,-0.1870191395282745,0.1487477570772171,0.2037380039691925,0.1915566772222518,0.2370712757110595,-0.9524198174476624,0.8283536434173584,0,0,0,1
37.5,0.6039860297974702,0.30391305662270857,0.7367752234051653,0.2017937153577804,-0.7558256312580918,0.5116895432463179,0.4085357101474498,0.1395521163940429,-0.2528408411289526,-0.8036234599279791,0.5387586135836595,0.8338801860809326,0.0,0.0,0.0,1.0,0.1428568959236145,0.9533211588859558,0.2660278975963592,-0.1651051193475723,0.9710294604301452,-0.1870191395282745,0.1487477570772171,0.2037380039691925,0.1915566772222518,0.2370712757110595,-0.9524198174476624,0.8283536434173584,0,0,0,1
37.53333333333333,0.6039860297974702,0.30391305662270857,0.7367752234051653,0.2017937153577804,-0.7558256312580918,0.5116895432463179,0.4085357101474498,0.1395521163940429,-0.2528408411289526,-0.8036234599279791,0.5387586135836595,0.8338801860809326,0.0,0.0,0.0,1.0,0.1428568959236145,0.9533211588859558,0.2660278975963592,-0.1651051193475723,0.9710294604301452,-0.1870191395282745,0.1487477570772171,0.2037380039691925,0.1915566772222518,0.2370712757110595,-0.9524198174476624,0.8283536434173584,0,0,0,1
37.56666666666667,0.6039860297974702,0.30391305662270857,0.7367752234051653,0.2017937153577804,-0.7558256312580918,0.5116895432463179,0.4085357101474498,0.1395521163940429,-0.2528408411289526,-0.8036234599279791,0.5387586135836595,0.8338801860809326,0.0,0.0,0.0,1.0,0.1428568959236145,0.9533211588859558,0.2660278975963592,-0.1651051193475723,0.9710294604301452,-0.1870191395282745,0.1487477570772171,0.2037380039691925,0.1915566772222518,0.2370712757110595,-0.9524198174476624,0.8283536434173584,0,0,0,1
37.6,0.6039860297974702,0.30391305662270857,0.7367752234051653,0.2017937153577804,-0.7558256312580918,0.5116895432463179,0.4085357101474498,0.1395521163940429,-0.2528408411289526,-0.8036234599279791,0.5387586135836595,0.8338801860809326,0.0,0.0,0.0,1.0,0.1428568959236145,0.9533211588859558,0.2660278975963592,-0.1651051193475723,0.9710294604301452,-0.1870191395282745,0.1487477570772171,0.2037380039691925,0.1915566772222518,0.2370712757110595,-0.9524198174476624,0.8283536434173584,0,0,0,1
37.63333333333333,0.6039860297974702,0.30391305662270857,0.7367752234051653,0.2017937153577804,-0.7558256312580918,0.5116895432463179,0.4085357101474498,0.1395521163940429,-0.2528408411289526,-0.8036234599279791,0.5387586135836595,0.8338801860809326,0.0,0.0,0.0,1.0,0.1428568959236145,0.9533211588859558,0.2660278975963592,-0.1651051193475723,0.9710294604301452,-0.1870191395282745,0.1487477570772171,0.2037380039691925,0.1915566772222518,0.2370712757110595,-0.9524198174476624,0.8283536434173584,0,0,0,1
37.666666666666664,0.6039860297974702,0.30391305662270857,0.7367752234051653,0.2017937153577804,-0.7558256312580918,0.5116895432463179,0.4085357101474498,0.1395521163940429,-0.2528408411289526,-0.8036234599279791,0.5387586135836595,0.8338801860809326,0.0,0.0,0.0,1.0,0.1428568959236145,0.9533211588859558,0.2660278975963592,-0.1651051193475723,0.9710294604301452,-0.1870191395282745,0.1487477570772171,0.2037380039691925,0.1915566772222518,0.2370712757110595,-0.9524198174476624,0.8283536434173584,0,0,0,1
37.7,0.6039860297974702,0.30391305662270857,0.7367752234051653,0.2017937153577804,-0.7558256312580918,0.5116895432463179,0.4085357101474498,0.1395521163940429,-0.2528408411289526,-0.8036234599279791,0.5387586135836595,0.8338801860809326,0.0,0.0,0.0,1.0,0.1428568959236145,0.9533211588859558,0.2660278975963592,-0.1651051193475723,0.9710294604301452,-0.1870191395282745,0.1487477570772171,0.2037380039691925,0.1915566772222518,0.2370712757110595,-0.9524198174476624,0.8283536434173584,0,0,0,1
37.733333333333334,0.6039860297974702,0.30391305662270857,0.7367752234051653,0.2017937153577804,-0.7558256312580918,0.5116895432463179,0.4085357101474498,0.1395521163940429,-0.2528408411289526,-0.8036234599279791,0.5387586135836595,0.8338801860809326,0.0,0.0,0.0,1.0,0.1428568959236145,0.9533211588859558,0.2660278975963592,-0.1651051193475723,0.9710294604301452,-0.1870191395282745,0.1487477570772171,0.2037380039691925,0.1915566772222518,0.2370712757110595,-0.9524198174476624,0.8283536434173584,0,0,0,1
37.766666666666666,0.6039860297974702,0.30391305662270857,0.7367752234051653,0.2017937153577804,-0.7558256312580918,0.5116895432463179,0.4085357101474498,0.1395521163940429,-0.2528408411289526,-0.8036234599279791,0.5387586135836595,0.8338801860809326,0.0,0.0,0.0,1.0,0.1428568959236145,0.9533211588859558,0.2660278975963592,-0.1651051193475723,0.9710294604301452,-0.1870191395282745,0.1487477570772171,0.2037380039691925,0.1915566772222518,0.2370712757110595,-0.9524198174476624,0.8283536434173584,0,0,0,1
37.8,0.6039860297974702,0.30391305662270857,0.7367752234051653,0.2017937153577804,-0.7558256312580918,0.5116895432463179,0.4085357101474498,0.1395521163940429,-0.2528408411289526,-0.8036234599279791,0.5387586135836595,0.8338801860809326,0.0,0.0,0.0,1.0,0.1428568959236145,0.9533211588859558,0.2660278975963592,-0.1651051193475723,0.9710294604301452,-0.1870191395282745,0.1487477570772171,0.2037380039691925,0.1915566772222518,0.2370712757110595,-0.9524198174476624,0.8283536434173584,0,0,0,1
37.833333333333336,0.6039860297974702,0.30391305662270857,0.7367752234051653,0.2017937153577804,-0.7558256312580918,0.5116895432463179,0.4085357101474498,0.1395521163940429,-0.2528408411289526,-0.8036234599279791,0.5387586135836595,0.8338801860809326,0.0,0.0,0.0,1.0,0.1428568959236145,0.9533211588859558,0.2660278975963592,-0.1651051193475723,0.9710294604301452,-0.1870191395282745,0.1487477570772171,0.2037380039691925,0.1915566772222518,0.2370712757110595,-0.9524198174476624,0.8283536434173584,0,0,0,1
37.86666666666667,0.6039860297974702,0.30391305662270857,0.7367752234051653,0.2017937153577804,-0.7558256312580918,0.5116895432463179,0.4085357101474498,0.1395521163940429,-0.2528408411289526,-0.8036234599279791,0.5387586135836595,0.8338801860809326,0.0,0.0,0.0,1.0,0.1428568959236145,0.9533211588859558,0.2660278975963592,-0.1651051193475723,0.9710294604301452,-0.1870191395282745,0.1487477570772171,0.2037380039691925,0.1915566772222518,0.2370712757110595,-0.9524198174476624,0.8283536434173584,0,0,0,1
37.9,0.6039860297974702,0.30391305662270857,0.7367752234051653,0.2017937153577804,-0.7558256312580918,0.5116895432463179,0.4085357101474498,0.1395521163940429,-0.2528408411289526,-0.8036234599279791,0.5387586135836595,0.8338801860809326,0.0,0.0,0.0,1.0,0.1428568959236145,0.9533211588859558,0.2660278975963592,-0.1651051193475723,0.9710294604301452,-0.1870191395282745,0.1487477570772171,0.2037380039691925,0.1915566772222518,0.2370712757110595,-0.9524198174476624,0.8283536434173584,0,0,0,1
37.93333333333333,0.6039860297974702,0.30391305662270857,0.7367752234051653,0.2017937153577804,-0.7558256312580918,0.5116895432463179,0.4085357101474498,0.1395521163940429,-0.2528408411289526,-0.8036234599279791,0.5387586135836595,0.8338801860809326,0.0,0.0,0.0,1.0,0.1428568959236145,0.9533211588859558,0.2660278975963592,-0.1651051193475723,0.9710294604301452,-0.1870191395282745,0.1487477570772171,0.2037380039691925,0.1915566772222518,0.2370712757110595,-0.9524198174476624,0.8283536434173584,0,0,0,1
37.96666666666667,0.6039860297974702,0.30391305662270857,0.7367752234051653,0.2017937153577804,-0.7558256312580918,0.5116895432463179,0.4085357101474498,0.1395521163940429,-0.2528408411289526,-0.8036234599279791,0.5387586135836595,0.8338801860809326,0.0,0.0,0.0,1.0,0.1428568959236145,0.9533211588859558,0.2660278975963592,-0.1651051193475723,0.9710294604301452,-0.1870191395282745,0.1487477570772171,0.2037380039691925,0.1915566772222518,0.2370712757110595,-0.9524198174476624,0.8283536434173584,0,0,0,1
38.0,0.6039860297974702,0.30391305662270857,0.7367752234051653,0.2017937153577804,-0.7558256312580918,0.5116895432463179,0.4085357101474498,0.1395521163940429,-0.2528408411289526,-0.8036234599279791,0.5387586135836595,0.8338801860809326,0.0,0.0,0.0,1.0,0.1428568959236145,0.9533211588859558,0.2660278975963592,-0.1651051193475723,0.9710294604301452,-0.1870191395282745,0.1487477570772171,0.2037380039691925,0.1915566772222518,0.2370712757110595,-0.9524198174476624,0.8283536434173584,0,0,0,1
38.03333333333333,0.6039860297974702,0.30391305662270857,0.7367752234051653,0.2017937153577804,-0.7558256312580918,0.5116895432463179,0.4085357101474498,0.1395521163940429,-0.2528408411289526,-0.8036234599279791,0.5387586135836595,0.8338801860809326,0.0,0.0,0.0,1.0,0.1428568959236145,0.9533211588859558,0.2660278975963592,-0.1651051193475723,0.9710294604301452,-0.1870191395282745,0.1487477570772171,0.2037380039691925,0.1915566772222518,0.2370712757110595,-0.9524198174476624,0.8283536434173584,0,0,0,1
38.06666666666667,0.6039860297974702,0.30391305662270857,0.7367752234051653,0.2017937153577804,-0.7558256312580918,0.5116895432463179,0.4085357101474498,0.1395521163940429,-0.2528408411289526,-0.8036234599279791,0.5387586135836595,0.8338801860809326,0.0,0.0,0.0,1.0,0.1428568959236145,0.9533211588859558,0.2660278975963592,-0.1651051193475723,0.9710294604301452,-0.1870191395282745,0.1487477570772171,0.2037380039691925,0.1915566772222518,0.2370712757110595,-0.9524198174476624,0.8283536434173584,0,0,0,1
38.1,0.6039860297974702,0.30391305662270857,0.7367752234051653,0.2017937153577804,-0.7558256312580918,0.5116895432463179,0.4085357101474498,0.1395521163940429,-0.2528408411289526,-0.8036234599279791,0.5387586135836595,0.8338801860809326,0.0,0.0,0.0,1.0,0.1428568959236145,0.9533211588859558,0.2660278975963592,-0.1651051193475723,0.9710294604301452,-0.1870191395282745,0.1487477570772171,0.2037380039691925,0.1915566772222518,0.2370712757110595,-0.9524198174476624,0.8283536434173584,0,0,0,1
38.13333333333333,0.6039860297974702,0.30391305662270857,0.7367752234051653,0.2017937153577804,-0.7558256312580918,0.5116895432463179,0.4085357101474498,0.1395521163940429,-0.2528408411289526,-0.8036234599279791,0.5387586135836595,0.8338801860809326,0.0,0.0,0.0,1.0,0.1428568959236145,0.9533211588859558,0.2660278975963592,-0.1651051193475723,0.9710294604301452,-0.1870191395282745,0.1487477570772171,0.2037380039691925,0.1915566772222518,0.2370712757110595,-0.9524198174476624,0.8283536434173584,0,0,0,1
38.166666666666664,0.6039860297974702,0.30391305662270857,0.7367752234051653,0.2017937153577804,-0.7558256312580918,0.5116895432463179,0.4085357101474498,0.1395521163940429,-0.2528408411289526,-0.8036234599279791,0.5387586135836595,0.8338801860809326,0.0,0.0,0.0,1.0,0.1428568959236145,0.9533211588859558,0.2660278975963592,-0.1651051193475723,0.9710294604301452,-0.1870191395282745,0.1487477570772171,0.2037380039691925,0.1915566772222518,0.2370712757110595,-0.9524198174476624,0.8283536434173584,0,0,0,1
38.2,0.6039860297974702,0.30391305662270857,0.7367752234051653,0.2017937153577804,-0.7558256312580918,0.5116895432463179,0.4085357101474498,0.1395521163940429,-0.2528408411289526,-0.8036234599279791,0.5387586135836595,0.8338801860809326,0.0,0.0,0.0,1.0,0.1428568959236145,0.9533211588859558,0.2660278975963592,-0.1651051193475723,0.9710294604301452,-0.1870191395282745,0.1487477570772171,0.2037380039691925,0.1915566772222518,0.2370712757110595,-0.9524198174476624,0.8283536434173584,0,0,0,1
38.233333333333334,0.6039860297974702,0.30391305662270857,0.7367752234051653,0.2017937153577804,-0.7558256312580918,0.5116895432463179,0.4085357101474498,0.1395521163940429,-0.2528408411289526,-0.8036234599279791,0.5387586135836595,0.8338801860809326,0.0,0.0,0.0,1.0,0.1428568959236145,0.9533211588859558,0.2660278975963592,-0.1651051193475723,0.9710294604301452,-0.1870191395282745,0.1487477570772171,0.2037380039691925,0.1915566772222518,0.2370712757110595,-0.9524198174476624,0.8283536434173584,0,0,0,1
38.266666666666666,0.6039860297974702,0.30391305662270857,0.7367752234051653,0.2017937153577804,-0.7558256312580918,0.5116895432463179,0.4085357101474498,0.1395521163940429,-0.2528408411289526,-0.8036234599279791,0.5387586135836595,0.8338801860809326,0.0,0.0,0.0,1.0,0.1428568959236145,0.9533211588859558,0.2660278975963592,-0.1651051193475723,0.9710294604301452,-0.1870191395282745,0.1487477570772171,0.2037380039691925,0.1915566772222518,0.2370712757110595,-0.9524198174476624,0.8283536434173584,0,0,0,1
38.3,0.6039860297974702,0.30391305662270857,0.7367752234051653,0.2017937153577804,-0.7558256312580918,0.5116895432463179,0.4085357101474498,0.1395521163940429,-0.2528408411289526,-0.8036234599279791,0.5387586135836595,0.8338801860809326,0.0,0.0,0.0,1.0,0.1428568959236145,0.9533211588859558,0.2660278975963592,-0.1651051193475723,0.9710294604301452,-0.1870191395282745,0.1487477570772171,0.2037380039691925,0.1915566772222518,0.2370712757110595,-0.9524198174476624,0.8283536434173584,0,0,0,1
38.333333333333336,0.6039860297974702,0.30391305662270857,0.7367752234051653,0.2017937153577804,-0.7558256312580918,0.5116895432463179,0.4085357101474498,0.1395521163940429,-0.2528408411289526,-0.8036234599279791,0.5387586135836595,0.8338801860809326,0.0,0.0,0.0,1.0,0.1428568959236145,0.9533211588859558,0.2660278975963592,-0.1651051193475723,0.9710294604301452,-0.1870191395282745,0.1487477570772171,0.2037380039691925,0.1915566772222518,0.2370712757110595,-0.9524198174476624,0.8283536434173584,0,0,0,1
38.36666666666667,0.6039860297974702,0.30391305662270857,0.7367752234051653,0.2017937153577804,-0.7558256312580918,0.5116895432463179,0.4085357101474498,0.1395521163940429,-0.2528408411289526,-0.8036234599279791,0.5387586135836595,0.8338801860809326,0.0,0.0,0.0,1.0,0.1428568959236145,0.9533211588859558,0.2660278975963592,-0.1651051193475723,0.9710294604301452,-0.1870191395282745,0.1487477570772171,0.2037380039691925,0.1915566772222518,0.2370712757110595,-0.9524198174476624,0.8283536434173584,0,0,0,1
38.4,0.6039860297974702,0.30391305662270857,0.7367752234051653,0.2017937153577804,-0.7558256312580918,0.5116895432463179,0.4085357101474498,0.1395521163940429,-0.2528408411289526,-0.8036234599279791,0.5387586135836595,0.8338801860809326,0.0,0.0,0.0,1.0,0.1428568959236145,0.9533211588859558,0.2660278975963592,-0.1651051193475723,0.9710294604301452,-0.1870191395282745,0.1487477570772171,0.2037380039691925,0.1915566772222518,0.2370712757110595,-0.9524198174476624,0.8283536434173584,0,0,0,1
38.43333333333333,0.6039860297974702,0.30391305662270857,0.7367752234051653,0.2017937153577804,-0.7558256312580918,0.5116895432463179,0.4085357101474498,0.1395521163940429,-0.2528408411289526,-0.8036234599279791,0.5387586135836595,0.8338801860809326,0.0,0.0,0.0,1.0,0.1428568959236145,0.9533211588859558,0.2660278975963592,-0.1651051193475723,0.9710294604301452,-0.1870191395282745,0.1487477570772171,0.2037380039691925,0.1915566772222518,0.2370712757110595,-0.9524198174476624,0.8283536434173584,0,0,0,1
38.46666666666667,0.6039860297974702,0.30391305662270857,0.7367752234051653,0.2017937153577804,-0.7558256312580918,0.5116895432463179,0.4085357101474498,0.1395521163940429,-0.2528408411289526,-0.8036234599279791,0.5387586135836595,0.8338801860809326,0.0,0.0,0.0,1.0,0.1428568959236145,0.9533211588859558,0.2660278975963592,-0.1651051193475723,0.9710294604301452,-0.1870191395282745,0.1487477570772171,0.2037380039691925,0.1915566772222518,0.2370712757110595,-0.9524198174476624,0.8283536434173584,0,0,0,1
38.5,0.6039860297974702,0.30391305662270857,0.7367752234051653,0.2017937153577804,-0.7558256312580918,0.5116895432463179,0.4085357101474498,0.1395521163940429,-0.2528408411289526,-0.8036234599279791,0.5387586135836595,0.8338801860809326,0.0,0.0,0.0,1.0,0.1428568959236145,0.9533211588859558,0.2660278975963592,-0.1651051193475723,0.9710294604301452,-0.1870191395282745,0.1487477570772171,0.2037380039691925,0.1915566772222518,0.2370712757110595,-0.9524198174476624,0.8283536434173584,0,0,0,1
38.53333333333333,0.6039860297974702,0.30391305662270857,0.7367752234051653,0.2017937153577804,-0.7558256312580918,0.5116895432463179,0.4085357101474498,0.1395521163940429,-0.2528408411289526,-0.8036234599279791,0.5387586135836595,0.8338801860809326,0.0,0.0,0.0,1.0,0.1428568959236145,0.9533211588859558,0.2660278975963592,-0.1651051193475723,0.9710294604301452,-0.1870191395282745,0.1487477570772171,0.2037380039691925,0.1915566772222518,0.2370712757110595,-0.9524198174476624,0.8283536434173584,0,0,0,1
38.56666666666667,0.6039860297974702,0.30391305662270857,0.7367752234051653,0.2017937153577804,-0.7558256312580918,0.5116895432463179,0.4085357101474498,0.1395521163940429,-0.2528408411289526,-0.8036234599279791,0.5387586135836595,0.8338801860809326,0.0,0.0,0.0,1.0,0.1428568959236145,0.9533211588859558,0.2660278975963592,-0.1651051193475723,0.9710294604301452,-0.1870191395282745,0.1487477570772171,0.2037380039691925,0.1915566772222518,0.2370712757110595,-0.9524198174476624,0.8283536434173584,0,0,0,1
38.6,0.6039860297974702,0.30391305662270857,0.7367752234051653,0.2017937153577804,-0.7558256312580918,0.5116895432463179,0.4085357101474498,0.1395521163940429,-0.2528408411289526,-0.8036234599279791,0.5387586135836595,0.8338801860809326,0.0,0.0,0.0,1.0,0.1428568959236145,0.9533211588859558,0.2660278975963592,-0.1651051193475723,0.9710294604301452,-0.1870191395282745,0.1487477570772171,0.2037380039691925,0.1915566772222518,0.2370712757110595,-0.9524198174476624,0.8283536434173584,0,0,0,1
38.63333333333333,0.6039860297974702,0.30391305662270857,0.7367752234051653,0.2017937153577804,-0.7558256312580918,0.5116895432463179,0.4085357101474498,0.1395521163940429,-0.2528408411289526,-0.8036234599279791,0.5387586135836595,0.8338801860809326,0.0,0.0,0.0,1.0,0.1428568959236145,0.9533211588859558,0.2660278975963592,-0.1651051193475723,0.9710294604301452,-0.1870191395282745,0.1487477570772171,0.2037380039691925,0.1915566772222518,0.2370712757110595,-0.9524198174476624,0.8283536434173584,0,0,0,1
38.666666666666664,0.6039860297974702,0.30391305662270857,0.7367752234051653,0.2017937153577804,-0.7558256312580918,0.5116895432463179,0.4085357101474498,0.1395521163940429,-0.2528408411289526,-0.8036234599279791,0.5387586135836595,0.8338801860809326,0.0,0.0,0.0,1.0,0.1428568959236145,0.9533211588859558,0.2660278975963592,-0.1651051193475723,0.9710294604301452,-0.1870191395282745,0.1487477570772171,0.2037380039691925,0.1915566772222518,0.2370712757110595,-0.9524198174476624,0.8283536434173584,0,0,0,1
38.7,0.6039860297974702,0.30391305662270857,0.7367752234051653,0.2017937153577804,-0.7558256312580918,0.5116895432463179,0.4085357101474498,0.1395521163940429,-0.2528408411289526,-0.8036234599279791,0.5387586135836595,0.8338801860809326,0.0,0.0,0.0,1.0,0.1428568959236145,0.9533211588859558,0.2660278975963592,-0.1651051193475723,0.9710294604301452,-0.1870191395282745,0.1487477570772171,0.2037380039691925,0.1915566772222518,0.2370712757110595,-0.9524198174476624,0.8283536434173584,0,0,0,1
38.733333333333334,0.6039860297974702,0.30391305662270857,0.7367752234051653,0.2017937153577804,-0.7558256312580918,0.5116895432463179,0.4085357101474498,0.1395521163940429,-0.2528408411289526,-0.8036234599279791,0.5387586135836595,0.8338801860809326,0.0,0.0,0.0,1.0,0.1428568959236145,0.9533211588859558,0.2660278975963592,-0.1651051193475723,0.9710294604301452,-0.1870191395282745,0.1487477570772171,0.2037380039691925,0.1915566772222518,0.2370712757110595,-0.9524198174476624,0.8283536434173584,0,0,0,1
38.766666666666666,0.6039860297974702,0.30391305662270857,0.7367752234051653,0.2017937153577804,-0.7558256312580918,0.5116895432463179,0.4085357101474498,0.1395521163940429,-0.2528408411289526,-0.8036234599279791,0.5387586135836595,0.8338801860809326,0.0,0.0,0.0,1.0,0.1428568959236145,0.9533211588859558,0.2660278975963592,-0.1651051193475723,0.9710294604301452,-0.1870191395282745,0.1487477570772171,0.2037380039691925,0.1915566772222518,0.2370712757110595,-0.9524198174476624,0.8283536434173584,0,0,0,1
38.8,0.6039860297974702,0.30391305662270857,0.7367752234051653,0.2017937153577804,-0.7558256312580918,0.5116895432463179,0.4085357101474498,0.1395521163940429,-0.2528408411289526,-0.8036234599279791,0.5387586135836595,0.8338801860809326,0.0,0.0,0.0,1.0,0.1428568959236145,0.9533211588859558,0.2660278975963592,-0.1651051193475723,0.9710294604301452,-0.1870191395282745,0.1487477570772171,0.2037380039691925,0.1915566772222518,0.2370712757110595,-0.9524198174476624,0.8283536434173584,0,0,0,1
38.833333333333336,0.6039860297974702,0.30391305662270857,0.7367752234051653,0.2017937153577804,-0.7558256312580918,0.5116895432463179,0.4085357101474498,0.1395521163940429,-0.2528408411289526,-0.8036234599279791,0.5387586135836595,0.8338801860809326,0.0,0.0,0.0,1.0,0.1428568959236145,0.9533211588859558,0.2660278975963592,-0.1651051193475723,0.9710294604301452,-0.1870191395282745,0.1487477570772171,0.2037380039691925,0.1915566772222518,0.2370712757110595,-0.9524198174476624,0.8283536434173584,0,0,0,1
38.86666666666667,0.6039860297974702,0.30391305662270857,0.7367752234051653,0.2017937153577804,-0.7558256312580918,0.5116895432463179,0.4085357101474498,0.1395521163940429,-0.2528408411289526,-0.8036234599279791,0.5387586135836595,0.8338801860809326,0.0,0.0,0.0,1.0,0.1428568959236145,0.9533211588859558,0.2660278975963592,-0.1651051193475723,0.9710294604301452,-0.1870191395282745,0.1487477570772171,0.2037380039691925,0.1915566772222518,0.2370712757110595,-0.9524198174476624,0.8283536434173584,0,0,0,1
38.9,0.6039860297974702,0.30391305662270857,0.7367752234051653,0.2017937153577804,-0.7558256312580918,0.5116895432463179,0.4085357101474498,0.1395521163940429,-0.2528408411289526,-0.8036234599279791,0.5387586135836595,0.8338801860809326,0.0,0.0,0.0,1.0,0.1428568959236145,0.9533211588859558,0.2660278975963592,-0.1651051193475723,0.9710294604301452,-0.1870191395282745,0.1487477570772171,0.2037380039691925,0.1915566772222518,0.2370712757110595,-0.9524198174476624,0.8283536434173584,0,0,0,1
38.93333333333333,0.6039860297974702,0.30391305662270857,0.7367752234051653,0.2017937153577804,-0.7558256312580918,0.5116895432463179,0.4085357101474498,0.1395521163940429,-0.2528408411289526,-0.8036234599279791,0.5387586135836595,0.8338801860809326,0.0,0.0,0.0,1.0,0.1428568959236145,0.9533211588859558,0.2660278975963592,-0.1651051193475723,0.9710294604301452,-0.1870191395282745,0.1487477570772171,0.2037380039691925,0.1915566772222518,0.2370712757110595,-0.9524198174476624,0.8283536434173584,0,0,0,1
38.96666666666667,0.6039860297974702,0.30391305662270857,0.7367752234051653,0.2017937153577804,-0.7558256312580918,0.5116895432463179,0.4085357101474498,0.1395521163940429,-0.2528408411289526,-0.8036234599279791,0.5387586135836595,0.8338801860809326,0.0,0.0,0.0,1.0,0.1428568959236145,0.9533211588859558,0.2660278975963592,-0.1651051193475723,0.9710294604301452,-0.1870191395282745,0.1487477570772171,0.2037380039691925,0.1915566772222518,0.2370712757110595,-0.9524198174476624,0.8283536434173584,0,0,0,1
39.0,0.6039860297974702,0.30391305662270857,0.7367752234051653,0.2017937153577804,-0.7558256312580918,0.5116895432463179,0.4085357101474498,0.1395521163940429,-0.2528408411289526,-0.8036234599279791,0.5387586135836595,0.8338801860809326,0.0,0.0,0.0,1.0,0.1428568959236145,0.9533211588859558,0.2660278975963592,-0.1651051193475723,0.9710294604301452,-0.1870191395282745,0.1487477570772171,0.2037380039691925,0.1915566772222518,0.2370712757110595,-0.9524198174476624,0.8283536434173584,0,0,0,1
39.03333333333333,0.6039860297974702,0.30391305662270857,0.7367752234051653,0.2017937153577804,-0.7558256312580918,0.5116895432463179,0.4085357101474498,0.1395521163940429,-0.2528408411289526,-0.8036234599279791,0.5387586135836595,0.8338801860809326,0.0,0.0,0.0,1.0,0.1428568959236145,0.9533211588859558,0.2660278975963592,-0.1651051193475723,0.9710294604301452,-0.1870191395282745,0.1487477570772171,0.2037380039691925,0.1915566772222518,0.2370712757110595,-0.9524198174476624,0.8283536434173584,0,0,0,1
39.06666666666667,0.6039860297974702,0.30391305662270857,0.7367752234051653,0.2017937153577804,-0.7558256312580918,0.5116895432463179,0.4085357101474498,0.1395521163940429,-0.2528408411289526,-0.8036234599279791,0.5387586135836595,0.8338801860809326,0.0,0.0,0.0,1.0,0.1428568959236145,0.9533211588859558,0.2660278975963592,-0.1651051193475723,0.9710294604301452,-0.1870191395282745,0.1487477570772171,0.2037380039691925,0.1915566772222518,0.2370712757110595,-0.9524198174476624,0.8283536434173584,0,0,0,1
39.1,0.6039860297974702,0.30391305662270857,0.7367752234051653,0.2017937153577804,-0.7558256312580918,0.5116895432463179,0.4085357101474498,0.1395521163940429,-0.2528408411289526,-0.8036234599279791,0.5387586135836595,0.8338801860809326,0.0,0.0,0.0,1.0,0.1428568959236145,0.9533211588859558,0.2660278975963592,-0.1651051193475723,0.9710294604301452,-0.1870191395282745,0.1487477570772171,0.2037380039691925,0.1915566772222518,0.2370712757110595,-0.9524198174476624,0.8283536434173584,0,0,0,1
39.13333333333333,0.6039860297974702,0.30391305662270857,0.7367752234051653,0.2017937153577804,-0.7558256312580918,0.5116895432463179,0.4085357101474498,0.1395521163940429,-0.2528408411289526,-0.8036234599279791,0.5387586135836595,0.8338801860809326,0.0,0.0,0.0,1.0,0.1428568959236145,0.9533211588859558,0.2660278975963592,-0.1651051193475723,0.9710294604301452,-0.1870191395282745,0.1487477570772171,0.2037380039691925,0.1915566772222518,0.2370712757110595,-0.9524198174476624,0.8283536434173584,0,0,0,1
39.166666666666664,0.6039860297974702,0.30391305662270857,0.7367752234051653,0.2017937153577804,-0.7558256312580918,0.5116895432463179,0.4085357101474498,0.1395521163940429,-0.2528408411289526,-0.8036234599279791,0.5387586135836595,0.8338801860809326,0.0,0.0,0.0,1.0,0.1428568959236145,0.9533211588859558,0.2660278975963592,-0.1651051193475723,0.9710294604301452,-0.1870191395282745,0.1487477570772171,0.2037380039691925,0.1915566772222518,0.2370712757110595,-0.9524198174476624,0.8283536434173584,0,0,0,1
39.2,0.6039860297974702,0.30391305662270857,0.7367752234051653,0.2017937153577804,-0.7558256312580918,0.5116895432463179,0.4085357101474498,0.1395521163940429,-0.2528408411289526,-0.8036234599279791,0.5387586135836595,0.8338801860809326,0.0,0.0,0.0,1.0,0.1428568959236145,0.9533211588859558,0.2660278975963592,-0.1651051193475723,0.9710294604301452,-0.1870191395282745,0.1487477570772171,0.2037380039691925,0.1915566772222518,0.2370712757110595,-0.9524198174476624,0.8283536434173584,0,0,0,1
39.233333333333334,0.6039860297974702,0.30391305662270857,0.7367752234051653,0.2017937153577804,-0.7558256312580918,0.5116895432463179,0.4085357101474498,0.1395521163940429,-0.2528408411289526,-0.8036234599279791,0.5387586135836595,0.8338801860809326,0.0,0.0,0.0,1.0,0.1428568959236145,0.9533211588859558,0.2660278975963592,-0.1651051193475723,0.9710294604301452,-0.1870191395282745,0.1487477570772171,0.2037380039691925,0.1915566772222518,0.2370712757110595,-0.9524198174476624,0.8283536434173584,0,0,0,1
39.266666666666666,0.6039860297974702,0.30391305662270857,0.7367752234051653,0.2017937153577804,-0.7558256312580918,0.5116895432463179,0.4085357101474498,0.1395521163940429,-0.2528408411289526,-0.8036234599279791,0.5387586135836595,0.8338801860809326,0.0,0.0,0.0,1.0,0.1428568959236145,0.9533211588859558,0.2660278975963592,-0.1651051193475723,0.9710294604301452,-0.1870191395282745,0.1487477570772171,0.2037380039691925,0.1915566772222518,0.2370712757110595,-0.9524198174476624,0.8283536434173584,0,0,0,1
39.3,0.6039860297974702,0.30391305662270857,0.7367752234051653,0.2017937153577804,-0.7558256312580918,0.5116895432463179,0.4085357101474498,0.1395521163940429,-0.2528408411289526,-0.8036234599279791,0.5387586135836595,0.8338801860809326,0.0,0.0,0.0,1.0,0.1428568959236145,0.9533211588859558,0.2660278975963592,-0.1651051193475723,0.9710294604301452,-0.1870191395282745,0.1487477570772171,0.2037380039691925,0.1915566772222518,0.2370712757110595,-0.9524198174476624,0.8283536434173584,0,0,0,1
39.333333333333336,0.6039860297974702,0.30391305662270857,0.7367752234051653,0.2017937153577804,-0.7558256312580918,0.5116895432463179,0.4085357101474498,0.1395521163940429,-0.2528408411289526,-0.8036234599279791,0.5387586135836595,0.8338801860809326,0.0,0.0,0.0,1.0,0.1428568959236145,0.9533211588859558,0.2660278975963592,-0.1651051193475723,0.9710294604301452,-0.1870191395282745,0.1487477570772171,0.2037380039691925,0.1915566772222518,0.2370712757110595,-0.9524198174476624,0.8283536434173584,0,0,0,1
39.36666666666667,0.6039860297974702,0.30391305662270857,0.7367752234051653,0.2017937153577804,-0.7558256312580918,0.5116895432463179,0.4085357101474498,0.1395521163940429,-0.2528408411289526,-0.8036234599279791,0.5387586135836595,0.8338801860809326,0.0,0.0,0.0,1.0,0.1428568959236145,0.9533211588859558,0.2660278975963592,-0.1651051193475723,0.9710294604301452,-0.1870191395282745,0.1487477570772171,0.2037380039691925,0.1915566772222518,0.2370712757110595,-0.9524198174476624,0.8283536434173584,0,0,0,1
39.4,0.6039860297974702,0.30391305662270857,0.7367752234051653,0.2017937153577804,-0.7558256312580918,0.5116895432463179,0.4085357101474498,0.1395521163940429,-0.2528408411289526,-0.8036234599279791,0.5387586135836595,0.8338801860809326,0.0,0.0,0.0,1.0,0.1428568959236145,0.9533211588859558,0.2660278975963592,-0.1651051193475723,0.9710294604301452,-0.1870191395282745,0.1487477570772171,0.2037380039691925,0.1915566772222518,0.2370712757110595,-0.9524198174476624,0.8283536434173584,0,0,0,1
39.43333333333333,0.6039860297974702,0.30391305662270857,0.7367752234051653,0.2017937153577804,-0.7558256312580918,0.5116895432463179,0.4085357101474498,0.1395521163940429,-0.2528408411289526,-0.8036234599279791,0.5387586135836595,0.8338801860809326,0.0,0.0,0.0,1.0,0.1428568959236145,0.9533211588859558,0.2660278975963592,-0.1651051193475723,0.9710294604301452,-0.1870191395282745,0.1487477570772171,0.2037380039691925,0.1915566772222518,0.2370712757110595,-0.9524198174476624,0.8283536434173584,0,0,0,1
39.46666666666667,0.6039860297974702,0.30391305662270857,0.7367752234051653,0.2017937153577804,-0.7558256312580918,0.5116895432463179,0.4085357101474498,0.1395521163940429,-0.2528408411289526,-0.8036234599279791,0.5387586135836595,0.8338801860809326,0.0,0.0,0.0,1.0,0.1428568959236145,0.9533211588859558,0.2660278975963592,-0.1651051193475723,0.9710294604301452,-0.1870191395282745,0.1487477570772171,0.2037380039691925,0.1915566772222518,0.2370712757110595,-0.9524198174476624,0.8283536434173584,0,0,0,1
39.5,0.6039860297974702,0.30391305662270857,0.7367752234051653,0.2017937153577804,-0.7558256312580918,0.5116895432463179,0.4085357101474498,0.1395521163940429,-0.2528408411289526,-0.8036234599279791,0.5387586135836595,0.8338801860809326,0.0,0.0,0.0,1.0,0.1428568959236145,0.9533211588859558,0.2660278975963592,-0.1651051193475723,0.9710294604301452,-0.1870191395282745,0.1487477570772171,0.2037380039691925,0.1915566772222518,0.2370712757110595,-0.9524198174476624,0.8283536434173584,0,0,0,1
